CASE_ID,ACCIDENT_YEAR,PROC_DATE,JURIS,COLLISION_DATE,COLLISION_TIME,OFFICER_ID,REPORTING_DISTRICT,DAY_OF_WEEK,CHP_SHIFT,POPULATION,CNTY_CITY_LOC,SPECIAL_COND,BEAT_TYPE,CHP_BEAT_TYPE,CITY_DIVISION_LAPD,CHP_BEAT_CLASS,BEAT_NUMBER,PRIMARY_RD,SECONDARY_RD,DISTANCE,DIRECTION,INTERSECTION,WEATHER_1,WEATHER_2,STATE_HWY_IND,CALTRANS_COUNTY,CALTRANS_DISTRICT,STATE_ROUTE,ROUTE_SUFFIX,POSTMILE_PREFIX,POSTMILE,LOCATION_TYPE,RAMP_INTERSECTION,SIDE_OF_HWY,TOW_AWAY,COLLISION_SEVERITY,NUMBER_KILLED,NUMBER_INJURED,PARTY_COUNT,PRIMARY_COLL_FACTOR,PCF_CODE_OF_VIOL,PCF_VIOL_CATEGORY,PCF_VIOLATION,PCF_VIOL_SUBSECTION,HIT_AND_RUN,TYPE_OF_COLLISION,MVIW,PED_ACTION,ROAD_SURFACE,ROAD_COND_1,ROAD_COND_2,LIGHTING,CONTROL_DEVICE,CHP_ROAD_TYPE,PEDESTRIAN_ACCIDENT,BICYCLE_ACCIDENT,MOTORCYCLE_ACCIDENT,TRUCK_ACCIDENT,NOT_PRIVATE_PROPERTY,ALCOHOL_INVOLVED,STWD_VEHTYPE_AT_FAULT,CHP_VEHTYPE_AT_FAULT,COUNT_SEVERE_INJ,COUNT_VISIBLE_INJ,COUNT_COMPLAINT_PAIN,COUNT_PED_KILLED,COUNT_PED_INJURED,COUNT_BICYCLIST_KILLED,COUNT_BICYCLIST_INJURED,COUNT_MC_KILLED,COUNT_MC_INJURED,PRIMARY_RAMP,SECONDARY_RAMP,LATITUDE,LONGITUDE,COUNTY,CITY,POINT_X,POINT_Y
6350156,2016,2017-02-11,1942,2016-02-14,1455,35903,2175,7,5,7,1942,0,0,0,,0,21X28,"CALIFA ST","TOPANGA CANYON BL",0.00,,Y,A,-,Y,LA,7,27,-,-,12.881,I,6,N,N,4,0,1,2,A,-,21,22106,,N,D,G,A,A,H,-,A,D,0,,Y,,,Y,,A,07,0,0,1,0,0,0,1,0,0,"- ","- ",,,"LOS ANGELES","LOS ANGELES",-118.60490421999999,34.177253649999997
6351376,2016,2017-02-11,1941,2016-03-06,0905,10784,,7,5,7,1941,0,0,0,,0,901,"PACIFIC COAST HWY","LIGHT POLE #L01379",21.00,E,N,A,-,Y,LA,7,1,-,-,5.800,H,-,S,N,4,0,1,2,A,-,08,22107,,N,D,G,A,A,H,-,A,D,0,,Y,,,Y,,A,,0,0,1,0,0,0,1,0,0,"- ","- ",,,"LOS ANGELES","LONG BEACH",-118.18129026,33.78980731
6678181,2017,2019-04-05,1900,2017-06-23,0629,552548,2610,5,5,6,1950,0,0,0,,0,262T1,"RT 138","9TH ST EAST",227.00,W,N,A,-,Y,LA,7,138,-,-,44.510,H,-,E,Y,1,1,0,2,A,-,00,23153,F,N,G,B,F,A,H,-,A,A,0,Y,,,Y,Y,,G,25,0,0,0,1,0,0,0,0,0,"- ","- ",,,"LOS ANGELES",PALMDALE,-118.11504313,34.57953345
6678210,2017,2018-01-23,1942,2017-11-09,2015,41111,1134,4,5,7,1942,0,0,0,K,0,11A89,"N SAN FERNANDO RD","RT 2",0.00,,Y,A,-,Y,LA,7,2,-,-,16.138,R,4,W,Y,1,1,1,2,A,-,10,21950,A,N,G,B,C,A,H,-,C,D,0,Y,,,,Y,,A,01,0,1,0,1,0,0,0,0,0,"- ",WO,,,"LOS ANGELES","LOS ANGELES",-118.24226827,34.114540169999998
6678324,2017,2019-04-05,1900,2017-09-23,2145,510568,0560,6,5,3,1968,0,0,0,,0,55T1,"ROSEMEAD BL","KLINGERMAN ST",24.00,S,N,A,-,Y,LA,7,164,-,-,4.300,H,-,S,N,1,1,0,2,A,-,02,21654,A,N,H,G,A,A,H,-,C,D,0,,Y,,,Y,,L,04,0,0,0,0,0,1,0,0,0,"- ","- ",34.055160000000001,-118.06433,"LOS ANGELES","SOUTH EL MONTE",-118.06442177,34.05534084
6678328,2017,2018-01-30,1976,2017-10-24,1750,452,1976,2,5,5,1976,0,0,0,,0,004,"WHITTIER BL","VALLEY HOME AV",308.00,W,N,A,-,Y,LA,7,72,-,-,0.060,H,-,N,N,1,1,0,2,A,-,11,21954,A,N,G,B,D,A,H,-,B,D,0,Y,,,,Y,,N,60,0,0,0,1,0,0,0,0,0,"- ","- ",,,"LOS ANGELES",WHITTIER,-117.97752453,33.939997750000003
6678388,2017,2018-01-30,1965,2017-10-15,1858,3553,0B1A,7,5,5,1965,0,0,0,,0,B001,"PACIFIC COAST HWY","1 LA 36.60",39.00,N,N,A,-,Y,LA,7,1,-,-,36.610,H,-,N,Y,1,1,0,2,A,-,03,22350,,F,H,G,A,A,H,-,C,A,0,,Y,,,Y,,A,07,0,0,0,0,0,1,0,0,0,"- ","- ",,,"LOS ANGELES","SANTA MONICA",-118.51314096,34.024958810000001
6678393,2017,2019-04-05,1976,2017-10-27,1854,378,,5,5,5,1976,0,0,0,,0,002,"WHITTIER BL","PENN ST",173.00,E,N,A,-,Y,LA,7,72,-,-,4.830,H,-,S,Y,1,1,0,2,A,-,11,21954,A,N,G,B,D,A,H,-,D,D,0,Y,,,,Y,Y,N,60,0,0,0,1,0,0,0,0,0,"- ","- ",,,"LOS ANGELES",WHITTIER,-118.04662815,33.975154019999998
6718625,2017,2019-04-08,1900,2017-11-26,2045,544630,1331,7,5,5,1908,0,0,0,,0,133T2,"RT 19","PEPPERWOOD AV",488.00,S,N,A,-,Y,LA,7,19,-,-,8.100,H,-,N,Y,1,1,0,3,A,-,11,21954,A,F,G,B,D,A,H,-,C,D,0,Y,,,,Y,Y,N,60,0,0,0,1,0,0,0,0,0,"- ","- ",,,"LOS ANGELES",BELLFLOWER,-118.14288048,33.90665242
6718742,2018,2019-09-03,1941,2018-03-03,0301,6314,,6,5,7,1941,0,0,0,,0,,"RT 47","PIER A WY",0.00,,Y,C,-,Y,LA,7,103,-,-,0.020,H,-,N,N,1,1,0,3,A,-,00,21960,A,F,-,G,A,B,H,-,C,D,0,,Y,,,Y,,-,,0,0,0,0,0,1,0,0,0,"- ","- ",,,"LOS ANGELES","LONG BEACH",-118.24030303955078,33.771053314208984
7157364,2016,2017-02-03,1941,2016-01-04,1427,6209,,1,5,7,1941,0,0,0,,0,,"CHERRY AV","RT 91",5.00,S,N,A,-,Y,LA,7,91,-,R,13.274,R,1,W,N,4,0,1,2,D,-,00,,,N,G,G,A,A,H,-,A,A,0,,Y,,,Y,,-,"- ",0,0,1,0,0,0,1,0,0,"- ",WF,,,"LOS ANGELES","LONG BEACH",-118.16587746,33.875995799999998
7165553,2016,2017-02-07,1953,2016-01-14,1813,5281,1953,4,5,6,1953,0,0,0,,0,002,"MOUNTAIN ST","RT 210",0.00,,Y,A,-,Y,LA,7,210,-,R,23.910,R,4,E,N,4,0,1,2,A,-,09,21802,A,N,D,G,A,A,H,-,C,A,0,,Y,,,Y,,A,01,0,0,1,0,0,0,1,0,0,FR,EF,,,"LOS ANGELES",PASADENA,-118.15837379,34.164524800000002
7168267,2016,2017-02-11,1956,2016-01-05,1150,1192,01,2,5,5,1956,0,0,0,,0,008,"RT 1","AVENUE C",7.00,S,N,B,C,Y,LA,7,1,-,-,18.651,I,5,S,N,4,0,1,2,A,-,10,21950,A,N,D,B,B,B,H,-,A,A,0,Y,,,,Y,,A,07,0,0,1,0,1,0,0,0,0,"- ","- ",,,"LOS ANGELES","REDONDO BEACH",-118.38558501999999,33.825707739999999
7174077,2016,2017-02-11,1941,2016-01-21,0847,5839,,4,5,7,1941,0,0,0,,0,,"PACIFIC COAST HWY",GAVIOTA,90.00,E,N,A,-,Y,LA,7,1,-,-,5.180,H,-,N,N,4,0,1,2,A,-,11,21954,A,N,G,B,D,A,H,-,A,D,0,Y,,,,Y,,N,,0,0,1,0,1,0,0,0,0,"- ","- ",,,"LOS ANGELES","LONG BEACH",-118.17054133000001,33.789917330000002
7174181,2016,2017-02-11,1941,2016-01-20,0623,10778,,3,5,7,1941,0,0,0,,0,,"PACIFIC COAST HWY","SHERMAN PL",0.00,,Y,A,-,Y,LA,7,1,-,-,4.931,I,5,N,N,4,0,1,2,A,-,09,21802,A,N,G,G,A,B,H,-,A,A,0,,Y,,,Y,,A,,0,0,1,0,0,0,1,0,0,"- ","- ",,,"LOS ANGELES","LONG BEACH",-118.16621618000001,33.789914930000002
7174186,2016,2018-03-16,1942,2016-01-16,2245,40971,0513,6,5,7,1942,0,0,0,E,0,3T5,"RT 1","DODGE AV",293.00,E,N,A,-,Y,LA,7,1,-,-,11.950,H,-,S,Y,2,0,2,2,A,-,11,21955,,N,G,B,D,A,H,-,D,D,0,Y,,,,Y,Y,N,60,1,1,0,0,1,0,0,0,0,"- ","- ",,,"LOS ANGELES","LOS ANGELES",-118.28796733,33.790948
7174549,2016,2017-02-10,1900,2016-01-08,1830,525042,1016,5,5,3,1995,0,0,0,,0,101T1,"RT 1","CARBON CANYON",4224.00,N,N,B,-,Y,LA,7,1,-,-,45.850,H,-,S,Y,2,0,1,2,A,-,10,21950,A,N,G,B,C,A,H,-,C,A,0,Y,,,,Y,Y,N,60,1,0,0,0,1,0,0,0,0,"- ","- ",34.039589999999997,-118.66524,"LOS ANGELES",MALIBU,-118.66539433,34.039614540000002
7174553,2016,2017-02-10,1900,2016-01-21,1230,529688,1016,4,5,3,1995,0,0,0,,0,101T4,"RT 1","CARBON CANYON RD",2700.00,N,N,A,-,Y,LA,7,1,-,-,45.470,H,-,S,Y,3,0,2,3,A,-,09,21801,A,N,D,G,A,A,H,-,A,D,0,,Y,,,Y,,A,01,0,2,0,0,0,0,2,0,0,"- ","- ",34.220999999999997,-118.39319999999999,"LOS ANGELES",MALIBU,-118.65884339999999,34.039181210000002
7176030,2016,2017-02-10,1922,2016-01-18,1825,576,,1,5,6,1922,0,0,0,,0,,"ROSEMEAD BL","TELSTAR AV",50.00,S,N,B,-,Y,LA,7,164,-,-,5.290,H,-,N,N,3,0,1,2,A,-,11,21955,,N,G,B,D,A,H,-,A,A,0,Y,,,,Y,,N,60,0,1,0,0,1,0,0,0,0,"- ","- ",,,"LOS ANGELES","EL MONTE",-118.07067043000001,34.068149210000001
7181777,2016,2017-02-11,1942,2016-01-26,0530,42017,0668,2,5,7,1942,0,0,0,F,0,6A67,"SUNSET BL","RT 101",0.00,,Y,A,-,Y,LA,7,101,-,-,6.101,R,3,S,,2,0,1,2,A,-,10,21950,A,F,G,B,B,A,H,-,C,A,0,Y,,,,Y,,-,99,1,0,0,0,1,0,0,0,0,"- ",SO,,,"LOS ANGELES","LOS ANGELES",-118.31311701,34.096249049999997
7182886,2016,2017-02-11,1941,2016-03-01,1658,5877,,2,5,7,1941,0,0,0,,0,,"PACIFIC COAST HWY","ROSE AV",0.00,,Y,A,-,Y,LA,7,1,-,-,5.141,I,5,S,N,4,0,1,2,A,-,03,22350,,N,G,B,F,A,H,-,A,D,0,Y,,,,Y,Y,A,,0,0,1,0,1,0,0,0,0,"- ","- ",,,"LOS ANGELES","LONG BEACH",-118.16988089,33.789804740000001
7182910,2016,2017-02-11,1941,2016-03-01,1207,10784,,2,5,7,1941,0,0,0,,0,,"PACIFIC COAST HWY","ATLANTIC AV",0.00,,Y,A,-,Y,LA,7,1,-,-,6.021,I,5,S,N,4,0,1,2,A,-,05,21650,1,N,A,G,A,A,H,-,A,A,0,,Y,,,Y,,L,,0,0,1,0,0,0,1,0,0,"- ","- ",,,"LOS ANGELES","LONG BEACH",-118.185187,33.789805630000004
7183651,2016,2017-02-11,1976,2016-01-08,0700,429,,5,5,5,1976,0,0,0,,0,003,"WHITTIER BL","OCEAN VIEW AV",300.00,E,N,A,-,Y,LA,7,72,-,-,2.690,H,-,N,N,3,0,1,2,A,-,11,21954,A,N,G,B,D,A,H,-,A,D,0,Y,,,,Y,,N,60,0,1,0,0,1,0,0,0,0,"- ","- ",,,"LOS ANGELES",WHITTIER,-118.01880348,33.955344050000001
7186427,2016,2017-02-11,1955,2016-02-01,1955,41138,0010,1,5,6,1955,0,0,0,,0,003,"MCKINLEY AV","ORANGE GROVE AV",150.00,E,N,A,-,Y,LA,7,10,-,-,46.014,R,4,E,N,2,0,1,2,A,-,09,21804,A,N,D,G,A,A,H,-,C,A,0,,Y,,,Y,,L,04,1,0,0,0,0,0,1,0,0,"- ","- ",,,"LOS ANGELES",POMONA,-117.74793194999999,34.075565640000001
7187175,2016,2017-02-10,1942,2016-01-26,1920,39211,1445,2,5,7,1942,0,0,0,N,0,14A46,"VENICE BL","WADE ST",0.00,,Y,A,-,Y,LA,7,187,-,-,4.481,I,5,E,N,4,0,1,2,A,-,10,21950,A,N,B,B,B,A,H,-,C,A,0,Y,,,,Y,Y,A,01,0,0,1,0,1,0,0,0,0,"- ","- ",,,"LOS ANGELES","LOS ANGELES",-118.43796365999999,34.001319539999997
7187982,2016,2017-02-11,1956,2016-02-03,1517,1236,09,3,5,5,1956,0,0,0,,0,001,"RT 1","AVENUE A",0.00,,Y,A,-,Y,LA,7,1,-,-,18.791,I,5,S,N,3,0,1,2,A,-,09,21801,A,N,D,G,A,A,H,-,A,D,0,,Y,,,Y,,A,01,0,1,0,0,0,0,1,0,0,"- ","- ",,,"LOS ANGELES","REDONDO BEACH",-118.38568436,33.827697890000003
7187986,2016,2017-02-11,1942,2016-02-02,1540,31255,0677,2,5,7,1942,0,0,0,F,0,8TL26,"SANTA MONICA BL","GOWER ST",0.00,,Y,A,-,Y,LA,7,2,-,-,11.831,I,6,E,N,3,0,1,2,A,-,12,21453,A,N,H,G,A,A,H,-,A,A,0,,Y,,,Y,,-,"- ",0,1,0,0,0,0,1,0,0,"- ","- ",,,"LOS ANGELES","LOS ANGELES",-118.32238781,34.090753599999999
7188215,2016,2017-02-11,1942,2016-01-28,0855,26736,1532,4,5,7,1942,0,0,0,O,0,35M23,"VICTORY BL","RT 170",0.00,,Y,A,-,Y,LA,7,170,-,R,17.446,R,1,S,N,4,0,1,2,A,-,05,21650,1,N,D,G,A,A,H,-,A,D,0,,Y,,,Y,,L,04,0,0,1,0,0,0,1,0,0,"- ",SF,,,"LOS ANGELES","LOS ANGELES",-118.40198126999999,34.189437820000002
7189540,2016,2017-02-11,1942,2016-02-01,0730,31814,0519,1,5,7,1942,0,0,0,E,0,,"PACIFIC COAST HWY","O ST",100.00,E,N,A,-,Y,LA,7,1,-,-,9.040,H,-,N,N,3,0,1,2,A,-,03,22350,A,F,A,B,D,A,H,-,A,D,0,Y,,,,Y,,-,99,0,1,0,0,1,0,0,0,0,"- ","- ",,,"LOS ANGELES","LOS ANGELES",-118.23772729,33.79150637
7189938,2016,2017-02-11,1942,2016-01-29,1100,42151,0514,5,5,7,1942,0,0,0,E,0,5A25,"PACIFIC COAST HWY","WILMINGTON BL",300.00,W,N,A,-,Y,LA,7,1,-,-,11.270,H,-,N,N,3,0,1,2,A,-,05,21650,1,N,H,G,A,A,H,-,A,D,0,,Y,,,Y,,L,04,0,1,0,0,0,0,1,0,0,"- ","- ",,,"LOS ANGELES","LOS ANGELES",-118.27618477999999,33.790535269999999
7190211,2016,2018-09-27,1972,2016-02-07,0222,19427,,7,5,6,1972,0,0,0,,0,,"HAWTHORNE BL","CARSON ST",330.00,S,N,A,-,Y,LA,7,107,-,-,1.770,H,-,S,Y,1,1,0,2,A,-,11,21955,,N,G,B,E,A,H,-,C,D,0,Y,,,,Y,Y,N,,0,0,0,1,0,0,0,0,0,"- ","- ",,,"LOS ANGELES",TORRANCE,-118.35256853999999,33.830699979999999
7190294,2016,2016-07-29,1900,2016-07-02,1722,552036,1010,6,5,3,1995,0,0,0,,0,101T2,"RT 1","BROAD BEACH RD",2112.00,N,N,A,-,Y,LA,7,1,-,-,58.860,H,-,S,Y,1,1,1,3,A,-,11,21954,A,N,G,B,D,A,H,-,A,D,0,Y,,,,Y,,N,60,1,0,0,1,1,0,0,0,0,"- ","- ",34.039729999999999,-118.87517,"LOS ANGELES",MALIBU,-118.87576745,34.039720770000002
7190588,2016,2018-09-27,1976,2016-10-29,2024,407,,6,5,5,1976,0,0,0,,0,,"WHITTIER BL","POUNDS AV",265.00,E,N,A,-,Y,LA,7,72,-,-,0.140,H,-,N,Y,1,1,0,3,A,-,11,21954,A,N,G,B,D,A,H,-,C,D,0,Y,,,,Y,Y,N,60,0,0,0,1,0,0,0,0,0,"- ","- ",,,"LOS ANGELES",WHITTIER,-117.97888777999999,33.939998950000003
7190629,2016,2018-09-27,1955,2016-10-31,1946,40437,77,1,5,6,1955,0,0,0,,0,001,"RT 71","PHILLIPS DR",34.00,S,N,A,-,Y,LA,7,71,-,-,2.269,I,5,S,Y,1,1,0,2,A,-,11,21954,A,N,G,B,D,A,H,-,C,D,0,Y,,,,Y,Y,N,60,0,0,0,1,0,0,0,0,0,"- ","- ",,,"LOS ANGELES",POMONA,-117.77385411,34.046501880000001
7190630,2016,2016-12-02,1942,2016-09-01,2247,32654,0822,4,5,7,1942,0,0,0,H,0,6D234,"PACIFIC COAST HWY","TEMESCAL CANYON RD",8.00,W,N,A,-,Y,LA,7,1,-,-,38.111,I,5,N,N,1,1,0,2,A,-,12,21453,A,F,H,G,A,A,H,-,C,A,0,,Y,,,Y,,L,04,0,0,0,0,0,1,0,0,0,"- ","- ",,,"LOS ANGELES","LOS ANGELES",-118.53571822000001,34.035850250000003
7191508,2016,2017-02-11,1941,2016-02-05,1925,5462,,5,5,7,1941,0,0,0,,0,,"SHERMAN PL",PCH,0.00,,Y,A,-,Y,LA,7,1,-,-,4.931,I,5,S,N,4,0,1,2,A,-,10,21950,A,N,G,B,B,A,H,-,C,D,0,Y,,,,Y,,D,,0,0,1,0,1,0,0,0,0,"- ","- ",,,"LOS ANGELES","LONG BEACH",-118.16621615,33.78980559
7193320,2016,2017-02-10,1942,2016-02-05,1120,42064,0822,5,5,7,1942,0,0,0,H,0,8A1,"TEMESCAL CANYON RD","PACIFIC COAST HWY",10.00,S,N,A,-,Y,LA,7,1,-,-,38.111,I,6,N,N,3,0,1,2,A,-,10,21950,A,N,G,B,B,A,H,-,A,A,0,Y,,,,Y,,A,01,0,1,0,0,1,0,0,0,0,"- ","- ",,,"LOS ANGELES","LOS ANGELES",-118.53571822000001,34.035850250000003
7193344,2016,2017-02-11,1942,2016-02-11,1555,37715,0898,4,5,7,1942,0,0,0,H,0,8T26,"ROBERTSON BL","KINCARDINE AV",10.00,S,N,A,-,Y,LA,7,10,-,R,8.167,R,4,W,N,4,0,1,2,A,-,10,21950,A,N,G,B,B,A,-,-,A,A,0,Y,,,,Y,,A,07,0,0,1,0,1,0,0,0,0,"- ","- ",,,"LOS ANGELES","LOS ANGELES",-118.38806786000001,34.032674219999997
7195566,2016,2017-02-03,1900,2016-02-16,1935,520269,2317,2,5,5,1919,0,0,0,,0,230E,"PARK PLAZA DR","RT 91",0.00,,Y,A,-,Y,LA,7,91,-,R,19.791,R,3,E,N,4,0,1,2,A,-,10,21950,A,N,G,B,B,A,H,-,B,A,0,Y,,,,Y,,A,07,0,0,1,0,1,0,0,0,0,"- ",EO,,,"LOS ANGELES",CERRITOS,-118.05539468000001,33.869929380000002
7195635,2016,2017-02-11,1976,2016-01-21,1905,429,,4,5,5,1976,0,0,0,,0,002,"WHITTIER BL","PENN ST",450.00,W,N,A,-,Y,LA,7,72,-,-,4.950,H,-,N,N,3,0,1,2,A,-,11,21954,A,N,G,B,C,A,H,-,D,D,0,Y,,,,Y,Y,N,60,0,1,0,0,1,0,0,0,0,"- ","- ",,,"LOS ANGELES",WHITTIER,-118.04774335,33.976800949999998
7196257,2016,2017-02-03,1941,2016-02-17,1040,6162,,3,5,7,1941,0,0,0,,0,,"ATLANTIC AV","RT 91",0.00,,Y,A,-,Y,LA,7,91,-,R,11.748,R,1,E,N,4,0,1,2,D,-,00,,,M,-,B,B,A,H,-,A,A,0,Y,,,,Y,,-,"- ",0,0,1,0,1,0,0,0,0,"- ",EF,,,"LOS ANGELES","LONG BEACH",-118.19180569,33.876019749999998
7196705,2016,2017-02-11,1925,2016-01-21,0854,15427,233,4,5,6,1925,0,0,0,,0,004,"GLENDALE BL","RT 134",110.00,N,N,B,-,Y,LA,7,134,-,R,7.860,R,4,E,N,3,0,1,2,A,-,07,21658,A,F,B,G,A,A,H,-,A,D,0,,Y,,,Y,,-,"- ",0,1,0,0,0,0,1,0,0,"- ",EO,,,"LOS ANGELES",GLENDALE,-118.24238029999999,34.155782840000001
7198791,2016,2017-02-10,1942,2016-02-08,1510,40690,1434,1,5,7,1942,0,0,0,N,0,14T54,"VENICE BL","WALGROVE AV",160.00,E,N,A,-,Y,LA,7,187,-,-,3.950,H,-,E,N,3,0,1,3,A,-,00,21760,B,F,B,G,A,A,H,-,A,D,0,,Y,,,Y,,-,99,0,1,0,0,0,0,1,0,0,"- ","- ",,,"LOS ANGELES","LOS ANGELES",-118.44587756999999,33.997344439999999
7198806,2016,2017-02-11,1941,2016-02-19,1746,10772,,5,5,7,1941,0,0,0,,0,,"PACIFIC COAST HWY","W PACIFIC AV",18.00,E,N,A,-,Y,LA,7,1,-,-,6.511,I,5,S,N,4,0,1,2,A,-,12,21453,A,N,G,G,A,A,H,-,A,A,0,,Y,,,Y,,L,,0,0,1,0,0,0,1,0,0,"- ","- ",,,"LOS ANGELES","LONG BEACH",-118.19361906,33.789808049999998
7199485,2016,2018-09-24,1941,2016-02-03,2246,6325,,3,5,7,1941,0,0,0,,0,,"LOMA AV",PCH,3.50,S,N,A,-,Y,LA,7,1,-,-,4.011,I,6,S,Y,1,1,0,2,A,-,11,21950,B,N,G,B,E,A,H,-,C,A,0,Y,,,,Y,Y,N,,0,0,0,1,0,0,0,0,0,"- ","- ",,,"LOS ANGELES","LONG BEACH",-118.15031526,33.789799360000004
7200079,2017,2019-04-08,1900,2017-03-18,2355,550495,1012,6,5,3,1995,0,0,0,,0,101,"RT 1","BUSCH DR",96.00,N,N,A,-,Y,LA,7,1,-,-,55.091,I,5,N,Y,1,1,0,2,A,-,11,21955,,N,G,B,D,A,H,-,D,A,0,Y,,,,Y,Y,N,60,0,0,0,1,0,0,0,0,0,"- ","- ",34.010129999999997,-118.49097999999999,"LOS ANGELES",MALIBU,-118.819129,34.016608230000003
7203229,2016,2017-02-10,1900,2016-02-23,1500,284954,1015,2,5,3,1995,0,0,0,,0,101T3,"RT 1","SWEETWATER MESA RD",1056.00,S,N,A,-,Y,LA,7,1,-,-,46.790,H,-,S,N,3,0,1,2,A,-,17,22517,,N,B,G,A,A,H,-,A,D,0,,Y,,,Y,,A,01,0,1,0,0,0,0,1,0,0,"- ","- ",,,"LOS ANGELES",MALIBU,-118.68048722,34.034971169999999
7204383,2016,2017-02-11,1956,2016-03-01,1428,1192,15,2,5,5,1956,0,0,0,,0,001,"RT 1","GUADALUPE AV",2.00,S,N,A,-,Y,LA,7,1,-,-,19.271,I,5,S,N,4,0,1,2,A,-,12,21453,A,N,D,B,B,A,H,-,A,A,0,Y,,,,Y,,A,08,0,0,1,0,1,0,0,0,0,"- ","- ",,,"LOS ANGELES","REDONDO BEACH",-118.38514619999999,33.834626409999998
7204387,2016,2017-02-11,1956,2016-03-04,1613,1192,08,5,5,5,1956,0,0,0,,0,001,"AVENUE C","RT 1",9.00,W,N,A,-,Y,LA,7,1,-,-,18.651,I,5,S,N,4,0,1,2,A,-,10,21950,A,N,D,B,B,A,H,-,A,A,0,Y,,,,Y,,A,07,0,0,1,0,1,0,0,0,0,"- ","- ",,,"LOS ANGELES","REDONDO BEACH",-118.38558501999999,33.825707739999999
7206171,2016,2017-02-11,1976,2016-02-26,0858,314,,5,5,5,1976,0,0,0,,0,004,"1ST AV","WHITTIER AV",5.00,S,N,A,-,Y,LA,7,72,-,-,0.527,I,6,S,N,3,0,1,2,A,-,05,21650,1,N,H,G,A,A,H,-,A,A,0,,Y,,,Y,,L,04,0,1,0,0,0,0,1,0,0,"- ","- ",,,"LOS ANGELES",WHITTIER,-117.98528885,33.941216249999997
7206949,2016,2017-02-11,1942,2016-02-22,1915,41954,0514,1,5,7,1942,0,0,0,E,0,5A24,"RT 1","WILMINGTON BL",100.00,W,N,A,-,Y,LA,7,1,-,-,11.230,H,-,S,N,2,0,1,2,A,-,11,21954,A,F,G,B,D,A,H,-,C,A,0,Y,,,,Y,,N,60,1,0,0,0,1,0,0,0,0,"- ","- ",,,"LOS ANGELES","LOS ANGELES",-118.27548084999999,33.790463270000004
7209463,2016,2017-02-10,1948,2016-02-29,0804,398,1948,1,5,5,1948,0,0,0,,0,001,"ATLANTIC BL","RT 60",60.00,S,N,A,-,Y,LA,7,60,-,R,4.172,R,4,E,N,3,0,1,2,A,-,05,21650,,N,D,G,A,A,H,-,A,D,0,,Y,,,Y,,L,04,0,1,0,0,0,0,1,0,0,"- ",EF,,,"LOS ANGELES","MONTEREY PARK",-118.154447,34.036390509999997
8000352,2016,2017-02-11,1941,2016-03-14,2316,5889,,1,5,7,1941,0,0,0,,0,,"PACIFIC COAST HWY","PINE AV",0.00,,Y,A,-,Y,LA,7,1,-,-,6.441,I,5,N,N,2,0,1,2,A,-,11,21456,B,N,G,B,B,A,H,-,C,A,0,Y,,,,Y,,N,,1,0,0,0,1,0,0,0,0,"- ","- ",,,"LOS ANGELES","LONG BEACH",-118.19240689999999,33.78992169
8001659,2016,2017-02-13,1942,2016-02-28,1850,37611,1145,7,5,7,1942,0,0,0,K,0,13T22,"RIVERSIDE DR","OROS ST",150.00,E,N,A,-,Y,LA,7,5,-,-,20.930,R,4,N,N,4,0,1,2,A,-,09,21801,A,N,D,G,A,A,H,-,C,A,0,,Y,,,Y,,A,01,0,0,1,0,0,0,1,0,0,"- ","- ",,,"LOS ANGELES","LOS ANGELES",-118.23119953,34.08533791
8002308,2016,2017-02-11,1941,2016-01-19,1744,5668,,2,5,7,1941,0,0,0,,0,,"PACIFIC COAST HWY","MARTIN LUTHER KING",0.00,,Y,A,-,Y,LA,7,1,-,-,5.761,I,5,N,N,4,0,1,2,A,-,11,21950,B,N,G,B,B,A,H,-,C,A,0,Y,,,,Y,,N,,0,0,1,0,1,0,0,0,0,"- ","- ",,,"LOS ANGELES","LONG BEACH",-118.18059381,33.789914930000002
8003323,2016,2017-02-10,1942,2016-02-28,1330,39065,1445,7,5,7,1942,0,0,0,N,0,14T52,"CENTINELA AV","VENICE BL",10.00,N,N,A,-,Y,LA,7,187,-,-,4.780,I,6,W,N,4,0,1,2,A,-,09,21804,A,F,D,G,A,A,H,-,A,D,0,,Y,,,Y,,L,04,0,0,1,0,0,0,1,0,0,"- ","- ",,,"LOS ANGELES","LOS ANGELES",-118.43365765999999,34.003787610000003
8003830,2016,2017-02-10,1942,2016-03-13,1255,40452,0861,7,5,7,1942,0,0,0,H,0,14T54,"PACIFIC COAST HWY","SUNSET BL",145.00,,N,A,-,Y,LA,7,1,-,-,39.300,H,-,N,N,3,0,1,2,A,-,08,22107,,N,H,G,A,A,H,-,A,A,0,,Y,,,Y,,A,01,0,1,0,0,0,0,1,0,0,"- ","- ",,,"LOS ANGELES","LOS ANGELES",-118.55522620000001,34.038574220000001
8004682,2016,2017-02-11,1941,2016-02-29,1427,10135,,1,5,7,1941,0,0,0,,0,,"PACIFIC COAST HWY","LONG BEACH BL",0.00,,Y,A,-,Y,LA,7,1,-,-,6.261,I,5,N,N,4,0,1,2,A,-,10,21950,A,N,D,G,A,A,H,-,A,D,0,,Y,,,Y,,B,,0,0,1,0,0,0,1,0,0,"- ","- ",,,"LOS ANGELES","LONG BEACH",-118.18929996,33.789919269999999
8007615,2016,2017-02-10,1900,2016-03-27,2328,522303,2611,7,5,6,1950,0,0,0,,0,263T1,"PALMDALE BL","2ND ST E",110.00,E,N,A,-,Y,LA,7,138,-,-,43.810,H,-,W,N,2,0,1,2,A,-,11,21954,A,N,G,B,D,A,H,-,C,D,0,Y,,,,Y,,N,60,1,0,0,0,1,0,0,0,0,"- ","- ",,,"LOS ANGELES",PALMDALE,-118.12731558,34.57984081