CASE_ID,ACCIDENT_YEAR,PROC_DATE,JURIS,COLLISION_DATE,COLLISION_TIME,OFFICER_ID,REPORTING_DISTRICT,DAY_OF_WEEK,CHP_SHIFT,POPULATION,CNTY_CITY_LOC,SPECIAL_COND,BEAT_TYPE,CHP_BEAT_TYPE,CITY_DIVISION_LAPD,CHP_BEAT_CLASS,BEAT_NUMBER,PRIMARY_RD,SECONDARY_RD,DISTANCE,DIRECTION,INTERSECTION,WEATHER_1,WEATHER_2,STATE_HWY_IND,CALTRANS_COUNTY,CALTRANS_DISTRICT,STATE_ROUTE,ROUTE_SUFFIX,POSTMILE_PREFIX,POSTMILE,LOCATION_TYPE,RAMP_INTERSECTION,SIDE_OF_HWY,TOW_AWAY,COLLISION_SEVERITY,NUMBER_KILLED,NUMBER_INJURED,PARTY_COUNT,PRIMARY_COLL_FACTOR,PCF_CODE_OF_VIOL,PCF_VIOL_CATEGORY,PCF_VIOLATION,PCF_VIOL_SUBSECTION,HIT_AND_RUN,TYPE_OF_COLLISION,MVIW,PED_ACTION,ROAD_SURFACE,ROAD_COND_1,ROAD_COND_2,LIGHTING,CONTROL_DEVICE,CHP_ROAD_TYPE,PEDESTRIAN_ACCIDENT,BICYCLE_ACCIDENT,MOTORCYCLE_ACCIDENT,TRUCK_ACCIDENT,NOT_PRIVATE_PROPERTY,ALCOHOL_INVOLVED,STWD_VEHTYPE_AT_FAULT,CHP_VEHTYPE_AT_FAULT,COUNT_SEVERE_INJ,COUNT_VISIBLE_INJ,COUNT_COMPLAINT_PAIN,COUNT_PED_KILLED,COUNT_PED_INJURED,COUNT_BICYCLIST_KILLED,COUNT_BICYCLIST_INJURED,COUNT_MC_KILLED,COUNT_MC_INJURED,PRIMARY_RAMP,SECONDARY_RAMP,LATITUDE,LONGITUDE,COUNTY,CITY,POINT_X,POINT_Y
8081799,2016,2017-03-03,1956,2016-07-05,2212,1254,15,2,5,5,1956,0,0,0,,0,002,"RT 1","GUADALUPE ST",150.00,N,N,A,-,Y,LA,7,1,-,-,19.300,H,-,N,Y,2,0,1,2,A,-,11,21954,A,N,G,B,D,A,H,-,C,D,0,Y,,,,Y,,N,60,1,0,0,0,1,0,0,0,0,"- ","- ",,,"LOS ANGELES","REDONDO BEACH",-118.38518049,33.835052699999999
8082259,2016,2017-02-18,1972,2016-06-06,1536,19086,,1,5,6,1972,0,0,0,,0,,HAWTHORNE,EMERALD,0.00,,Y,A,-,Y,LA,7,107,-,-,2.514,I,5,N,N,4,0,1,2,A,-,10,21950,A,N,G,B,B,A,H,-,A,A,0,Y,,,,Y,,A,,0,0,1,0,1,0,0,0,0,"- ","- ",,,"LOS ANGELES",TORRANCE,-118.35362318999999,33.841370830000002
8082758,2016,2017-02-11,1942,2016-06-12,2100,40914,515,7,5,7,1942,0,0,0,,0,5A25W3,"PACIFIC COAST HWY","MARINE AV",6.00,W,N,A,-,Y,LA,7,1,-,-,10.607,I,5,S,N,2,0,1,2,A,-,06,21951,,F,G,B,B,A,H,-,C,D,0,Y,,,,Y,,-,99,1,0,0,0,1,0,0,0,0,"- ","- ",,,"LOS ANGELES","LOS ANGELES",-118.26462847000001,33.791030460000002
8083153,2016,2017-02-18,1941,2016-06-21,1150,5695,,2,5,7,1941,0,0,0,,0,,"BELLFLOWER BL",PCH,75.00,N,N,A,-,Y,LA,7,1,-,-,1.860,I,6,N,N,3,0,1,2,A,-,08,22107,,N,D,G,A,A,H,-,A,D,0,,Y,,,Y,,A,,0,1,0,0,0,0,1,0,0,"- ","- ",,,"LOS ANGELES","LONG BEACH",-118.12098266,33.774133820000003
8085798,2016,2017-02-04,1900,2016-06-10,2140,532457,1327,5,5,5,1935,0,0,0,,0,132T2,"CARSON TOWN CTR","RT 605",16.00,W,N,A,-,Y,LA,7,605,-,R,1.955,R,4,S,N,2,0,1,2,A,-,10,21950,A,F,G,B,B,A,H,-,C,A,0,Y,,,,Y,,D,22,1,0,0,0,1,0,0,0,0,"- ",SF,,,"LOS ANGELES",LAKEWOOD,-118.08568885,33.834001069999999
8086352,2016,2017-02-24,1900,2016-07-07,1619,520726,0530,4,5,5,1959,0,0,0,,0,53T1PM,"RT 164","BENTEL ST",0.00,,Y,A,-,Y,LA,7,164,-,-,6.251,I,5,S,N,4,0,1,2,A,-,09,21801,A,M,D,G,A,A,H,-,A,D,0,,Y,,,Y,,A,07,0,0,1,0,0,0,1,0,0,"- ","- ",,,"LOS ANGELES",ROSEMEAD,-118.07329281,34.081332439999997
8086985,2016,2017-02-08,1900,2016-06-22,1709,523207,2310,3,5,5,1919,0,0,0,,0,230T,"STUDEBAKER RD","RT 91",0.00,,Y,A,-,Y,LA,7,91,-,R,17.254,R,4,W,N,3,0,1,2,A,-,12,21453,A,N,D,G,A,A,H,-,A,A,0,,Y,,,Y,,L,04,0,1,0,0,0,0,1,0,0,"- ",WF,,,"LOS ANGELES",CERRITOS,-118.09708120000001,33.876395860000002
8087062,2016,2017-02-18,1941,2016-07-01,1513,6049,,5,5,7,1941,0,0,0,,0,,"PACIFIC COAST HWY","SHERMAN PL",0.00,,Y,A,-,Y,LA,7,1,-,-,4.940,H,-,N,N,3,0,1,2,A,-,"- ",,,N,C,G,A,A,H,-,A,D,0,,Y,,,Y,,A,,0,1,0,0,0,0,1,0,0,"- ","- ",,,"LOS ANGELES","LONG BEACH",-118.16637539,33.78991508
8090611,2016,2017-02-07,1942,2016-06-10,2045,39062,0453,5,5,7,1942,0,0,0,D,0,1T11,"CESAR E CHAVEZ AV","STATE ST",200.00,E,N,A,-,Y,LA,7,5,-,-,17.936,R,3,S,N,3,0,1,2,A,-,09,21804,A,N,A,G,A,A,H,-,C,D,0,,Y,,,Y,,L,04,0,1,0,0,0,0,1,0,0,"- ","- ",,,"LOS ANGELES","LOS ANGELES",-118.2146233,34.047856660000001
8090642,2016,2017-02-04,1942,2016-06-27,1400,39217,1547,1,5,7,1942,0,0,0,O,0,9TL52,"MAGNOLIA BL","RT 170",0.00,,Y,A,-,Y,LA,7,170,-,R,15.262,R,4,S,N,3,0,1,2,A,-,10,21950,A,N,G,C,B,A,H,-,A,A,0,Y,,,,Y,,A,07,0,1,0,0,1,0,0,0,0,"- ","- ",,,"LOS ANGELES","LOS ANGELES",-118.38217345,34.163430419999997
8090906,2016,2017-03-03,1942,2016-07-12,1335,40452,1443,2,5,7,1942,0,0,0,N,0,14TL52,"LINCOLN BL","GARFIELD AV",8.00,N,N,A,-,Y,LA,7,1,-,-,32.010,H,-,N,N,3,0,1,2,A,-,17,21457,B,N,H,G,A,A,H,-,A,A,0,,Y,,,Y,,A,01,0,1,0,0,0,0,1,0,0,"- ","- ",,,"LOS ANGELES","LOS ANGELES",-118.45029638,33.992916749999999
8092120,2016,2017-02-18,1918,2016-06-18,1248,1123,,6,5,4,1918,0,0,0,,0,2TL25,"CULVER BL","RT 405",0.00,,Y,A,-,Y,LA,7,405,-,-,27.404,R,2,N,N,3,0,1,2,A,-,12,22450,A,N,H,G,A,A,H,-,A,A,0,,Y,,,Y,,L,04,0,1,0,0,0,0,1,0,0,"- ",EO,34.00367,-118.41106000000001,"LOS ANGELES","CULVER CITY",-118.41303578,34.005538549999997
8094211,2016,2017-02-15,1955,2016-06-13,0112,42014,0075,1,5,6,1955,0,0,0,,0,005,"RT 71","PHILLIPS DR",0.00,,Y,A,-,Y,LA,7,71,-,-,2.269,I,5,N,Y,2,0,1,2,A,-,05,21650,1,N,D,G,A,A,H,-,C,A,0,,Y,,,Y,,L,04,1,0,0,0,0,0,1,0,0,"- ","- ",,,"LOS ANGELES",POMONA,-117.77378664,34.04655039
8094693,2016,2017-02-27,1900,2016-07-13,1606,512437,0531,3,5,5,1959,0,0,0,,0,53T1PM,"ROSEMEAD BL","GUESS ST",20.00,E,N,A,-,Y,LA,7,164,-,-,6.075,I,5,S,N,4,0,1,2,A,-,10,21950,A,F,G,B,D,A,H,-,A,D,0,Y,,,,Y,,A,01,0,0,1,0,1,0,0,0,0,"- ","- ",,,"LOS ANGELES",ROSEMEAD,-118.07322116,34.078768869999998
8095742,2016,2017-01-23,1900,2016-07-23,1246,529688,1015,6,5,3,1995,0,0,0,,0,101T4,"RT 1","WEBB WY",65.00,E,N,A,-,Y,LA,7,1,-,-,47.430,H,-,S,Y,3,0,1,2,A,-,08,22107,,N,B,G,A,A,H,-,A,A,0,,Y,,,Y,,A,01,0,1,0,0,0,0,1,0,0,"- ","- ",34.25,-118.4128,"LOS ANGELES",MALIBU,-118.69098083999999,34.03463172
8096596,2016,2017-03-01,1941,2016-07-28,2154,6278,,4,5,7,1941,0,0,0,,0,,"PACIFIC COAST HWY","GARDENIA AV",5.00,E,N,A,-,Y,LA,7,1,-,-,5.071,I,5,N,N,4,0,1,2,-,-,"- ",,,N,G,B,D,A,H,-,C,D,0,Y,,,,Y,,-,"- ",0,0,1,0,1,0,0,0,0,"- ","- ",,,"LOS ANGELES","LONG BEACH",-118.16869602,33.789917320000001
8096701,2016,2017-03-01,1941,2016-08-01,2325,3319,,1,5,7,1941,0,0,0,,0,,"RT 1",LOYNES,528.00,E,N,A,-,Y,LA,7,1,-,-,1.210,H,-,N,N,3,0,1,2,A,-,08,22107,,F,G,G,A,A,H,-,C,D,0,,Y,,,Y,Y,A,,0,1,0,0,0,0,1,0,0,"- ","- ",,,"LOS ANGELES","LONG BEACH",-118.11633212,33.765915049999997
8098703,2016,2017-02-24,1942,2016-07-12,1425,39022,0851,2,5,7,1942,0,0,0,H,0,8TL28,"SANTA MONICA BL","BROCKTON AV",0.00,,Y,A,-,Y,LA,7,2,-,-,2.741,I,5,E,N,4,0,1,2,D,-,00,,,N,G,B,E,A,H,-,A,A,0,Y,,,,Y,,-,"- ",0,0,1,0,1,0,0,0,0,"- ","- ",,,"LOS ANGELES","LOS ANGELES",-118.46114129999999,34.041520689999999
8099856,2016,2017-02-24,1942,2016-07-18,1755,31255,0899,1,5,7,1942,0,0,0,H,0,6T4,"VENICE BL","HARGIS ST",0.00,,Y,A,-,Y,LA,7,187,-,-,8.462,I,5,E,N,3,0,1,2,A,-,08,22107,A,F,D,G,A,A,H,-,A,D,0,,Y,,,Y,,-,99,0,1,0,0,0,0,1,0,0,"- ","- ",,,"LOS ANGELES","LOS ANGELES",-118.38028190999999,34.033688660000003
8099868,2016,2017-02-24,1900,2016-07-31,2053,520726,0530,7,5,5,1959,0,0,0,,0,53T1PM,"RT 164","MISSION DR",0.00,,Y,A,-,Y,LA,7,164,-,-,6.452,I,6,S,N,4,0,1,2,A,-,05,21202,A,N,D,G,A,A,H,-,C,A,0,,Y,,,Y,,L,04,0,0,1,0,0,0,1,0,0,"- ","- ",,,"LOS ANGELES",ROSEMEAD,-118.07334616,34.08426687
8100949,2016,2017-02-28,1925,2016-07-19,0857,19167,146,2,5,6,1925,0,0,0,,0,005,"VERDUGO BL","RT 2",0.00,,Y,A,-,Y,LA,7,2,-,R,22.877,R,4,E,N,4,0,1,2,A,-,12,21453,A,N,D,G,A,A,H,-,A,A,0,,Y,,,Y,,A,07,0,0,1,0,0,0,1,0,0,"- ",NF,,,"LOS ANGELES",GLENDALE,-118.21838049,34.203935219999998
8101913,2016,2017-02-27,1900,2016-07-27,0940,253807,2610,3,5,6,1950,0,0,0,,0,261T1,"RT 138","17TH ST EAST",240.00,W,N,A,-,Y,LA,7,138,-,-,45.410,H,-,W,N,3,0,1,2,D,-,00,,,N,A,G,A,A,H,-,A,D,0,,Y,,,Y,,-,"- ",0,1,0,0,0,0,1,0,0,"- ","- ",,,"LOS ANGELES",PALMDALE,-118.09932721,34.579661919999999
8102107,2016,2017-02-04,1942,2016-07-15,0005,40024,1403,5,5,7,1942,0,0,0,N,0,14TL47,"RT 405","NATIONAL BL",0.00,,Y,A,-,Y,LA,7,405,-,-,28.901,R,4,N,N,3,0,1,2,D,-,00,,,N,H,G,A,A,H,-,C,A,0,,Y,,,Y,,-,"- ",0,1,0,0,0,0,1,0,0,NF,"- ",,,"LOS ANGELES","LOS ANGELES",-118.42738119000001,34.023649599999999
8102351,2016,2017-02-04,1942,2016-06-22,0440,37306,1215,3,5,7,1942,0,0,0,L,0,,SLAUSON,"RT 110",0.00,,Y,A,-,Y,LA,7,110,-,-,17.877,R,4,S,N,4,0,1,2,A,-,08,22107,,F,G,B,B,A,H,-,C,A,0,Y,,,,Y,,-,99,0,0,1,0,1,0,0,0,0,"- ","- ",,,"LOS ANGELES","LOS ANGELES",-118.28061820000001,33.98775423
8102978,2016,2017-03-01,1956,2016-08-07,2137,1262,608,7,5,5,1956,0,0,0,,0,001,"AVE A","RT 1",10.00,N,N,A,-,Y,LA,7,1,-,-,18.791,I,6,N,N,3,0,1,2,A,-,09,21800,A,F,D,G,A,A,H,-,C,D,0,,Y,,,Y,,L,04,0,1,0,0,0,0,1,0,0,"- ","- ",,,"LOS ANGELES","REDONDO BEACH",-118.38568436,33.827697919999999
8104249,2016,2017-02-27,1976,2016-07-20,2006,590,COUNT,3,5,5,1976,0,0,0,,0,,"MILLS AV","WHITTIER BL",5.00,S,N,A,-,Y,LA,7,72,-,-,2.113,I,6,S,N,3,0,1,2,A,-,12,21453,A,N,H,G,A,A,H,-,B,A,0,,Y,,,Y,,L,04,0,1,0,0,0,0,1,0,0,"- ","- ",,,"LOS ANGELES",WHITTIER,-118.01056366,33.950582490000002
8104257,2016,2017-02-27,1976,2016-07-11,2018,418,,1,5,5,1976,0,0,0,,0,002,"WHITTIER BL","HADLEY ST",135.00,E,N,A,-,Y,LA,7,72,-,-,5.470,H,-,S,N,4,0,1,1,C,-,18,,,N,F,A,A,D,G,-,C,D,0,,Y,,,Y,,-,"- ",0,0,1,0,0,0,1,0,0,"- ","- ",,,"LOS ANGELES",WHITTIER,-118.05334495,33.982661870000001
8105033,2016,2017-02-11,1933,2016-04-19,2325,874,37,2,5,6,1933,0,0,0,,0,004,"CRENSHAW BL","RT 105",0.00,,N,A,-,Y,LA,7,105,-,R,4.940,R,4,W,N,4,0,1,2,A,-,05,21650,1,N,H,G,A,A,H,-,C,A,0,,Y,,,Y,,L,04,0,0,1,0,0,0,1,0,0,"- ",WF,,,"LOS ANGELES",INGLEWOOD,-118.32280294,33.925587399999998
81056868,2019,2019-08-21,1933,2019-05-11,2358,1022,14,6,5,6,1933,0,0,0,,0,002,"MANCHESTER BLVD","GLASGOW AV",85.00,E,N,A,-,Y,,,,,,,,,,N,2,0,1,2,A,-,11,21955,,F,G,B,D,A,H,-,C,D,0,Y,,,,Y,,N,60,1,0,0,0,1,0,0,0,0,"- ","- ",33.961360931396484,-118.37177276611328,"LOS ANGELES",INGLEWOOD,-118.37163543701172,33.961391448974609
8106047,2016,2017-02-18,1942,2016-08-16,2010,39299,1437,2,5,7,1942,0,0,0,N,0,20T59,"VENICE BL","SEPULVEDA BL",15.00,E,N,A,-,Y,LA,7,1,-,-,5.910,I,5,N,N,3,0,1,2,A,-,11,21950,B,N,G,B,B,A,H,-,C,A,0,Y,,,,Y,,N,60,0,1,0,0,1,0,0,0,0,"- ","- ",,,"LOS ANGELES","LOS ANGELES",-118.18325050999999,33.789917690000003
8107425,2016,2017-03-01,1967,2016-08-04,1209,132,961,4,5,2,1967,0,0,0,,0,SOUTH,"FREEMAN AV","RT 1",0.00,,Y,A,-,Y,LA,7,1,-,-,4.321,I,5,N,N,3,0,1,2,A,-,12,22450,A,N,D,G,A,A,H,-,A,A,0,,Y,,,Y,,A,07,0,1,0,0,0,0,1,0,0,"- ","- ",,,"LOS ANGELES","SIGNAL HILL",-118.15559,33.789913560000002
8108563,2016,2017-02-18,1942,2016-08-01,0950,40157,0822,1,5,7,1942,0,0,0,H,0,20TL59,"BAY CLUB DR","PACIFIC COAST HWY",6.00,W,N,A,-,Y,LA,7,1,-,-,38.741,I,5,S,N,3,0,1,2,A,-,10,21950,A,N,G,B,B,A,H,-,A,A,0,Y,,,,Y,Y,A,01,0,1,0,0,1,0,0,0,0,"- ","- ",,,"LOS ANGELES","LOS ANGELES",-118.54586489,34.03957475
8108591,2016,2017-02-18,1942,2016-08-01,2035,39299,0667,1,5,7,1942,0,0,0,F,0,20TL59,"BRONSON AV","SANTA MONICA BL",0.00,,Y,A,-,Y,LA,7,2,-,-,12.081,I,6,W,N,4,0,1,2,A,-,05,21650,1,N,H,G,A,A,H,-,C,D,0,,Y,,,Y,,L,04,0,0,1,0,0,0,1,0,0,"- ","- ",,,"LOS ANGELES","LOS ANGELES",-118.31804357999999,34.090759759999997
8109498,2016,2017-02-27,1942,2016-07-08,1000,41089,1443,5,5,7,1942,0,0,0,N,0,8T35,"VENICE BL","GREENWOOD AV",0.00,,Y,A,-,Y,LA,7,187,-,-,4.181,I,5,W,N,3,0,1,2,A,-,08,22107,,F,H,G,A,A,H,-,A,A,0,,Y,,,Y,,-,99,0,1,0,0,0,0,1,0,0,"- ","- ",,,"LOS ANGELES","LOS ANGELES",-118.44264922000001,33.999270840000001
8110930,2016,2017-04-01,1942,2016-08-10,0330,39299,0513,3,5,7,1942,0,0,0,E,0,14T47,"PACIFIC COAST HWY","FIGUEROA PL",114.00,W,N,A,-,Y,LA,7,1,-,-,11.680,H,-,S,N,2,0,1,2,A,-,11,21954,A,N,G,B,D,A,H,-,C,D,0,Y,,,,Y,,N,60,1,0,0,0,1,0,0,0,0,"- ","- ",,,"LOS ANGELES","LOS ANGELES",-118.28335932,33.790653079999998
8111767,2016,2017-02-18,1942,2016-06-18,0001,36020,0316,6,5,7,1942,0,0,0,C,0,,"WESTERN BL","RT 10",3.00,W,N,A,-,Y,LA,7,10,-,R,12.942,R,4,E,N,4,0,1,2,A,-,11,21453,D,N,-,G,A,A,H,-,C,A,0,,Y,,,Y,,L,04,0,0,1,0,0,0,1,0,0,"- ",EO,,,"LOS ANGELES","LOS ANGELES",-118.3068792,34.037001740000001
8111793,2016,2017-02-28,1942,2016-07-22,0755,37906,211,5,5,7,1942,0,0,0,,0,2A17,"MELROSE AV","RT 101",0.00,,Y,A,-,Y,LA,7,101,-,-,4.735,R,4,S,N,3,0,1,2,A,-,05,21650,1,N,A,G,A,A,-,-,A,D,0,,Y,,,Y,,L,04,0,1,0,0,0,0,1,0,0,"- ","- ",,,"LOS ANGELES","LOS ANGELES",-118.29739324000001,34.082512379999997
8112878,2016,2017-02-28,1976,2016-07-19,0853,243,,2,5,5,1976,0,0,0,,0,004,"SCOTT AV","WHITTIER BL",1.00,S,N,A,-,Y,LA,7,72,-,-,1.498,I,6,S,N,3,0,1,2,A,-,11,21456,B,N,G,B,B,A,H,-,A,A,0,Y,,,,Y,,N,60,0,1,0,0,1,0,0,0,0,"- ","- ",,,"LOS ANGELES",WHITTIER,-118.00078761,33.946964860000001
8114430,2016,2017-02-28,1942,2016-07-13,1845,40947,2097,3,5,7,1942,0,0,0,,0,20A58,"NORMANDIE AV","RT 10",0.00,,Y,A,-,Y,LA,7,10,-,R,13.198,R,4,W,N,4,0,1,2,A,-,10,21950,A,N,G,B,B,A,H,-,A,A,0,Y,,,,Y,,A,01,0,0,1,0,1,0,0,0,0,"- ",WO,,,"LOS ANGELES","LOS ANGELES",-118.30243360999999,34.037187979999999
8115143,2016,2017-03-03,1942,2016-08-14,1730,42294,0822,7,5,7,1942,0,0,0,H,0,8A12,"RT 1","SUNSET BL",1500.00,S,N,A,-,Y,LA,7,1,-,-,39.050,H,-,S,N,3,0,1,2,A,-,07,21658,A,N,B,G,A,A,H,-,A,D,0,,Y,,,Y,,-,"- ",0,1,0,0,0,0,1,0,0,"- ","- ",,,"LOS ANGELES","LOS ANGELES",-118.55110117,34.039289420000003
8115739,2016,2017-02-18,1976,2016-07-18,0020,00386,,1,5,5,1976,0,0,0,,0,003,"WHITTIER BL","PAINTER AV",12.00,E,N,A,-,Y,LA,7,72,-,-,3.650,I,5,N,N,4,0,1,2,A,-,10,21950,A,N,G,B,B,A,H,-,C,A,0,Y,,,,Y,,A,01,0,0,1,0,1,0,0,0,0,"- ","- ",,,"LOS ANGELES",WHITTIER,-118.03263275,33.963184470000002
8116250,2016,2017-02-18,1900,2016-05-05,2046,552623,1320,4,5,5,1935,0,0,0,,0,132F,"RT 19","DEL AMO BL",15.00,E,N,B,-,Y,LA,7,19,-,-,3.980,I,5,S,N,3,0,1,2,A,-,12,21453,A,F,G,B,B,A,H,-,C,A,0,Y,,,,Y,,A,,0,1,0,0,1,0,0,0,0,"- ","- ",,,"LOS ANGELES",LAKEWOOD,-118.14247727,33.847001710000001
8116622,2016,2017-03-13,1900,2016-08-12,2213,522303,2610,5,5,6,1950,0,0,0,,0,262T1,"RT 138","20TH ST EAST",634.00,W,N,A,-,Y,LA,7,138,-,-,45.590,H,-,E,,1,1,0,2,A,-,11,21955,,F,G,B,D,A,H,-,C,A,0,Y,,,,Y,Y,N,60,0,0,0,1,0,0,0,0,0,"- ","- ",,,"LOS ANGELES",PALMDALE,-118.09620318,34.57968769
8117054,2016,2017-02-18,1941,2016-08-23,1640,10781,,2,5,7,1941,0,0,0,,0,,"PACIFIC COAST HWY","E SANTA FE AV",29.00,W,N,A,-,Y,LA,7,1,-,-,7.771,I,5,S,Y,3,0,2,3,A,-,12,21453,A,N,D,G,A,A,H,-,A,A,0,,Y,,,Y,,L,,0,2,0,0,0,0,1,0,0,"- ","- ",,,"LOS ANGELES","LONG BEACH",-118.21546438,33.789817370000002
8117069,2016,2017-02-18,1941,2016-08-22,1105,6280,,1,5,7,1941,0,0,0,,0,,"PACIFIC COAST HWY",STUDEBAKER,0.00,,Y,-,-,Y,LA,7,1,-,-,0.212,I,5,N,N,3,0,1,2,A,-,12,21453,A,N,G,G,A,A,H,-,A,D,0,,Y,,,Y,,A,,0,1,0,0,0,0,1,0,0,"- ","- ",,,"LOS ANGELES","LONG BEACH",-118.10725454999999,33.753908920000001
8117118,2016,2017-02-18,1941,2016-08-15,2300,6049,,1,5,7,1941,0,0,0,,0,,"PACIFIC COAST HWY","WALNUT AV",0.00,,Y,A,-,Y,LA,7,1,-,-,5.261,I,6,N,N,4,0,1,2,-,-,"- ",,,M,D,G,A,A,H,-,C,A,0,,Y,,,Y,,-,"- ",0,0,1,0,0,0,1,0,0,"- ","- ",,,"LOS ANGELES","LONG BEACH",-118.17191314999999,33.78991731
8117304,2016,2017-02-23,1941,2016-08-06,1523,10143,,6,5,7,1941,0,0,0,,0,,PCH,BELLFLOWER,0.00,,Y,A,-,Y,LA,7,1,-,-,10.860,I,5,S,N,4,0,1,2,-,-,"- ",,,N,D,G,A,A,H,-,A,A,0,,Y,,,Y,,-,"- ",0,0,1,0,0,0,1,0,0,"- ","- ",,,"LOS ANGELES","LONG BEACH",-118.26901768,33.790810090000001
8118794,2016,2017-02-18,1976,2016-08-25,1829,279,1976,4,5,5,1976,0,0,0,,0,00Z,"WHITTIER BL","COMSTOCK AV",0.00,,Y,A,-,Y,LA,7,72,-,-,4.060,I,5,N,N,2,0,1,2,A,-,11,21954,A,N,G,B,D,A,H,-,A,D,0,Y,,,,Y,,A,07,1,0,0,0,1,0,0,0,0,"- ","- ",,,"LOS ANGELES",WHITTIER,-118.03854201,33.966492639999998
8119049,2016,2017-02-18,1944,2016-08-29,1246,345,SOUTH,1,5,4,1944,0,0,0,,0,002,"SEPULVEDA BL","8TH ST",9.00,N,N,A,-,Y,LA,7,1,-,-,22.641,I,5,S,N,4,0,1,2,A,-,11,21456,B,N,D,B,B,A,H,-,A,A,0,Y,,,,Y,,N,60,0,0,1,0,1,0,0,0,0,"- ","- ",,,"LOS ANGELES","MANHATTAN BEACH",-118.39608569000001,33.883754930000002
8120021,2016,2017-02-28,1942,2016-07-05,1630,41411,0318,2,5,7,1942,0,0,0,C,0,3A12,"HOOVER ST","RT 10",0.00,,Y,A,-,Y,LA,7,10,-,-,14.370,R,3,E,N,4,0,1,2,A,-,10,21950,A,N,G,B,B,A,H,-,A,A,0,Y,,,,Y,,A,01,0,0,1,0,1,0,0,0,0,"- ","- ",,,"LOS ANGELES","LOS ANGELES",-118.28193348000001,34.037465509999997
81215705,2020,2020-03-25,1933,2020-02-05,1815,943,01,3,5,6,1933,0,0,0,,0,001,"CENTINELA AV","ACACIA ST",0.00,,Y,A,-,Y,,,,,,,,,,N,4,0,1,3,A,-,11,21955,,N,G,B,D,A,H,-,C,D,0,Y,,,,Y,Y,N,60,0,0,1,0,1,0,0,0,0,"- ","- ",33.976871490478516,-118.36393737792969,"LOS ANGELES",INGLEWOOD,-118.36411285400391,33.976791381835938
8121666,2016,2017-02-18,1976,2016-08-24,2239,851,,3,5,5,1976,0,0,0,,0,,"WHITTIER BL","HADLEY ST",150.00,E,N,A,-,Y,LA,7,72,-,-,5.470,H,-,N,N,4,0,1,2,A,-,09,21804,A,N,H,G,A,A,H,-,C,D,0,,Y,,,Y,,D,22,0,0,1,0,0,0,1,0,0,"- ","- ",,,"LOS ANGELES",WHITTIER,-118.05329476999999,33.9827279
8122248,2016,2017-01-21,1941,2016-09-02,0041,6282,,5,5,7,1941,0,0,0,,0,,"PACIFIC COAST HWY",ROSE,83.00,E,N,A,-,Y,LA,7,1,-,-,5.120,H,-,N,N,2,0,1,2,A,-,11,21954,A,N,G,B,E,A,H,-,C,D,0,Y,,,,Y,,N,,1,0,0,0,1,0,0,0,0,"- ","- ",,,"LOS ANGELES","LONG BEACH",-118.16952538,33.789917330000002
8122910,2016,2017-03-01,1900,2016-08-28,1211,524061,0560,7,5,3,1968,0,0,0,,0,55T1AM,"RT 164","GARVEY AV",0.00,,Y,A,-,Y,LA,7,164,-,-,4.810,I,5,S,N,3,0,1,2,A,-,11,21453,D,N,G,B,B,A,H,-,A,A,0,Y,,,,Y,,N,60,0,1,0,0,1,0,0,0,0,"- ","- ",,,"LOS ANGELES","SOUTH EL MONTE",-118.06551992,34.062703220000003
8122942,2016,2017-03-01,1942,2016-08-28,1945,42322,2103,7,5,7,1942,0,0,0,,0,21A56,"PARTHENIA ST","TOPANGA CANYON BL",0.00,W,N,A,-,Y,LA,7,27,-,-,16.471,I,6,N,N,4,0,1,2,A,-,05,21650,1,M,D,G,A,A,H,-,C,A,0,,Y,,,Y,,L,04,0,0,1,0,0,0,1,0,0,"- ","- ",,,"LOS ANGELES","LOS ANGELES",-118.60377450999999,34.22836195
8124334,2016,2017-02-18,1972,2016-08-17,1906,19086,,3,5,6,1972,0,0,0,,0,,HAWTHORNE,EMERALD,0.00,,Y,A,-,Y,LA,7,107,-,-,2.514,I,5,N,N,4,0,1,2,A,-,10,21950,A,N,G,G,A,A,H,-,A,A,0,,Y,,,Y,,-,,0,0,1,0,0,0,1,0,0,"- ","- ",,,"LOS ANGELES",TORRANCE,-118.35362318999999,33.841370830000002
8124358,2016,2017-02-18,1972,2016-08-28,1640,15555,,7,5,6,1972,0,0,0,,0,,"ARTESIA BL","HAWTHORNE BL",55.00,E,N,A,-,Y,LA,7,107,-,-,4.696,I,6,N,N,4,0,1,2,A,-,00,21954,,N,G,B,D,A,H,-,A,A,0,Y,,,,Y,,N,,0,0,1,0,1,0,0,0,0,"- ","- ",,,"LOS ANGELES",TORRANCE,-118.35235444,33.872904830000003
8125558,2016,2017-01-21,1976,2016-09-11,0151,00386,,7,5,5,1976,0,0,0,,0,002,"SORENSEN AV","WHITTIER BL",12.00,S,N,A,-,Y,LA,7,72,-,-,5.266,I,5,S,N,3,0,1,2,A,-,10,21950,A,N,G,B,B,A,H,-,C,A,0,Y,,,,Y,,A,01,0,1,0,0,1,0,0,0,0,"- ","- ",,,"LOS ANGELES",WHITTIER,-118.05070677000001,33.980752189999997
8125585,2016,2017-01-21,1900,2016-09-22,2015,552036,1011,4,5,3,1995,0,0,0,,0,101T2,"RT 1","TRANCAS CANYON RD",0.00,,Y,A,-,Y,LA,7,1,-,-,56.850,I,5,N,N,3,0,1,2,A,-,11,21453,D,N,G,B,B,A,H,-,C,A,0,Y,,,,Y,,N,60,0,1,0,0,1,0,0,0,0,"- ","- ",34.031080000000003,-118.84347,"LOS ANGELES",MALIBU,-118.84360556,34.03117984