CASE_ID,ACCIDENT_YEAR,PROC_DATE,JURIS,COLLISION_DATE,COLLISION_TIME,OFFICER_ID,REPORTING_DISTRICT,DAY_OF_WEEK,CHP_SHIFT,POPULATION,CNTY_CITY_LOC,SPECIAL_COND,BEAT_TYPE,CHP_BEAT_TYPE,CITY_DIVISION_LAPD,CHP_BEAT_CLASS,BEAT_NUMBER,PRIMARY_RD,SECONDARY_RD,DISTANCE,DIRECTION,INTERSECTION,WEATHER_1,WEATHER_2,STATE_HWY_IND,CALTRANS_COUNTY,CALTRANS_DISTRICT,STATE_ROUTE,ROUTE_SUFFIX,POSTMILE_PREFIX,POSTMILE,LOCATION_TYPE,RAMP_INTERSECTION,SIDE_OF_HWY,TOW_AWAY,COLLISION_SEVERITY,NUMBER_KILLED,NUMBER_INJURED,PARTY_COUNT,PRIMARY_COLL_FACTOR,PCF_CODE_OF_VIOL,PCF_VIOL_CATEGORY,PCF_VIOLATION,PCF_VIOL_SUBSECTION,HIT_AND_RUN,TYPE_OF_COLLISION,MVIW,PED_ACTION,ROAD_SURFACE,ROAD_COND_1,ROAD_COND_2,LIGHTING,CONTROL_DEVICE,CHP_ROAD_TYPE,PEDESTRIAN_ACCIDENT,BICYCLE_ACCIDENT,MOTORCYCLE_ACCIDENT,TRUCK_ACCIDENT,NOT_PRIVATE_PROPERTY,ALCOHOL_INVOLVED,STWD_VEHTYPE_AT_FAULT,CHP_VEHTYPE_AT_FAULT,COUNT_SEVERE_INJ,COUNT_VISIBLE_INJ,COUNT_COMPLAINT_PAIN,COUNT_PED_KILLED,COUNT_PED_INJURED,COUNT_BICYCLIST_KILLED,COUNT_BICYCLIST_INJURED,COUNT_MC_KILLED,COUNT_MC_INJURED,PRIMARY_RAMP,SECONDARY_RAMP,LATITUDE,LONGITUDE,COUNTY,CITY,POINT_X,POINT_Y
8308797,2016,2017-03-07,1942,2016-11-17,1845,24475,0635,4,5,7,1942,0,0,0,F,0,6T7,"RT 101","CAHUENGA BL",5.00,W,N,A,-,Y,LA,7,101,-,-,7.588,R,4,S,N,4,0,1,2,A,-,10,21950,A,F,G,B,B,A,H,-,C,A,0,Y,,,,Y,,-,99,0,0,1,0,1,0,0,0,0,"- ","- ",,,"LOS ANGELES","LOS ANGELES",-118.3326344,34.10894656
8310176,2017,2017-06-29,1941,2017-02-07,1804,10639,,2,5,7,1941,0,0,0,,0,,"PACIFIC COAST HWY","MOLINO AV",100.00,E,N,C,-,Y,LA,7,1,-,-,4.720,H,-,S,N,3,0,1,2,A,-,11,21954,A,N,G,B,D,B,H,-,C,D,0,Y,,,,Y,Y,N,,0,1,0,0,1,0,0,0,0,"- ","- ",,,"LOS ANGELES","LONG BEACH",-118.16246544000001,33.789805880000003
8314662,2017,2017-12-26,1941,2017-02-18,0857,10913,,6,5,7,1941,0,0,0,,0,,"PACIFIC COAST HWY","TEMPLE AV",0.00,,Y,C,-,Y,LA,7,1,-,-,4.511,I,5,N,N,3,0,1,2,A,-,10,21950,A,N,G,B,B,B,H,-,A,A,0,Y,,,,Y,,A,,0,1,0,0,1,0,0,0,0,"- ","- ",,,"LOS ANGELES","LONG BEACH",-118.15894101000001,33.789918280000002
8314666,2017,2017-12-26,1941,2017-02-13,0726,10939,,1,5,7,1941,0,0,0,,0,,"PACIFIC COAST HWY","OREGON AV",0.00,,Y,A,-,Y,LA,7,1,-,-,6.941,I,5,S,N,3,0,1,2,A,-,09,21804,A,N,G,G,A,A,H,-,A,A,0,,Y,,Y,Y,,L,,0,1,0,0,0,0,1,0,0,"- ","- ",,,"LOS ANGELES","LONG BEACH",-118.20102064,33.789810230000001
8314678,2017,2017-12-26,1941,2017-02-14,0955,10939,,2,5,7,1941,0,0,0,,0,,"PACIFIC COAST HWY","PINE AV",30.00,E,N,B,-,Y,LA,7,1,-,-,6.430,H,-,S,N,3,0,1,2,A,-,08,22107,,N,D,G,A,A,H,-,A,D,0,,Y,,,Y,,A,,0,1,0,0,0,0,1,0,0,"- ","- ",,,"LOS ANGELES","LONG BEACH",-118.19222064,33.789809570000003
8316327,2016,2017-03-07,1942,2016-12-19,1645,37705,0422,1,5,7,1942,0,0,0,D,0,24T53,"DALY ST","MOZART ST",256.00,S,N,A,-,Y,LA,7,5,-,-,19.301,R,4,N,N,4,0,1,2,A,-,10,21950,A,F,-,B,B,A,H,-,B,A,0,Y,,,,Y,,-,99,0,0,1,0,1,0,0,0,0,"- ","- ",,,"LOS ANGELES","LOS ANGELES",-118.21629307000001,34.067469979999998
8316335,2016,2017-03-07,1938,2016-12-24,1744,976,,6,5,4,1938,0,0,0,,0,003,"FOOTHILL BL","WHITE AV",274.00,W,N,A,-,Y,LA,7,66,-,-,1.680,H,-,E,N,4,0,1,2,A,-,11,21954,A,N,G,B,D,A,H,-,C,D,0,Y,,,,Y,Y,N,60,0,0,1,0,1,0,0,0,0,"- ","- ",,,"LOS ANGELES","LA VERNE",-117.76245629,34.112389589999999
8316383,2016,2017-03-04,1942,2016-12-18,0025,41619,0656,7,5,7,1942,0,0,0,F,0,6A49,"SANTA MONICA BL","EL CENTRO AV",10.00,W,N,A,-,Y,LA,7,2,-,-,11.711,I,5,E,N,4,0,1,2,A,-,11,21954,A,F,G,B,E,A,H,-,C,D,0,Y,,,,Y,Y,N,60,0,0,1,0,1,0,0,0,0,"- ","- ",,,"LOS ANGELES","LOS ANGELES",-118.32447119,34.090748349999998
8320106,2017,2018-02-16,1976,2017-02-01,1959,507,,3,5,5,1976,0,0,0,,0,002,"WHITTIER BL","LAUREL AV",2.00,W,N,A,-,Y,LA,7,72,-,-,3.403,I,5,S,N,2,0,1,2,A,-,11,21461,5,N,G,B,D,A,H,-,C,A,0,Y,,,,Y,,N,60,1,0,0,0,1,0,0,0,0,"- ","- ",,,"LOS ANGELES",WHITTIER,-118.02921065,33.96101874
8322455,2016,2017-03-29,1900,2016-11-17,0649,546014,1335,4,5,5,1908,0,0,0,,0,133T1,"RT 19","FLOWER ST",0.00,,Y,A,-,Y,LA,7,19,-,-,6.394,I,5,S,N,3,0,1,2,A,-,10,21950,A,N,-,B,B,A,H,-,A,A,0,Y,,,,Y,,A,01,0,1,0,0,1,0,0,0,0,"- ","- ",,,"LOS ANGELES",BELLFLOWER,-118.14273086,33.882014740000002
8322479,2016,2017-03-29,1900,2016-11-23,0636,546014,1369,3,5,5,1952,0,0,0,,0,133K,"RT 19","PASEO ST",0.00,,Y,A,-,Y,LA,7,19,-,-,7.266,I,6,S,N,4,0,1,2,A,-,05,21650,1,M,A,G,A,A,H,-,A,A,0,,Y,,,Y,,L,04,0,0,1,0,0,0,1,0,0,"- ","- ",,,"LOS ANGELES",PARAMOUNT,-118.14279988,33.894543169999999
8323995,2017,2017-06-28,1942,2017-02-05,1120,35122,1403,7,5,7,1942,0,0,0,N,0,14A13,"NATIONAL BL","RT 405",3.00,E,N,A,-,Y,LA,7,405,-,-,28.901,R,1,N,N,3,0,1,2,A,-,11,21456,B,N,G,B,B,A,H,-,A,A,0,Y,,,,Y,,N,60,0,1,0,0,1,0,0,0,0,"- ",NF,,,"LOS ANGELES","LOS ANGELES",-118.42738119000001,34.023649599999999
8323999,2017,2018-01-06,1942,2017-02-16,0900,4077317,1445,4,5,7,1942,0,0,0,N,0,7TL23,"VENICE BL","BEETHOVEN ST",0.00,,Y,A,-,Y,LA,7,187,-,-,4.271,I,5,W,Y,3,0,1,2,D,-,00,,,N,D,G,A,A,H,-,A,A,0,,Y,,,Y,,-,"- ",0,1,0,0,0,0,1,0,0,"- ","- ",,,"LOS ANGELES","LOS ANGELES",-118.44130574,33.999945650000001
8325795,2017,2018-02-16,1976,2017-02-18,1600,370,,6,5,5,1976,0,0,0,,0,002,"COMSTOCK AV","WHITTIER BL",7.00,S,N,A,-,Y,LA,7,72,-,-,4.060,I,6,S,N,3,0,1,2,A,-,10,21950,A,N,G,B,B,A,H,-,A,D,0,Y,,,,Y,,A,01,0,1,0,0,1,0,0,0,0,"- ","- ",,,"LOS ANGELES",WHITTIER,-118.03864255000001,33.966404279999999
8327412,2017,2018-04-23,1967,2017-02-28,0515,147,,2,5,2,1967,0,0,0,,0,SOUTH,"RT 1","REDONDO AV",0.00,,Y,A,-,Y,LA,7,1,-,-,4.101,I,5,S,N,4,0,1,2,D,-,00,,,F,H,G,A,A,H,-,B,A,0,,Y,,,Y,,-,"- ",0,0,1,0,0,0,1,0,0,"- ","- ",,,"LOS ANGELES","SIGNAL HILL",-118.15185518,33.789799330000001
8327483,2017,2017-06-29,1942,2017-01-09,2040,41977,0516,1,5,7,1942,0,0,0,E,0,5921,"MARINE AV","S PACIFIC COAST HWY",11.00,S,N,A,-,Y,LA,7,1,-,-,10.607,I,6,N,N,3,0,1,2,A,-,10,21950,A,F,G,B,B,A,H,-,C,A,0,Y,,,,Y,,-,99,0,1,0,0,1,0,0,0,0,"- ","- ",,,"LOS ANGELES","LOS ANGELES",-118.26463382999999,33.79114096
8327655,2017,2017-07-28,1942,2017-03-09,2135,35433,1935,4,5,7,1942,0,0,0,,0,16TL25,"SEPULVEDA BL","RINALDI ST",0.00,,Y,A,-,Y,LA,7,405,-,-,47.613,R,4,N,Y,3,0,1,2,A,-,12,21453,A,F,D,G,A,A,H,-,C,A,0,,Y,,,Y,,A,01,0,1,0,0,0,0,1,0,0,"- ","- ",,,"LOS ANGELES","LOS ANGELES",-118.47038624,34.276889930000003
8329577,2017,2018-02-07,1900,2017-03-12,2000,523109,2611,7,5,6,1950,0,0,0,,0,262T1,"DIVISION ST","RT 138",0.00,,Y,A,-,Y,LA,7,138,-,-,43.681,I,6,E,N,4,0,1,2,A,-,08,22107,,M,G,B,E,A,H,-,C,D,0,Y,,,,Y,,A,07,0,0,1,0,1,0,0,0,0,"- ","- ",,,"LOS ANGELES",PALMDALE,-118.12954252,34.579825390000003
8332715,2017,2017-07-28,1929,2017-03-16,1100,181,,4,5,3,1929,0,0,0,,0,,"PACIFIC COAST HWY","GOULD AV",0.00,,Y,A,-,Y,LA,7,1,-,-,21.919,I,5,S,Y,4,0,1,3,A,-,09,21804,A,N,D,B,-,A,D,-,A,B,0,Y,,,,Y,,A,01,0,0,1,0,1,0,0,0,0,"- ","- ",,,"LOS ANGELES","HERMOSA BEACH",-118.39564468,33.872815969999998
8333011,2017,2018-02-15,1941,2017-03-16,1741,5868,,4,5,7,1941,0,0,0,,0,023,"ARTESIA BL","RT 710",0.00,,Y,A,-,Y,LA,7,710,-,-,12.769,R,4,S,N,3,0,1,2,A,-,08,22107,,N,A,G,A,A,H,-,A,D,0,,Y,,,Y,,A,,0,1,0,0,0,0,1,0,0,"- ",SO,,,"LOS ANGELES","LONG BEACH",-118.19397192,33.872540659999999
8334520,2017,2017-06-30,1900,2017-02-19,1100,552036,1017,7,5,3,1995,0,0,0,,0,101T1,"RT 1","BIG ROCK DR",2640.00,N,N,B,-,Y,LA,7,1,-,-,43.990,H,-,S,N,4,0,1,2,A,-,21,22106,,N,C,G,A,A,H,-,A,D,0,,Y,,,Y,,A,07,0,0,1,0,0,0,1,0,0,"- ","- ",34.037509999999997,-118.61771,"LOS ANGELES",MALIBU,-118.63380892000001,34.037288779999997
8336007,2017,2018-04-09,1942,2017-04-16,2140,42146,1437,7,5,7,1942,0,0,0,N,0,6T7,"VENICE BL","DUFRESNE CT",39.00,E,N,A,-,Y,LA,7,187,-,-,5.960,H,-,W,N,2,0,1,2,A,-,03,22350,A,F,G,B,D,A,H,-,C,A,0,Y,,,,Y,,-,99,1,0,0,0,1,0,0,0,0,"- ","- ",,,"LOS ANGELES","LOS ANGELES",-118.41670019,34.013373739999999
8337419,2017,2017-07-28,1942,2017-03-08,0215,37700,0861,3,5,7,1942,0,0,0,H,0,8T35,"PACIFIC COAST HWY","SUNSET BL",520.00,S,N,A,-,Y,LA,7,1,-,-,39.280,H,-,S,N,2,0,1,2,A,-,11,21956,A,F,G,B,E,A,H,-,C,D,0,Y,,,,Y,,N,60,1,0,0,0,1,0,0,0,0,"- ","- ",,,"LOS ANGELES","LOS ANGELES",-118.55490407000001,34.038457770000001
8338986,2017,2018-01-06,1942,2017-02-17,1205,40452,1433,5,5,7,1942,0,0,0,N,0,14TL49,"VENICE BL","PENMAR AV",8.00,E,N,C,-,Y,LA,7,187,-,-,3.620,H,-,W,N,2,0,1,2,A,-,11,21954,A,F,G,B,D,B,H,-,A,D,0,Y,,,,Y,,N,60,1,0,0,0,1,0,0,0,0,"- ","- ",,,"LOS ANGELES","LOS ANGELES",-118.45108786999999,33.995030249999999
8339013,2017,2018-01-06,1900,2017-02-27,1900,525763,6534,1,5,5,1959,0,0,0,,0,53T1PM,"RT 164","WHITMORE ST",132.00,S,N,A,-,Y,LA,7,164,-,-,5.040,H,-,S,N,4,0,1,2,A,-,11,21954,A,N,G,B,E,A,H,-,C,D,0,Y,,,,Y,,N,60,0,0,1,0,1,0,0,0,0,"- ","- ",,,"LOS ANGELES",ROSEMEAD,-118.06797100999999,34.065390290000003
8339040,2017,2017-06-30,1900,2017-03-07,1000,602354,1018,2,5,3,1995,0,0,0,,0,101T1,"RT 1","TUNA CANYON RD",600.00,S,N,A,-,Y,LA,7,1,-,-,41.250,H,-,N,N,4,0,1,2,A,-,08,22107,,N,D,G,A,A,H,-,A,D,0,,Y,,,Y,,A,01,0,0,1,0,0,0,1,0,0,"- ","- ",34.039169999999999,-118.58748,"LOS ANGELES",MALIBU,-118.58751494000001,34.039310710000002
8339051,2017,2018-01-06,1942,2017-03-07,1500,40157,1438,2,5,7,1942,0,0,0,N,0,7TL72,"VENICE BL","OVERLAND AV",25.00,E,N,A,-,Y,LA,7,187,-,-,6.630,H,-,E,N,3,0,1,2,C,-,18,,,N,G,B,F,A,H,-,A,D,0,Y,,,,Y,Y,-,"- ",0,1,0,0,1,0,0,0,0,"- ","- ",,,"LOS ANGELES","LOS ANGELES",-118.40680408999999,34.018619889999997
8342278,2017,2017-07-28,1956,2017-03-20,1009,1239,16,1,5,5,1956,0,0,0,,0,002,"GARNET ST","RT 1",8.00,E,N,A,-,Y,LA,7,1,-,-,19.651,I,6,N,N,2,0,1,2,A,-,10,21950,A,F,G,B,B,A,H,-,A,A,0,Y,,,,Y,,A,01,1,0,0,0,1,0,0,0,0,"- ","- ",,,"LOS ANGELES","REDONDO BEACH",-118.38559546,33.840200070000002
8342508,2017,2018-01-06,1972,2017-02-10,1800,19767,,5,5,6,1972,0,0,0,,0,,"HAWTHORNE BL","EMERALD ST",16.00,S,N,C,-,Y,LA,7,107,-,-,2.514,I,5,N,N,4,0,1,2,A,-,12,21453,A,N,G,B,B,B,H,-,C,A,0,Y,,,,Y,,A,,0,0,1,0,1,0,0,0,0,"- ","- ",,,"LOS ANGELES",TORRANCE,-118.35362318999999,33.841370830000002
8342512,2017,2018-04-23,1972,2017-02-11,1845,18059,,6,5,6,1972,0,0,0,,0,,"AVE I","PACIFIC COAST HWY",18.00,S,N,A,-,Y,LA,7,1,-,-,18.161,I,5,S,N,3,0,1,2,A,-,10,21950,A,N,G,B,B,A,H,-,C,D,0,Y,,,,Y,,D,,0,1,0,0,1,0,0,0,0,"- ","- ",,,"LOS ANGELES",TORRANCE,-118.38445504000001,33.818942839999998
8342532,2017,2018-01-06,1942,2017-03-20,1505,34959,1409,1,5,7,1942,0,0,0,N,0,20TL56,"VENICE BL","CARDIFF AV",0.00,,Y,A,-,Y,LA,7,187,-,-,7.382,I,6,E,N,3,0,1,2,A,-,09,21804,A,N,H,G,A,A,H,-,A,A,0,,Y,,,Y,,L,04,0,1,0,0,0,0,1,0,0,"- ","- ",,,"LOS ANGELES","LOS ANGELES",-118.39590721,34.024815840000002
8344083,2017,2018-04-25,1942,2017-04-03,2320,38353,1134,1,5,7,1942,0,0,0,K,0,11A71,"SAN FERNANDO RD","RT 2",0.00,,Y,A,-,Y,LA,7,2,-,-,16.101,R,4,E,N,3,0,1,2,A,-,05,21650,1,N,D,G,A,A,H,-,C,D,0,,Y,,,Y,,L,04,0,1,0,0,0,0,1,0,0,"- ",NO,,,"LOS ANGELES","LOS ANGELES",-118.24253963,34.11419325
8345624,2017,2018-04-25,1942,2017-04-03,1820,42155,0513,1,5,7,1942,0,0,0,E,0,18T23,"PACIFIC COAST HWY","NORMANDIE AV",0.00,,Y,A,-,Y,LA,7,1,-,-,12.510,H,-,S,Y,2,0,2,3,A,-,07,21658,A,N,G,B,B,A,H,-,C,A,0,Y,,,,Y,,A,07,1,0,1,0,1,0,0,0,0,"- ","- ",,,"LOS ANGELES","LOS ANGELES",-118.29740241,33.78991645
8348660,2017,2018-02-07,1900,2017-03-24,1925,527057,2610,5,5,6,1950,0,0,0,,0,263T1,"RT 138","11TH ST EAST",0.00,,Y,A,-,Y,LA,7,138,-,-,4.800,H,-,W,N,4,0,1,2,A,-,21,22106,,M,H,B,E,A,H,-,B,D,0,Y,,,,Y,,A,07,0,0,1,0,1,0,0,0,0,"- ","- ",,,"LOS ANGELES",PALMDALE,-118.72108835,34.764881350000003
8348698,2017,2018-01-06,1972,2017-03-22,2034,18263,,3,5,6,1972,0,0,0,,0,,HAWTHORNE,TALISMAN,0.00,,Y,A,-,Y,LA,7,107,-,-,3.455,I,6,N,N,4,0,1,2,A,-,09,21804,B,N,D,G,A,A,H,-,C,A,0,,Y,,,Y,,L,,0,0,1,0,0,0,1,0,0,"- ","- ",,,"LOS ANGELES",TORRANCE,-118.35362275,33.855092579999997
8348804,2017,2018-03-26,1923,2017-04-21,1614,472,301,5,5,3,1923,0,0,0,,0,3M5,"ROSECRANS AV","SEPULVEDA BL",5.00,E,N,A,-,Y,LA,7,1,-,-,23.924,I,6,N,N,3,0,1,2,A,-,12,21453,A,F,H,G,A,A,H,-,A,A,0,,Y,,,Y,,L,04,0,1,0,0,0,0,1,0,0,"- ","- ",,,"LOS ANGELES","EL SEGUNDO",-118.39610449,33.901826110000002
8348872,2017,2018-04-25,1941,2017-04-23,1724,11021,,7,5,7,1941,0,0,0,,0,,"PACIFIC COAST HWY","2ND ST",0.00,,Y,A,-,Y,LA,7,1,-,-,0.570,H,-,N,N,3,0,1,2,A,-,11,21954,A,N,G,B,D,A,H,-,A,A,0,Y,,,,Y,,N,,0,1,0,0,1,0,0,0,0,"- ","- ",,,"LOS ANGELES","LONG BEACH",-118.11098511,33.757947270000003
8350163,2017,2018-04-24,1941,2017-04-07,1847,10539,,5,5,7,1941,0,0,0,,0,,"ATLANTIC AV","RT 91",0.00,,Y,A,-,Y,LA,7,91,-,R,11.748,R,4,E,N,3,0,1,2,A,-,09,21453,B,F,-,G,A,A,H,-,A,A,0,,Y,,,Y,,A,,0,1,0,0,0,0,1,0,0,"- ",EF,,,"LOS ANGELES","LONG BEACH",-118.19180569,33.876019749999998
8352558,2017,2018-04-25,1942,2017-04-11,2035,40972,2114,2,5,7,1942,0,0,0,,0,10T35,"TOPANGA CYN","STRATHERN ST",183.00,S,N,A,-,Y,LA,7,27,-,-,15.510,H,-,S,Y,4,0,1,3,A,-,03,22350,,N,D,C,E,A,H,-,C,D,0,Y,,,,Y,,A,01,0,0,1,0,1,0,0,0,0,"- ","- ",,,"LOS ANGELES","LOS ANGELES",-118.60606627,34.215115560000001
8356964,2017,2018-04-25,1941,2017-04-19,0228,5960,,3,5,7,1941,0,0,0,,0,,"PARAMOUNT BL","RT 91",0.00,,Y,A,-,Y,LA,7,91,-,R,0.014,R,4,W,N,4,0,1,2,A,-,05,21650,1,N,D,G,A,A,H,-,C,A,0,,Y,,,Y,,L,,0,0,1,0,0,0,1,0,0,"- ",WF,,,"LOS ANGELES","LONG BEACH",-118.15999005,33.876220089999997
8357912,2017,2018-04-25,1942,2017-04-11,1115,39010,1381,2,5,7,1942,0,0,0,M,0,24TL21,"OLIVE ST","SLAUSON AV",12.00,S,N,A,-,Y,LA,7,110,-,-,17.857,R,4,N,N,4,0,1,2,A,-,10,21950,A,F,G,B,B,A,H,-,A,A,0,Y,,,,Y,,-,99,0,0,1,0,1,0,0,0,0,"- ","- ",,,"LOS ANGELES","LOS ANGELES",-118.28040735,33.987457880000001
8357920,2017,2018-03-22,1942,2017-04-27,1325,34426,0111,4,5,7,1942,0,0,0,A,0,24TL51,"LOS ANGELES ST","ARCADIA ST",0.00,,Y,A,-,Y,LA,7,101,-,-,0.860,H,-,N,Y,2,0,4,5,A,-,12,21453,A,N,D,B,F,A,H,-,A,A,0,Y,,,,Y,,A,01,1,0,3,0,2,0,0,0,0,"- ","- ",,,"LOS ANGELES","LOS ANGELES",-118.23923497,34.055066570000001
8358382,2017,2018-04-25,1942,2017-04-19,2335,38273,1798,3,5,7,1942,0,0,0,Q,0,17T13,"NORDHOFF ST","RT 405",0.00,,Y,A,-,Y,LA,7,405,-,-,44.900,R,1,S,N,4,0,1,2,D,-,00,,,N,G,B,B,A,H,-,C,A,0,Y,,,,Y,,-,"- ",0,0,1,0,1,0,0,0,0,"- ",SF,,,"LOS ANGELES","LOS ANGELES",-118.47315764,34.237740170000002
8359380,2017,2018-04-09,1941,2017-04-24,0221,10575,,1,5,7,1941,0,0,0,,0,,"LONG BEACH BL","RT 91",0.00,,Y,A,-,Y,LA,7,91,-,R,10.910,R,1,E,N,4,0,1,2,A,-,09,21802,A,F,G,G,A,A,H,-,C,A,0,,Y,,,Y,,A,,0,0,1,0,0,0,1,0,0,"- ",EF,,,"LOS ANGELES","LONG BEACH",-118.20576296,33.873041630000003
8360513,2017,2018-04-25,1942,2017-04-16,0145,25115,0212,7,5,7,1942,0,0,0,B,0,24T32,"VERMONT AV","RT 101",0.00,,Y,A,-,Y,LA,7,101,-,-,4.534,R,4,N,N,3,0,1,2,A,-,10,21950,A,N,G,B,C,A,H,-,C,D,0,Y,,,,Y,,A,07,0,1,0,0,1,0,0,0,0,"- ",NO,,,"LOS ANGELES","LOS ANGELES",-118.29441357,34.081556140000004
8361331,2017,2018-04-25,1942,2017-04-06,1410,34282,1941,4,5,7,1942,0,0,0,,0,19L40,"RT 118","SEPULVEDA BL",3.00,W,N,A,-,Y,LA,7,118,-,R,9.888,R,3,E,N,4,0,1,2,A,-,09,21804,A,N,D,G,A,A,H,-,A,A,0,,Y,,,Y,,L,04,0,0,1,0,0,0,1,0,0,EF,"- ",,,"LOS ANGELES","LOS ANGELES",-118.47086633000001,34.265869930000001
8362373,2017,2018-04-25,1976,2017-04-12,1850,491,1926,3,5,5,1976,0,0,0,,0,004,"BOGARDUS AV","WHITTIER BL",12.00,N,N,A,-,Y,LA,7,72,-,-,0.459,I,6,N,N,2,0,1,1,B,-,22,,,N,E,A,A,A,G,-,A,D,0,,Y,,,Y,,-,"- ",1,0,0,0,0,0,1,0,0,"- ","- ",,,"LOS ANGELES",WHITTIER,-117.98416448,33.940910629999998
8362378,2017,2018-04-25,1941,2017-04-12,2104,11029,,3,5,7,1941,0,0,0,,0,,"PACIFIC COAST HWY","ATLANTIC AV",0.00,,Y,A,-,Y,LA,7,1,-,-,6.021,I,6,N,N,4,0,1,2,A,-,08,22107,,N,D,G,A,A,H,-,C,A,0,,Y,,,Y,,A,,0,0,1,0,0,0,1,0,0,"- ","- ",,,"LOS ANGELES","LONG BEACH",-118.18518689,33.789918210000003
8362465,2017,2018-04-25,1942,2017-04-23,1740,39058,1443,7,5,7,1942,0,0,0,N,0,8TL26,"GARFIELD AV","LINCOLN BL",7.00,W,N,A,-,Y,LA,7,1,-,-,32.001,I,6,S,N,3,0,1,2,A,-,09,21804,A,N,H,G,A,A,H,-,A,A,0,,Y,,,Y,,L,04,0,1,0,0,0,0,1,0,0,"- ","- ",,,"LOS ANGELES","LOS ANGELES",-118.45020882,33.992762069999998
8367096,2017,2018-04-11,1942,2017-05-03,0820,30830,1952,3,5,7,1942,0,0,0,,0,16TL23,"DEVONSHIRE ST","RT 405",0.00,,Y,A,-,Y,LA,7,405,-,-,46.724,R,4,S,N,4,0,1,2,A,-,05,21650,1,N,H,G,A,A,H,-,A,D,0,,Y,,,Y,,L,04,0,0,1,0,0,0,1,0,0,"- ",SF,,,"LOS ANGELES","LOS ANGELES",-118.47230209999999,34.264176929999998
8370926,2017,2018-03-19,1976,2017-05-10,1326,212,,3,5,5,1976,0,0,0,,0,004,"WHITTIER BL","COLIMA RD",0.00,,Y,B,-,Y,LA,7,72,-,-,1.853,I,5,S,Y,4,0,1,3,A,-,12,21453,A,N,D,C,F,A,H,-,A,A,0,Y,,,,Y,,A,01,0,0,1,0,1,0,0,0,0,"- ","- ",,,"LOS ANGELES",WHITTIER,-118.00655829,33.94874119
8370996,2017,2018-03-17,1900,2017-05-12,2001,527057,2610,5,5,6,1950,0,0,0,,0,263T1,"PALMDALE BL","20TH ST EAST",482.00,W,N,A,-,Y,LA,7,138,-,-,45.620,H,-,E,N,3,0,1,2,A,-,08,22107,,M,C,G,A,A,H,-,C,D,0,,Y,,,Y,,A,08,0,1,0,0,0,0,1,0,0,"- ","- ",,,"LOS ANGELES",PALMDALE,-118.09568228000001,34.579692129999998
8371186,2017,2018-04-11,1942,2017-05-03,1630,41921,0519,3,5,7,1942,0,0,0,E,0,5T25,"PACIFIC COAST HWY","O ST",1031.00,E,N,A,-,Y,LA,7,1,-,-,8.890,H,-,N,N,2,0,1,2,A,-,03,22350,,N,C,G,A,A,H,-,A,D,0,,Y,,,Y,,A,01,1,0,0,0,0,0,1,0,0,"- ","- ",,,"LOS ANGELES","LOS ANGELES",-118.23505304,33.79164815
8376463,2017,2018-04-25,1929,2017-05-24,0740,196,1929,3,5,3,1929,0,0,0,,0,,"PACIFIC COAST HWY","1ST ST",0.00,,Y,A,-,Y,LA,7,1,-,-,20.681,I,6,N,N,3,0,1,2,A,-,08,22107,,F,G,B,B,-,G,-,A,D,0,Y,,,,Y,,A,07,0,1,0,0,1,0,0,0,0,"- ","- ",,,"LOS ANGELES","HERMOSA BEACH",-118.39038293999999,33.855452419999999
8376589,2017,2018-03-24,1900,2017-04-28,2118,606776,0531,5,5,5,1959,0,0,0,,0,53HPM,"DE ADALENA ST","RT 164",0.00,,Y,A,-,Y,LA,7,164,-,-,5.933,I,5,S,N,3,0,1,2,A,-,12,22450,A,F,G,B,B,A,H,-,C,D,0,Y,,,,Y,,A,01,0,1,0,0,1,0,0,0,0,"- ","- ",34.076700000000002,-118.0729,"LOS ANGELES",ROSEMEAD,-118.07318682,34.076723489999999
8376666,2017,2018-03-17,1942,2017-05-16,1920,37613,1414,2,5,7,1942,0,0,0,N,0,8T35,"LINCOLN BL","MACHADO DR",80.00,S,N,A,-,Y,LA,7,1,-,-,33.280,H,-,S,N,4,0,1,2,A,-,08,22107,,N,B,G,A,A,H,-,A,D,0,,Y,,,Y,,A,01,0,0,1,0,0,0,1,0,0,"- ","- ",,,"LOS ANGELES","LOS ANGELES",-118.46952792,34.002079510000002
8376751,2017,2018-04-24,1955,2017-05-30,1926,40624,0035,2,5,6,1955,0,0,0,,0,002,"GAREY AV","RT 10",0.00,,Y,A,-,Y,LA,7,10,-,-,45.623,R,4,W,N,4,0,1,2,A,-,10,21950,A,F,G,B,B,A,H,-,A,A,0,Y,,,,Y,,-,,0,0,1,0,1,0,0,0,0,"- ",WO,,,"LOS ANGELES",POMONA,-117.75401212,34.073238889999999
8379057,2017,2018-03-08,1941,2017-04-07,2015,6278,,5,5,7,1941,0,0,0,,0,,"PACIFIC COAST HWY","MARTIN LUTHER KING",0.00,,Y,A,-,Y,LA,7,1,-,-,5.761,I,5,N,N,4,0,1,2,A,-,08,22107,,N,H,B,B,A,H,-,C,A,0,Y,,,,Y,,A,01,0,0,1,0,1,0,0,0,0,"- ","- ",,,"LOS ANGELES","LONG BEACH",-118.18059381,33.789914930000002
8381962,2017,2018-04-11,1942,2017-05-21,1730,34959,0891,7,5,7,1942,0,0,0,H,0,20TL56,"BUNDY DR","PICO BL",438.00,S,N,A,-,Y,LA,7,10,-,R,4.499,R,4,W,N,3,0,1,3,A,-,11,21954,A,N,G,B,E,A,H,-,A,D,0,Y,,,,Y,,N,60,0,1,0,0,1,0,0,0,0,"- ","- ",,,"LOS ANGELES","LOS ANGELES",-118.44978257,34.028218289999998