CASE_ID,ACCIDENT_YEAR,PROC_DATE,JURIS,COLLISION_DATE,COLLISION_TIME,OFFICER_ID,REPORTING_DISTRICT,DAY_OF_WEEK,CHP_SHIFT,POPULATION,CNTY_CITY_LOC,SPECIAL_COND,BEAT_TYPE,CHP_BEAT_TYPE,CITY_DIVISION_LAPD,CHP_BEAT_CLASS,BEAT_NUMBER,PRIMARY_RD,SECONDARY_RD,DISTANCE,DIRECTION,INTERSECTION,WEATHER_1,WEATHER_2,STATE_HWY_IND,CALTRANS_COUNTY,CALTRANS_DISTRICT,STATE_ROUTE,ROUTE_SUFFIX,POSTMILE_PREFIX,POSTMILE,LOCATION_TYPE,RAMP_INTERSECTION,SIDE_OF_HWY,TOW_AWAY,COLLISION_SEVERITY,NUMBER_KILLED,NUMBER_INJURED,PARTY_COUNT,PRIMARY_COLL_FACTOR,PCF_CODE_OF_VIOL,PCF_VIOL_CATEGORY,PCF_VIOLATION,PCF_VIOL_SUBSECTION,HIT_AND_RUN,TYPE_OF_COLLISION,MVIW,PED_ACTION,ROAD_SURFACE,ROAD_COND_1,ROAD_COND_2,LIGHTING,CONTROL_DEVICE,CHP_ROAD_TYPE,PEDESTRIAN_ACCIDENT,BICYCLE_ACCIDENT,MOTORCYCLE_ACCIDENT,TRUCK_ACCIDENT,NOT_PRIVATE_PROPERTY,ALCOHOL_INVOLVED,STWD_VEHTYPE_AT_FAULT,CHP_VEHTYPE_AT_FAULT,COUNT_SEVERE_INJ,COUNT_VISIBLE_INJ,COUNT_COMPLAINT_PAIN,COUNT_PED_KILLED,COUNT_PED_INJURED,COUNT_BICYCLIST_KILLED,COUNT_BICYCLIST_INJURED,COUNT_MC_KILLED,COUNT_MC_INJURED,PRIMARY_RAMP,SECONDARY_RAMP,LATITUDE,LONGITUDE,COUNTY,CITY,POINT_X,POINT_Y
8383613,2017,2018-03-17,1956,2017-05-23,0642,1320,29,2,5,5,1956,0,0,0,,0,002,"NORTH IRENA","RT 1",0.00,,Y,A,-,Y,LA,7,1,-,-,20.461,I,5,N,N,4,0,1,2,A,-,05,21650,1,N,G,G,A,A,H,-,A,A,0,,Y,,,Y,,L,04,0,0,1,0,0,0,1,0,0,"- ","- ",,,"LOS ANGELES","REDONDO BEACH",-118.38951681,33.852259179999997
8384742,2017,2017-06-29,1900,2017-06-19,1555,489523,0452,1,5,6,1949,0,0,0,,0,45T1,"IMPERIAL HWY","AVENIDA MANUEL SALINAS",18.00,W,N,A,-,Y,,,,,,,,,,N,3,0,1,2,A,-,10,21950,A,M,G,B,B,A,H,-,A,A,0,Y,,,,Y,,A,01,0,1,0,0,1,0,0,0,0,"- ","- ",,,"LOS ANGELES",NORWALK,-118.0700192,33.917209999999997
8385421,2017,2018-04-24,1942,2017-05-14,2000,34288,0221,7,5,7,1942,0,0,0,B,0,2A5,"VERMONT AV","RT 101",0.00,,Y,A,-,Y,LA,7,101,-,-,4.135,R,3,S,N,4,0,1,2,A,-,10,21950,A,F,G,B,B,A,H,-,A,A,0,Y,,,,Y,,-,99,0,0,1,0,1,0,0,0,0,"- ",SO,,,"LOS ANGELES","LOS ANGELES",-118.2877526,34.078200340000002
8385505,2017,2017-07-07,1926,2017-06-26,1105,0082,,1,5,5,1926,0,0,0,,0,001,"RT 66","PARKER DR",20.00,E,N,A,-,Y,,,,,,,,,,N,4,0,1,2,A,-,05,21650,1,N,D,G,A,A,H,-,A,D,0,,Y,,,Y,,L,04,0,0,1,0,0,0,1,0,0,"- ","- ",,,"LOS ANGELES",GLENDORA,-117.87101407,34.128810000000001
8386410,2017,2018-04-11,1942,2017-05-22,1000,41804,0889,1,5,7,1942,0,0,0,H,0,7A85,"LA CIENEGA BL",VENICE,280.00,N,N,A,-,Y,LA,7,10,-,R,8.624,R,1,E,N,4,0,1,2,A,-,12,22450,A,F,H,G,A,A,H,-,A,D,0,,Y,,,Y,,-,99,0,0,1,0,0,0,1,0,0,"- ","- ",,,"LOS ANGELES","LOS ANGELES",-118.38124446,34.036377850000001
8386525,2017,2018-03-19,1942,2017-05-10,0745,42630,0516,3,5,7,1942,0,0,0,E,0,HARBOR,"MARINE AV","PACIFIC COAST HWY",11.00,N,N,A,-,Y,LA,7,1,-,-,10.607,I,5,N,N,4,0,2,3,A,-,10,21950,A,F,D,B,C,A,H,-,A,D,0,Y,,,,Y,,-,99,0,0,2,0,2,0,0,0,0,"- ","- ",,,"LOS ANGELES","LOS ANGELES",-118.26463382999999,33.79114096
8386652,2017,2018-03-19,1938,2017-05-31,0856,184,,3,5,4,1938,0,0,0,,0,002,"FOOTHILL BL","MORENO AV",0.00,,Y,A,-,Y,LA,7,66,-,-,0.561,I,5,E,N,4,0,1,2,A,-,05,21650,1,N,D,G,A,A,H,-,A,A,0,,Y,,,Y,,L,04,0,0,1,0,0,0,1,0,0,"- ","- ",,,"LOS ANGELES","LA VERNE",-117.78063090000001,34.118436639999999
8386691,2017,2017-12-27,1938,2017-03-16,1251,184,,4,5,4,1938,0,0,0,,0,003,"FOOTHILL BL","BRADFORD ST",0.00,,Y,A,-,Y,LA,7,66,-,-,2.141,I,6,W,N,3,0,1,2,A,-,10,21950,A,N,G,B,B,A,H,-,A,A,0,Y,,,,Y,,A,01,0,1,0,0,1,0,0,0,0,"- ","- ",,,"LOS ANGELES","LA VERNE",-117.75506024000001,34.110061129999998
8386694,2017,2018-03-19,1942,2017-05-29,1322,38721,1445,1,5,7,1942,0,0,0,N,0,14T49,"VENICE BL","BEETHOVEN ST",48.00,E,N,A,-,Y,LA,7,187,-,-,4.280,H,-,E,N,3,0,1,2,A,-,17,21461,A,N,H,G,A,A,H,-,A,D,0,,Y,,,Y,,A,01,0,1,0,0,0,0,1,0,0,"- ","- ",,,"LOS ANGELES","LOS ANGELES",-118.44095809,33.999815650000002
8386699,2016,2017-08-04,1938,2016-08-26,2020,651,AREA2,5,5,4,1938,0,0,0,,0,002,"D ST","RT 66",82.00,S,N,A,-,Y,LA,7,66,-,-,1.731,I,6,E,N,3,0,1,2,A,-,03,22350,,F,G,B,F,A,H,-,C,D,0,Y,,,,Y,,A,01,0,1,0,0,1,0,0,0,0,"- ","- ",,,"LOS ANGELES","LA VERNE",-117.76167593,34.112128650000002
8386889,2017,2018-03-08,1900,2017-05-29,1000,468746,1016,1,5,3,1995,0,0,0,,0,101T1,"RT 1","SWEETWATER CANYON RD",2112.00,S,N,B,-,Y,LA,7,1,-,-,45.970,H,-,S,N,3,0,1,2,A,-,17,21658,,N,B,G,A,A,H,-,A,D,0,,Y,,,Y,,L,04,0,1,0,0,0,0,1,0,0,"- ","- ",,,"LOS ANGELES",MALIBU,-118.66746688000001,34.039502560000003
8386955,2017,2018-04-24,1942,2017-06-29,0945,30452,0971,4,5,7,1942,0,0,0,I,0,9TL53,"SEPULVEDA BL","LA MAIDA ST",180.00,N,N,A,-,Y,LA,7,101,-,-,16.789,R,4,S,N,4,0,1,2,A,-,09,21801,A,F,H,G,A,A,H,-,A,D,0,,Y,,,Y,,-,99,0,0,1,0,0,0,1,0,0,"- ","- ",,,"LOS ANGELES","LOS ANGELES",-118.46339739,34.159315679999999
8387027,2017,2017-10-20,1900,2017-06-20,1145,451512,2112,2,5,5,1943,0,0,0,,0,212T4D,"IMPERIAL HWY","FERNWOOD AV",0.00,,Y,A,-,Y,,,,,,,,,,N,4,0,3,3,A,-,12,21453,A,N,A,C,B,A,H,-,A,A,0,Y,,,,Y,,A,01,0,0,3,0,1,0,0,0,0,"- ","- ",,,"LOS ANGELES",LYNWOOD,-118.22074001,33.930300080000002
8387035,2017,2018-06-19,1941,2017-07-03,1631,10649,,1,5,7,1941,0,0,0,,0,,"GARDENIA AV","PACIFIC COAST HWY",0.00,,Y,A,-,Y,LA,7,1,-,-,5.071,I,5,N,N,3,0,1,2,A,-,15,21201,A,N,D,G,A,A,H,-,A,D,0,,Y,,,Y,,L,,0,1,0,0,0,0,1,0,0,"- ","- ",,,"LOS ANGELES","LONG BEACH",-118.16869602,33.789917320000001
8387156,2017,2018-04-10,1941,2017-06-16,0659,10119,,5,5,7,1941,0,0,0,,0,,"ATLANTIC AV","PACIFIC COAST HWY",0.00,,Y,A,-,Y,LA,7,1,-,-,6.021,I,5,S,N,4,0,1,2,A,-,10,21950,A,N,G,-,B,A,H,-,A,A,0,Y,,,,Y,,A,,0,0,1,0,1,0,0,0,0,"- ","- ",,,"LOS ANGELES","LONG BEACH",-118.185187,33.789805630000004
8387225,2017,2018-04-10,1942,2017-06-22,0655,38687,1067,4,5,7,1942,0,0,0,J,0,19TL73,"BALBOA BL","RT 101",0.00,,Y,A,-,Y,LA,7,101,-,-,19.372,R,1,S,N,4,0,1,2,A,-,10,21950,A,F,G,B,B,A,H,-,A,A,0,Y,,,,Y,,-,99,0,0,1,0,1,0,0,0,0,"- ",SF,,,"LOS ANGELES","LOS ANGELES",-118.50358014,34.171015390000001
8387234,2017,2018-04-23,1942,2017-06-13,0620,40291,1971,2,5,7,1942,0,0,0,,0,19T73,"NORDHOFF ST","RT 405",15.00,E,N,A,-,Y,LA,7,405,-,-,44.634,R,4,N,N,4,0,1,2,A,-,10,21950,A,N,G,B,B,A,H,-,A,A,0,Y,,,,Y,,A,01,0,0,1,0,1,0,0,0,0,"- ",NF,,,"LOS ANGELES","LOS ANGELES",-118.47296301999999,34.233874210000003
8387238,2017,2018-04-24,1942,2017-06-10,1140,38850,2185,6,5,7,1942,0,0,0,,0,9TL57,"VENTURA FWY","TOPANGA CANYON BL",5.00,E,N,A,-,Y,LA,7,101,-,-,25.219,R,3,N,N,3,0,1,2,A,-,09,21804,A,N,D,G,A,A,H,-,A,D,0,,Y,,,Y,,L,04,0,1,0,0,0,0,1,0,0,WF,"- ",,,"LOS ANGELES","LOS ANGELES",-118.60359989,34.17049875
8387385,2017,2018-03-19,1942,2017-05-03,1220,39444,1445,3,5,7,1942,0,0,0,N,0,6D238,"CENTINELA AV","VENICE BL",78.00,N,N,A,-,Y,LA,7,187,-,-,4.480,I,6,E,N,2,0,1,2,A,-,11,21954,A,N,G,B,D,A,H,-,A,A,0,Y,,,,Y,,N,60,1,0,0,0,1,0,0,0,0,"- ","- ",,,"LOS ANGELES","LOS ANGELES",-118.43797882,34.001311919999999
8387446,2017,2018-04-10,1972,2017-06-02,0735,18750,,5,5,6,1972,0,0,0,,0,,"182ND ST","RT 405",25.00,E,N,A,-,Y,LA,7,405,-,-,15.291,R,4,N,N,3,0,1,2,A,-,10,21950,A,N,G,B,-,A,H,-,A,A,0,Y,,,,Y,,-,,0,1,0,0,1,0,0,0,0,"- ","- ",,,"LOS ANGELES",TORRANCE,-118.32363219,33.863849139999999
8387450,2017,2018-04-04,1972,2017-05-29,1739,17990,,1,5,6,1972,0,0,0,,0,,"HAWTHORNE BL","EMERALD ST",450.00,S,N,A,-,Y,LA,7,107,-,-,2.046,H,-,N,N,3,0,1,2,A,-,03,22350,,N,C,G,A,A,H,-,A,D,0,,Y,,,Y,,L,,0,1,0,0,0,0,1,0,0,"- ","- ",,,"LOS ANGELES",TORRANCE,-118.35299617,33.834639719999998
8387466,2017,2018-04-09,1972,2017-06-05,1558,19086,,1,5,6,1972,0,0,0,,0,,HAWTHORNE,"230TH ST",0.00,,Y,A,-,Y,LA,7,107,-,-,0.920,I,5,S,N,4,0,1,2,A,-,10,21950,A,N,G,B,-,A,H,-,A,A,0,Y,,,,Y,,-,,0,0,1,0,1,0,0,0,0,"- ","- ",,,"LOS ANGELES",TORRANCE,-118.35118996,33.818523829999997
8396481,2017,2018-03-19,1900,2017-05-30,2312,522303,2611,2,5,6,1950,0,0,0,,0,262T1,"RT 138","RT 14",150.00,E,N,A,-,Y,LA,7,138,-,-,43.430,H,-,E,N,3,0,1,2,A,-,11,21954,A,N,G,B,E,A,H,-,C,D,0,Y,,,,Y,,N,60,0,1,0,0,1,0,0,0,0,"- ",NO,,,"LOS ANGELES",PALMDALE,-118.1335313,34.581210749999997
8396558,2017,2017-06-26,1942,2017-06-12,1910,36599,1539,1,5,7,1942,0,0,0,O,0,17T13,"OXNARD ST","WHITNALL HWY",0.00,,Y,A,-,Y,,,,,,,,,,N,3,0,1,2,A,-,10,21950,A,N,G,B,B,A,H,-,A,A,0,Y,,,,Y,,A,01,0,1,0,0,1,0,0,0,0,"- ","- ",,,"LOS ANGELES","LOS ANGELES",-118.36634012,34.179420090000001
8399863,2017,2018-04-11,1900,2017-06-28,1025,602354,1012,3,5,3,1995,0,0,0,,0,101T1,"RT 1","MALIBU COVE COLONY DR",200.00,N,N,A,-,Y,LA,7,1,-,-,51.790,H,-,S,N,3,0,1,2,A,-,03,22350,,N,B,G,A,A,H,-,A,D,0,,Y,,,Y,,D,22,0,1,0,0,0,0,1,0,0,"- ","- ",34.025750000000002,-118.76604,"LOS ANGELES",MALIBU,-118.76592241,34.025727170000003
8399969,2017,2018-04-10,1941,2017-06-19,0815,5617,,1,5,7,1941,0,0,0,,0,,"WALNUT AV","PACIFIC COAST HWY",235.00,N,N,A,-,Y,LA,7,1,-,-,5.261,I,6,N,N,3,0,1,2,A,-,11,21955,,N,B,B,D,A,H,-,A,A,0,Y,,,,Y,,N,,0,1,0,0,1,0,0,0,0,"- ","- ",,,"LOS ANGELES","LONG BEACH",-118.17191314999999,33.78991731
8402533,2017,2018-06-19,1942,2017-07-01,2130,26529,0515,6,5,7,1942,0,0,0,E,0,5A12,"PACIFIC COAST HWY","BAYVIEW AV",135.00,W,N,A,-,Y,LA,7,1,-,-,10.990,H,-,N,Y,3,0,1,2,A,-,01,23152,A,F,G,B,E,A,H,-,C,D,0,Y,,,,Y,Y,A,07,0,1,0,0,1,0,0,0,0,"- ","- ",,,"LOS ANGELES","LOS ANGELES",-118.27127698,33.790799989999996
8404127,2017,2018-04-24,1900,2017-06-24,1910,549496,0532,6,5,5,1959,0,0,0,,0,53Y1PM,"DEL MAR AV","RT 10",0.00,,Y,A,-,Y,LA,7,10,-,-,25.296,R,4,E,N,3,0,1,2,A,-,09,21802,A,N,D,G,A,A,H,-,B,D,0,,Y,,,Y,,A,01,0,1,0,0,0,0,1,0,0,"- ",EF,34.070549999999997,-118.09943,"LOS ANGELES",ROSEMEAD,-118.10023095,34.071735510000003
8404361,2017,2019-04-09,1900,2017-05-05,2135,519541,0534,5,5,5,1959,0,0,0,,0,55T1,"RT 164","WHITMORE ST",387.00,S,N,A,-,Y,LA,7,164,-,-,4.990,H,-,S,N,1,1,0,2,A,-,11,21954,A,N,G,B,D,A,H,-,D,D,0,Y,,,,Y,Y,N,60,0,0,0,1,0,0,0,0,0,"- ","- ",,,"LOS ANGELES",ROSEMEAD,-118.06740498000001,34.064840099999998
8404401,2017,2017-08-08,1900,2017-05-23,0610,253807,2610,2,5,6,1950,0,0,0,,0,261T1,"RT 138","10TH ST EAST",0.00,,Y,A,-,Y,LA,7,138,-,-,44.692,I,5,E,Y,1,1,0,2,A,-,11,21453,D,N,G,B,B,A,H,-,A,A,0,Y,,,,Y,,N,60,0,0,0,1,0,0,0,0,0,"- ","- ",,,"LOS ANGELES",PALMDALE,-118.11184738999999,34.579563139999998
8404463,2017,2017-09-18,1942,2017-07-23,0425,41376,1494,7,5,7,1942,0,0,0,N,0,7TL23,"IMPERIAL HWY","CALIFORNIA ST",206.00,E,N,A,-,Y,LA,7,105,-,R,0.090,H,-,W,Y,1,1,0,2,A,-,11,21954,A,N,G,B,D,A,H,-,C,D,0,Y,,,,Y,,N,60,0,0,0,1,0,0,0,0,0,"- ","- ",,,"LOS ANGELES","LOS ANGELES",-118.40336403000001,33.931503300000003
8404516,2017,2019-04-09,1900,2017-05-20,0638,463262,1016,6,5,3,1995,0,0,0,,0,101D,RT1,"RAMBLA PACIFICO",722.00,N,N,A,-,Y,LA,7,1,-,-,44.400,H,-,S,Y,1,1,0,2,A,-,11,21954,A,N,D,B,D,A,H,-,A,D,0,Y,,,,Y,,N,60,0,0,0,1,0,0,0,0,0,"- ","- ",34.037089999999999,-118.63921000000001,"LOS ANGELES",MALIBU,-118.64053559,34.037718679999998
8404559,2017,2019-04-09,1965,2017-08-23,0456,3693,0B1B,3,5,5,1965,0,0,0,,0,B001,"PACIFIC COAST HWY",1LA3550,340.00,S,N,A,-,Y,LA,7,1,-,-,35.430,H,-,N,Y,1,1,0,2,A,-,11,21954,A,N,G,B,E,A,H,-,C,A,0,Y,,,,Y,,N,60,0,0,0,1,0,0,0,0,0,"- ","- ",,,"LOS ANGELES","SANTA MONICA",-118.49823591000001,34.013313060000002
8404635,2017,2018-05-29,1956,2017-05-05,1752,1297,609,5,5,5,1956,0,0,0,,0,002,"RT 1","KNOB HILL AV",0.00,,Y,A,-,Y,LA,7,1,-,-,18.871,I,5,S,Y,1,1,0,2,A,-,08,22107,,N,D,G,A,A,H,-,A,A,0,,Y,,,Y,,L,04,0,0,0,0,0,1,0,0,0,"- ","- ",,,"LOS ANGELES","REDONDO BEACH",-118.38555117,33.828817870000002
8404835,2018,2020-05-26,1900,2018-02-18,2135,513465,2607,7,5,6,1950,0,0,0,,0,263T1,"RT 138","MINSTREL DR",370.00,S,N,A,-,Y,LA,7,138,-,-,49.900,H,-,W,Y,1,1,0,2,D,-,00,,,N,G,B,D,A,H,-,C,D,0,Y,,,,Y,Y,-,"- ",0,0,0,1,0,0,0,0,0,"- ","- ",,,"LOS ANGELES",PALMDALE,-118.04518127441406,34.559318542480469
8404850,2018,2018-06-26,1942,2018-02-17,0555,34959,0787,6,5,7,1942,0,0,0,G,0,20T59,"CRENSHAW BL","23RD ST",434.00,S,N,B,-,Y,LA,7,10,-,R,11.220,R,4,W,N,1,1,0,2,A,-,11,21954,A,F,G,B,D,A,H,-,C,D,0,Y,,,,Y,,N,60,0,0,0,1,0,0,0,0,0,"- ","- ",,,"LOS ANGELES","LOS ANGELES",-118.33666229248047,34.035018920898438
8404856,2018,2020-05-26,1900,2018-02-11,1935,602403,1017,7,5,3,1995,0,0,0,,0,103A,"RT 1","CROSS CREEK RD",1056.00,S,N,A,-,Y,LA,7,1,-,-,46.890,H,-,N,Y,1,1,0,2,A,-,11,21955,,N,G,B,D,A,H,-,C,D,0,Y,,,,Y,Y,N,60,0,0,0,1,0,0,0,0,0,"- ","- ",34.035369873046875,-118.67971801757812,"LOS ANGELES",MALIBU,-118.68218231201172,34.034717559814453
8406672,2017,2018-04-24,1975,2017-06-14,1439,377,,3,5,6,1975,0,0,0,,0,002,"GARVEY AV NORTH","RT 10",0.00,,Y,A,-,Y,LA,7,10,-,-,38.074,R,4,W,N,4,0,1,2,A,-,09,21801,A,N,D,G,A,A,H,-,A,A,0,,Y,,,Y,,D,22,0,0,1,0,0,0,1,0,0,"- ",WO,,,"LOS ANGELES","WEST COVINA",-117.88013478000001,34.071968910000002
8407022,2017,2018-06-22,1942,2017-07-09,1035,40717,0317,7,5,7,1942,0,0,0,C,0,3A15,"MORMANDIE BL","RT 10",50.00,S,N,A,-,Y,LA,7,10,-,R,13.196,R,4,E,N,3,0,1,2,A,-,12,21453,A,N,D,G,A,A,H,-,A,A,0,,Y,,,Y,,L,04,0,1,0,0,0,0,1,0,0,"- ","- ",,,"LOS ANGELES","LOS ANGELES",-118.30246864999999,34.036975849999997
8407134,2017,2018-04-23,1900,2017-07-03,2355,238852,1018,1,5,3,1995,0,0,0,,0,101,"RT 1","TUNA CANYON RD",1056.00,S,N,A,-,Y,LA,7,1,-,-,41.160,H,-,S,N,3,0,1,2,A,-,11,21954,A,N,G,B,D,A,H,-,C,D,0,Y,,,,Y,Y,N,60,0,1,0,0,1,0,0,0,0,"- ","- ",,,"LOS ANGELES",MALIBU,-118.58600137000001,34.0388375
8407329,2017,2018-04-24,1942,2017-06-24,0950,36257,0941,6,5,7,1942,0,0,0,I,0,16TL23,"RT 405","BURBANK BL",4.00,S,N,B,-,Y,LA,7,405,-,-,40.171,R,1,N,N,4,0,1,2,A,-,05,21650,1,N,D,G,A,A,H,-,A,A,0,,Y,,,Y,,L,04,0,0,1,0,0,0,1,0,0,NF,"- ",,,"LOS ANGELES","LOS ANGELES",-118.46758188,34.17043992
8412529,2017,2018-06-19,1956,2017-08-11,2012,1335,10,5,5,5,1956,0,0,0,,0,001,"SOUTH FRANCISCA AV","RT 1",0.00,,Y,A,-,Y,LA,7,1,-,-,19.141,I,6,N,N,4,0,1,2,A,-,10,21950,A,N,G,B,B,A,H,-,C,A,0,Y,,,,Y,,A,01,0,0,1,0,1,0,0,0,0,"- ","- ",,,"LOS ANGELES","REDONDO BEACH",-118.38498106999999,33.832719750000003
8413022,2017,2018-06-20,1976,2017-07-03,1829,856,,1,5,5,1976,0,0,0,,0,003,"WHITTIER BL","OCEAN VIEW AV",290.00,E,N,A,-,Y,LA,7,72,-,-,2.700,H,-,N,N,4,0,1,2,A,-,05,21650,1,N,H,G,A,A,H,-,A,D,0,,Y,,,Y,,L,04,0,0,1,0,0,0,1,0,0,"- ","- ",,,"LOS ANGELES",WHITTIER,-118.01894686999999,33.955425060000003
8413127,2017,2018-04-09,1944,2017-06-24,2235,356,,6,5,4,1944,0,0,0,,0,,"SEPULVEDA BL","2ND ST",0.00,,Y,A,-,Y,LA,7,1,-,-,22.391,I,5,N,N,3,0,1,2,A,-,09,21802,B,N,D,G,A,A,G,-,E,A,0,,Y,,,Y,Y,L,04,0,1,0,0,0,0,1,0,0,"- ","- ",,,"LOS ANGELES","MANHATTAN BEACH",-118.3959322,33.880223290000004
8413203,2017,2018-06-19,1941,2017-07-09,0130,10877,,7,5,7,1941,0,0,0,,0,901T,"PACIFIC COAST HWY","CHERRY AV",0.00,,Y,A,-,Y,LA,7,1,-,-,5.011,I,5,S,N,4,0,1,2,A,-,11,21453,D,N,G,B,B,A,H,-,C,A,0,Y,,,,Y,Y,A,,0,0,1,0,1,0,0,0,0,"- ","- ",,,"LOS ANGELES","LONG BEACH",-118.16766059,33.789805479999998
8413341,2017,2018-04-10,1972,2017-06-17,1849,16610,,6,5,6,1972,0,0,0,,0,,"PACIFIC COAST HWY","ANZA AV",425.00,W,N,A,-,Y,LA,7,1,-,-,16.520,H,-,N,N,4,0,1,2,A,-,08,22107,,N,D,G,A,A,H,-,A,D,0,,Y,,,Y,,L,,0,0,1,0,0,0,1,0,0,"- ","- ",,,"LOS ANGELES",TORRANCE,-118.35911396,33.808235740000001
8413356,2017,2018-06-21,1956,2017-07-08,0831,1333,66,6,5,5,1956,0,0,0,,0,004,"RT 405","INGLEWOOD AV",0.00,,Y,A,-,Y,LA,7,405,-,-,18.379,R,4,S,N,3,0,2,3,A,-,10,21950,A,N,G,B,-,A,H,-,-,A,0,Y,,,,Y,,A,07,0,2,0,0,2,0,0,0,0,SF,"- ",,,"LOS ANGELES","REDONDO BEACH",-118.3630385,33.892061570000003
8415407,2018,2018-08-10,1942,2018-01-26,1600,39123,0515,5,5,7,1942,0,0,0,E,0,5A12,"PACIFIC COAST HWY","GULF AV",0.00,,Y,A,-,Y,LA,7,1,-,-,11.145,I,5,N,N,3,0,1,2,A,-,10,21950,A,N,A,B,B,A,H,-,A,D,0,Y,,,,Y,,D,22,0,1,0,0,1,0,0,0,0,"- ","- ",,,"LOS ANGELES","LOS ANGELES",-118.27398681640625,33.790657043457031
8417510,2017,2018-06-19,1941,2017-07-15,2215,11003,,6,5,7,1941,0,0,0,,0,,"PACIFIC COAST HWY","CLARK AV",32.00,W,N,A,-,Y,LA,7,1,-,-,2.880,H,-,S,N,2,0,1,2,A,-,11,21956,A,N,G,B,E,A,H,-,C,A,0,Y,,,,Y,,N,,1,0,0,0,1,0,0,0,0,"- ","- ",,,"LOS ANGELES","LONG BEACH",-118.13428247,33.783890960000001
8420604,2017,2018-06-20,1900,2017-07-07,1041,552548,2610,5,5,6,1950,0,0,0,,0,262T1,"RT 138","SIERRA HWY",0.00,,Y,A,-,Y,LA,7,138,-,-,44.424,I,6,W,N,4,0,1,2,A,-,11,21456,B,N,G,B,B,A,H,-,A,A,0,Y,,,,Y,,N,60,0,0,1,0,1,0,0,0,0,"- ","- ",,,"LOS ANGELES",PALMDALE,-118.11655266,34.579515450000002
8420797,2017,2018-05-14,1941,2017-07-19,1817,5737,901,3,5,7,1941,0,0,0,,0,,"PACIFIC COAST HWY",WALNUT,0.00,,Y,A,-,Y,LA,7,1,-,-,5.261,I,5,S,N,4,0,1,2,A,-,05,21650,,N,D,G,A,A,H,-,A,A,0,,Y,,,Y,,L,,0,0,1,0,0,0,1,0,0,"- ","- ",,,"LOS ANGELES","LONG BEACH",-118.17191282,33.789807699999997
8420912,2017,2018-06-20,1942,2017-07-31,1000,38326,0901,1,5,7,1942,0,0,0,I,0,15TL43,"RT 405","SHERMAN WAY",3.00,S,N,A,-,Y,LA,7,405,-,-,42.241,R,1,N,N,3,0,1,2,A,-,10,21950,A,N,G,B,B,A,H,-,A,A,0,Y,,,,Y,,A,07,0,1,0,0,1,0,0,0,0,NF,"- ",,,"LOS ANGELES","LOS ANGELES",-118.47376764000001,34.19916757
8420916,2017,2018-06-11,1942,2017-07-25,2310,40388,1551,2,5,7,1942,0,0,0,O,0,9T57,"HOLLYWOOD FWY","LAUREL CANYON BL",0.00,,Y,A,-,Y,LA,7,101,-,-,12.720,R,1,N,N,4,0,1,2,A,-,10,21950,A,N,G,B,B,A,H,-,C,A,0,Y,,,,Y,,A,07,0,0,1,0,1,0,0,0,0,"- ","- ",,,"LOS ANGELES","LOS ANGELES",-118.39401248999999,34.154537900000001
8423374,2017,2018-05-14,1956,2017-07-24,1234,1183,24,1,5,5,1956,0,0,0,,0,002,"RT 1","N CATALINA AV",85.00,S,N,A,B,Y,LA,7,1,-,-,20.550,H,-,S,N,3,0,2,2,A,-,05,21650,1,N,D,G,A,A,H,-,A,D,0,,Y,,,Y,,L,04,0,2,0,0,0,0,2,0,0,"- ","- ",,,"LOS ANGELES","REDONDO BEACH",-118.38988254,33.85342996
8425620,2017,2018-03-08,1942,2017-06-25,1925,41216,861,7,5,7,1942,0,0,0,,0,8A1,"PACIFIC COAST HWY","PORTO MARINA WY",0.00,,Y,A,-,Y,LA,7,1,-,-,39.590,I,5,N,N,4,0,1,2,A,-,00,21760,C,N,H,G,A,A,H,-,A,A,0,,Y,,,Y,,D,22,0,0,1,0,0,0,1,0,0,"- ","- ",,,"LOS ANGELES","LOS ANGELES",-118.559907,34.039911879999998
8429334,2017,2018-06-22,1942,2017-07-03,1710,39607,1651,1,5,7,1942,0,0,0,P,0,16A1,"RT 5","BRANFORD ST",17.00,E,N,-,-,Y,LA,7,5,-,-,36.644,R,1,N,N,4,0,1,2,A,-,11,21956,A,N,-,-,-,-,-,-,-,-,0,Y,,,,Y,,N,60,0,0,1,0,1,0,0,0,0,"- ","- ",,,"LOS ANGELES","LOS ANGELES",-118.41330914,34.236373100000002
8431822,2017,2018-05-14,1941,2017-08-03,2140,5145,,4,5,7,1941,0,0,0,,0,,"PACIFIC COAST HWY","WALNUT AV",0.00,,Y,A,-,Y,LA,7,1,-,-,5.261,I,5,S,N,3,0,1,2,A,-,09,21802,A,F,A,G,A,A,H,-,C,A,0,,Y,,,Y,,A,,0,1,0,0,0,0,1,0,0,"- ","- ",,,"LOS ANGELES","LONG BEACH",-118.17191282,33.789807699999997
8434126,2017,2017-12-27,1918,2017-03-14,1415,646,1918,2,5,4,1918,0,0,0,,0,2M4,"VENICE BL","MIDWAY AV",120.00,E,N,A,-,Y,LA,7,187,-,-,6.510,H,-,E,N,3,0,1,2,A,-,15,21201,A,N,D,G,A,A,H,-,A,D,0,,Y,,,Y,Y,L,04,0,1,0,0,0,0,1,0,0,"- ","- ",34.017560000000003,-118.40879,"LOS ANGELES","CULVER CITY",-118.40854238,34.017628739999999
8437234,2017,2018-05-14,1900,2017-08-27,1840,516547,1011,7,5,3,1995,0,0,0,,0,101T1,"RT 1","BROADBEACH RD",0.00,,Y,A,-,Y,LA,7,1,-,-,58.461,I,5,S,N,3,0,1,2,A,-,09,21801,A,N,D,G,A,A,H,-,A,D,0,,Y,,,Y,,A,01,0,1,0,0,0,0,1,0,0,"- ","- ",34.035850000000003,-118.86870999999999,"LOS ANGELES",MALIBU,-118.86865915,34.038900429999998