CASE_ID,ACCIDENT_YEAR,PROC_DATE,JURIS,COLLISION_DATE,COLLISION_TIME,OFFICER_ID,REPORTING_DISTRICT,DAY_OF_WEEK,CHP_SHIFT,POPULATION,CNTY_CITY_LOC,SPECIAL_COND,BEAT_TYPE,CHP_BEAT_TYPE,CITY_DIVISION_LAPD,CHP_BEAT_CLASS,BEAT_NUMBER,PRIMARY_RD,SECONDARY_RD,DISTANCE,DIRECTION,INTERSECTION,WEATHER_1,WEATHER_2,STATE_HWY_IND,CALTRANS_COUNTY,CALTRANS_DISTRICT,STATE_ROUTE,ROUTE_SUFFIX,POSTMILE_PREFIX,POSTMILE,LOCATION_TYPE,RAMP_INTERSECTION,SIDE_OF_HWY,TOW_AWAY,COLLISION_SEVERITY,NUMBER_KILLED,NUMBER_INJURED,PARTY_COUNT,PRIMARY_COLL_FACTOR,PCF_CODE_OF_VIOL,PCF_VIOL_CATEGORY,PCF_VIOLATION,PCF_VIOL_SUBSECTION,HIT_AND_RUN,TYPE_OF_COLLISION,MVIW,PED_ACTION,ROAD_SURFACE,ROAD_COND_1,ROAD_COND_2,LIGHTING,CONTROL_DEVICE,CHP_ROAD_TYPE,PEDESTRIAN_ACCIDENT,BICYCLE_ACCIDENT,MOTORCYCLE_ACCIDENT,TRUCK_ACCIDENT,NOT_PRIVATE_PROPERTY,ALCOHOL_INVOLVED,STWD_VEHTYPE_AT_FAULT,CHP_VEHTYPE_AT_FAULT,COUNT_SEVERE_INJ,COUNT_VISIBLE_INJ,COUNT_COMPLAINT_PAIN,COUNT_PED_KILLED,COUNT_PED_INJURED,COUNT_BICYCLIST_KILLED,COUNT_BICYCLIST_INJURED,COUNT_MC_KILLED,COUNT_MC_INJURED,PRIMARY_RAMP,SECONDARY_RAMP,LATITUDE,LONGITUDE,COUNTY,CITY,POINT_X,POINT_Y
8438737,2017,2018-06-20,1900,2017-08-15,1750,519502,0560,2,5,3,1968,0,0,0,,0,55T1PM,"MABEL AV","ROSEMEAD BL",4.00,W,N,A,-,Y,LA,7,164,-,-,4.741,I,6,S,N,4,0,1,2,A,-,05,21650,,N,D,G,A,A,H,-,A,A,0,,Y,,,Y,,L,04,0,0,1,0,0,0,1,0,0,"- ","- ",34.061729999999997,-118.06501,"LOS ANGELES","SOUTH EL MONTE",-118.06510451,34.061768200000003
8438757,2017,2018-06-22,1942,2017-08-21,1210,40398,2185,1,5,7,1942,0,0,0,,0,10TL36,"TOPANGA CANYON BL","BURBANK BL",283.00,S,N,A,-,Y,LA,7,27,-,-,12.471,R,4,N,N,4,0,1,2,A,-,09,21804,A,N,H,G,A,A,H,-,A,D,0,,Y,,,Y,,L,04,0,0,1,0,0,0,1,0,0,"- ","- ",,,"LOS ANGELES","LOS ANGELES",-118.60577969000001,34.171344060000003
8438889,2017,2018-06-22,1900,2017-07-13,1146,545607,1335,4,5,5,1908,0,0,0,,0,133T1,"CLARK AV","RT 91",36.00,N,N,A,-,Y,LA,7,91,-,R,15.265,R,4,E,Y,3,0,2,3,A,-,12,21453,A,N,-,B,E,A,H,-,A,A,0,Y,,,,Y,,A,07,0,1,1,0,1,0,0,0,0,"- ","- ",,,"LOS ANGELES",BELLFLOWER,-118.13147798,33.87636105
8438948,2017,2018-06-22,1976,2017-08-13,1839,890,,7,5,5,1976,0,0,0,,0,,"WHITTIER BL","GUNN AV",0.00,,Y,A,-,Y,LA,7,72,-,-,2.477,I,5,S,N,4,0,1,2,A,-,09,21801,A,N,H,G,A,A,H,-,A,A,0,,Y,,,Y,,A,01,0,0,1,0,0,0,1,0,0,"- ","- ",,,"LOS ANGELES",WHITTIER,-118.01583660999999,33.953523859999997
8439134,2017,2018-06-12,1900,2017-08-08,0755,266583,0617,2,5,6,1985,0,0,0,,0,61T1,"SIERRA HWY","GOLDEN VALLEY RD",0.00,,Y,A,-,Y,LA,7,14,U,-,29.380,H,-,S,N,3,0,1,2,A,-,21,22106,,N,D,G,A,A,H,-,A,A,0,,Y,,,Y,,A,01,0,1,0,0,0,0,1,0,0,"- ","- ",,,"LOS ANGELES","SANTA CLARITA",-118.48375829,34.396430479999999
8439959,2017,2018-06-21,1941,2017-08-21,2153,11005,,1,5,7,1941,0,0,0,,0,,"WARDLOW RD","RT 405",0.00,,Y,A,-,Y,LA,7,405,-,-,6.606,R,4,N,N,3,0,1,2,A,-,10,21950,A,F,G,B,C,A,H,-,D,D,0,Y,,,,Y,,A,,0,1,0,0,1,0,0,0,0,"- ",NO,,,"LOS ANGELES","LONG BEACH",-118.19221398000001,33.819902259999999
8440452,2017,2018-06-20,1942,2017-08-21,1840,41340,19X94,1,5,7,1942,0,0,0,,0,1991,"ROSCOE BL","RT 405",0.00,,Y,A,-,Y,LA,7,405,-,-,43.925,R,3,N,N,4,0,1,3,A,-,04,21703,,N,C,C,A,A,-,-,A,A,0,,Y,,,Y,,A,07,0,0,1,0,0,0,1,0,0,"- ","- ",,,"LOS ANGELES","LOS ANGELES",-118.47306528,34.22358629
8442077,2017,2018-06-19,1942,2017-07-28,1405,42902,525,5,5,7,1942,0,0,0,,0,5A15,PCH,AVALON,100.00,W,N,A,-,Y,LA,7,1,-,-,10.550,H,-,N,N,3,0,1,2,A,-,11,21954,A,N,G,B,E,A,H,-,A,-,0,Y,,,,Y,,N,60,0,1,0,0,1,0,0,0,0,"- ","- ",,,"LOS ANGELES","LOS ANGELES",-118.26365647,33.791192959999997
8443610,2017,2018-06-19,1942,2017-07-13,1900,42536,0513,4,5,7,1942,0,0,0,E,0,5A11,"PACIFIC COAST HWY","NORMANDIE AV",75.00,E,N,A,-,Y,LA,7,1,-,-,12.510,H,-,N,Y,4,0,1,2,A,-,05,21650,1,N,A,G,A,A,H,-,C,D,0,,Y,,,Y,,L,04,0,0,1,0,0,0,1,0,0,"- ","- ",,,"LOS ANGELES","LOS ANGELES",-118.29739812,33.790044870000003
8444802,2017,2018-04-09,1942,2017-07-11,1245,37505,0211,2,5,7,1942,0,0,0,B,0,24T24,"VERMONT AV","RT 101",0.00,,Y,A,-,Y,LA,7,101,-,-,4.291,R,1,N,Y,4,0,1,2,A,-,09,21804,A,N,D,C,A,A,H,-,A,A,0,,Y,,,Y,,L,04,0,0,1,0,0,0,1,0,0,"- ","- ",,,"LOS ANGELES","LOS ANGELES",-118.29019474,34.079442520000001
8445099,2017,2018-06-11,1900,2017-08-02,0450,538995,2610,3,5,6,1950,0,0,0,,0,263T1,"RT 138","10TH ST EAST",311.00,W,N,A,-,Y,LA,7,138,-,-,44.630,H,-,W,N,4,0,1,2,A,-,11,21954,A,N,G,B,E,A,H,-,C,D,0,Y,,,,Y,,N,60,0,0,1,0,1,0,0,0,0,"- ","- ",,,"LOS ANGELES",PALMDALE,-118.1129364,34.57955304
8445822,2017,2018-06-19,1900,2017-08-18,0126,550495,1014,5,5,3,1995,0,0,0,,0,101P,"RT 1","PUERCO CANYON RD",2112.00,N,N,A,-,Y,LA,7,1,-,-,49.710,H,-,N,Y,2,0,1,2,A,-,11,21956,A,N,G,B,E,A,H,-,D,D,0,Y,,,,Y,,N,60,1,0,0,0,1,0,0,0,0,"- ","- ",34.020490000000002,-118.43586000000001,"LOS ANGELES",MALIBU,-118.73073965,34.033623290000001
8445829,2017,2018-06-11,1972,2017-08-17,1135,19767,,4,5,6,1972,0,0,0,,0,,"HAWTHORN BL","182ND ST",5.00,N,N,A,-,Y,LA,7,107,-,-,4.193,I,6,S,N,4,0,1,2,A,-,10,21950,A,M,G,B,-,A,H,-,A,A,0,Y,,,,Y,,N,60,0,0,1,0,1,0,0,0,0,"- ","- ",,,"LOS ANGELES",TORRANCE,-118.3526612,33.865560430000002
8447682,2017,2018-06-11,1942,2017-07-31,0735,31324,0279,1,5,7,1942,0,0,0,B,0,24TL22,"11TH ST","BLAINE ST",0.00,,Y,B,-,Y,LA,7,110,-,-,21.836,R,4,S,N,3,0,1,2,A,-,08,22101,D,N,B,G,A,A,H,-,A,A,0,,Y,,,Y,,L,04,0,1,0,0,0,0,1,0,0,"- ","- ",,,"LOS ANGELES","LOS ANGELES",-118.27211602,34.044081980000001
8447716,2017,2018-03-24,1942,2017-06-16,0125,39205,1181,5,5,7,1942,0,0,0,K,0,,"ALVARADO ST",SUNSET,200.00,N,N,A,-,Y,LA,7,2,-,-,13.190,I,6,W,,4,0,1,2,A,-,04,21703,,F,C,G,A,A,H,-,C,D,0,,Y,,,Y,Y,-,,0,0,1,0,0,0,1,0,0,"- ","- ",,,"LOS ANGELES","LOS ANGELES",-118.26346919,34.077623860000003
8449195,2017,2018-06-11,1942,2017-07-21,0736,40547,,5,5,7,1942,0,0,0,,0,17A49,"BALBOA BL","RT 118",0.00,,Y,A,-,Y,LA,7,118,-,R,7.607,R,4,W,Y,4,0,1,2,D,-,00,,,N,B,G,A,A,H,-,A,A,0,,Y,,,Y,,-,"- ",0,0,1,0,0,0,1,0,0,"- ",NO,,,"LOS ANGELES","LOS ANGELES",-118.50554116000001,34.278074959999998
8452339,2017,2018-05-14,1941,2017-08-29,0745,5407,,2,5,7,1941,0,0,0,,0,,"PACIFIC COAST HWY","TERMINO AV",0.00,,Y,A,-,Y,LA,7,1,-,-,3.761,I,5,S,N,3,0,1,2,A,-,12,21453,A,N,D,G,A,A,H,-,A,A,0,,Y,,,Y,,L,04,0,1,0,0,0,0,1,0,0,"- ","- ",,,"LOS ANGELES","LONG BEACH",-118.14603561,33.789799330000001
8452374,2017,2018-06-11,1942,2017-08-17,2110,34332,1831,4,5,7,1942,0,0,0,R,0,24T33,"MANCHESTER BL",BROADWAY,350.00,W,N,A,-,Y,LA,7,110,-,-,15.931,R,3,N,N,3,0,1,2,A,-,10,21950,A,F,G,B,B,A,H,-,C,A,0,Y,,,,Y,,-,99,0,1,0,0,1,0,0,0,0,"- ","- ",,,"LOS ANGELES","LOS ANGELES",-118.28071970000001,33.959461599999997
8452908,2017,2018-06-20,1900,2017-09-07,0555,541581,531,4,5,5,1959,0,0,0,,0,53T1AM,"ROSEMEAD BL","VALLEY BL",2.00,S,N,A,-,Y,LA,7,164,-,-,6.224,I,5,S,N,4,0,1,2,C,-,18,,,N,H,G,A,A,H,-,C,A,0,,Y,,,Y,,-,"- ",0,0,1,0,0,0,1,0,0,"- ","- ",34.08079,-118.07319,"LOS ANGELES",ROSEMEAD,-118.07327544,34.080938500000002
8453404,2017,2018-06-11,1900,2017-08-21,2139,537500,2610,1,5,6,1950,0,0,0,,0,264T1,"PALMDALE BL","SIERRA HWY",0.00,,Y,A,-,Y,LA,7,138,-,-,44.424,I,5,W,N,4,0,1,2,A,-,05,21650,1,N,A,G,A,A,H,-,C,A,0,,Y,,,Y,,L,04,0,0,1,0,0,0,1,0,0,"- ","- ",,,"LOS ANGELES",PALMDALE,-118.11655266,34.579515450000002
8453689,2017,2018-06-11,1942,2017-08-14,1125,40008,1177,1,5,7,1942,0,0,0,K,0,24TL27,"W AVENUE 26","PASADENA FWY",0.00,,Y,A,-,Y,LA,7,110,-,-,26.030,R,1,S,N,4,0,1,2,A,-,09,21804,A,N,D,G,A,A,H,-,A,D,0,,Y,,,Y,,A,07,0,0,1,0,0,0,1,0,0,"- ","- ",,,"LOS ANGELES","LOS ANGELES",-118.21986876,34.084578399999998
8460582,2017,2018-06-19,1900,2017-09-24,1345,616165,1011,7,5,3,1995,0,0,0,,0,103A,"RT 1","TRANCAS CANYON RD",150.00,N,N,A,-,Y,LA,7,1,-,-,56.880,H,-,S,Y,2,0,2,2,A,-,07,21658,A,N,B,C,A,A,H,-,A,D,0,,Y,Y,,Y,,L,04,1,1,0,0,0,0,1,0,1,"- ","- ",34.030920000000002,-118.84362,"LOS ANGELES",MALIBU,-118.84405113,34.03136362
8461747,2017,2018-06-22,1901,2017-08-03,1202,239,14,4,5,5,1901,0,0,0,,0,002,"RT 10","GARFIELD AV",4.00,W,N,A,-,Y,LA,7,10,-,-,24.031,R,1,W,N,4,0,1,2,A,-,10,21950,A,M,G,B,B,A,H,-,A,A,0,Y,,,,Y,,A,08,0,0,1,0,1,0,0,0,0,WF,"- ",,,"LOS ANGELES",ALHAMBRA,-118.12229480000001,34.071816630000001
8461840,2017,2018-06-08,1941,2017-09-26,0200,5684,,2,5,7,1941,0,0,0,,0,,"PACIFIC COAST HWY","SANTA FE AV",0.00,,Y,A,-,Y,LA,7,1,-,-,7.771,I,5,S,N,4,0,1,2,A,-,10,21950,A,N,G,B,B,A,H,-,C,A,0,Y,,,Y,Y,,F,,0,0,1,0,1,0,0,0,0,"- ","- ",,,"LOS ANGELES","LONG BEACH",-118.21546438,33.789817370000002
8464769,2017,2018-06-19,1941,2017-09-27,1438,11011,,3,5,7,1941,0,0,0,,0,,"PACIFIC COAST HWY","DAISY AV",0.00,,Y,A,-,Y,LA,7,1,-,-,6.841,I,5,S,N,3,0,1,2,A,-,09,21800,A,N,G,G,A,A,H,-,A,D,0,,Y,,,Y,,D,,0,1,0,0,0,0,1,0,0,"- ","- ",,,"LOS ANGELES","LONG BEACH",-118.19929915,33.78981246
8464777,2017,2018-06-19,1941,2017-09-28,1934,10861,,4,5,7,1941,0,0,0,,0,,"PACIFIC COAST HWY","CHERRY AV",90.00,W,N,A,-,Y,LA,7,1,-,-,5.030,H,-,N,N,2,0,1,2,A,-,11,21954,A,N,G,B,D,A,H,-,C,A,0,Y,,,,Y,Y,N,,1,0,0,0,1,0,0,0,0,"- ","- ",,,"LOS ANGELES","LONG BEACH",-118.16796949,33.78991662
8465405,2017,2019-04-10,1965,2017-11-21,0515,3343,0B1A,2,5,5,1965,0,0,0,,0,B001,"PACIFIC COAST HWY","BEACH HOUSE WY",14.00,N,N,A,-,Y,LA,7,1,-,-,36.550,H,-,N,Y,1,1,0,3,A,-,11,21956,,N,G,B,E,A,H,-,C,A,0,Y,,,,Y,Y,N,60,0,0,0,1,0,0,0,0,0,"- ","- ",,,"LOS ANGELES","SANTA MONICA",-118.5122894,34.02448356
8465722,2018,2020-05-22,1923,2018-03-02,2233,520,ES210,5,5,3,1923,0,0,0,,0,3L2M,"SEPULVEDA BL","MARIPOSA AV",0.00,,Y,B,-,Y,LA,7,1,-,-,25.430,H,-,S,Y,1,1,0,2,A,-,09,21453,C,N,G,B,B,A,H,-,C,A,0,Y,,,,Y,,D,22,0,0,0,1,0,0,0,0,0,"- ","- ",33.923641204833984,-118.39627075195312,"LOS ANGELES","EL SEGUNDO",-118.39637756347656,33.923542022705078
8465945,2018,2020-05-26,1972,2018-09-16,0027,21432,,7,5,6,1972,0,0,0,,0,,"HAWTHORNE BL","ARTESIA BL",0.00,,Y,A,-,Y,LA,7,107,-,-,4.696,I,5,N,Y,1,1,0,2,A,-,11,21453,D,N,-,B,B,A,H,-,C,A,0,Y,,,,Y,Y,N,,0,0,0,1,0,0,0,0,0,"- ","- ",,,"LOS ANGELES",TORRANCE,-118.35235595703125,33.872905731201172
8466012,2019,2019-08-19,1942,2019-08-03,0205,37511,0824,6,5,7,1942,0,0,0,H,0,8A1,"RT 1","ENTRADA AV",568.00,S,N,A,-,Y,LA,7,1,-,-,36.890,H,-,N,Y,1,1,0,2,A,-,11,21954,A,N,G,B,E,A,H,-,D,D,0,Y,,,,Y,,N,60,0,0,0,1,0,0,0,0,0,"- ","- ",,,"LOS ANGELES","LOS ANGELES",-118.5172119140625,34.027004241943359
8466023,2019,2019-08-26,1972,2019-04-18,2041,16610,,4,5,6,1972,0,0,0,,0,,"HAWTHORNE BL","SEPULVEDA BL",0.00,,Y,B,-,Y,LA,7,107,-,-,1.430,H,-,S,Y,1,1,1,4,A,-,01,23153,F,N,D,B,F,A,H,-,C,A,0,Y,,,,Y,Y,A,,0,1,0,1,0,0,0,0,0,"- ","- ",,,"LOS ANGELES",TORRANCE,-118.35163116455078,33.825862884521484
8468953,2017,2018-05-14,1956,2017-09-27,1515,1192,01,3,5,5,1956,0,0,0,,0,004,"PROSPECT AV","RT 1",10.00,N,N,A,-,Y,LA,7,1,-,-,17.681,I,6,N,N,4,0,1,2,A,-,09,21804,A,N,D,G,A,A,H,-,A,A,0,,Y,,,Y,,L,04,0,0,1,0,0,0,1,0,0,"- ","- ",,,"LOS ANGELES","REDONDO BEACH",-118.37692946,33.816015229999998
8469644,2017,2018-05-11,1900,2017-09-04,1728,618146,1015,1,5,3,1995,0,0,0,,0,101T3,"RT 1","WEBB WY",1584.00,N,-,A,-,Y,LA,7,1,-,-,47.740,H,-,S,N,3,0,1,2,A,-,08,22107,,N,B,G,A,A,H,-,A,D,0,,Y,,,Y,Y,L,04,0,1,0,0,0,0,1,0,0,"- ","- ",34.034999999999997,-118.6948,"LOS ANGELES",MALIBU,-118.69691219000001,34.035166879999998
8472101,2017,2018-05-11,1942,2017-08-08,1815,42392,14,2,5,7,1942,0,0,0,N,0,,"LINCOLN BL","SUNSET AV",0.00,,N,A,-,Y,LA,7,1,-,-,33.001,I,5,S,N,4,0,1,2,A,-,09,21801,A,N,B,G,A,A,H,-,A,A,0,,Y,,,Y,,D,22,0,0,1,0,0,0,1,0,0,"- ","- ",,,"LOS ANGELES","LOS ANGELES",-118.4655056,34.000142369999999
8474045,2017,2018-06-15,1967,2017-10-16,2027,131,,1,5,2,1967,0,0,0,,0,SOUTH,"PACIFIC COAST HWY","FREEMAN AV",71.00,E,N,A,-,Y,LA,7,1,-,-,4.310,H,-,N,N,3,0,1,2,A,-,11,21955,,N,G,B,D,A,H,-,C,D,0,Y,,,,Y,Y,N,60,0,1,0,0,1,0,0,0,0,"- ","- ",,,"LOS ANGELES","SIGNAL HILL",-118.15540298000001,33.789913560000002
8474891,2017,2018-05-11,1942,2017-09-25,1225,34956,1444,1,5,7,1942,0,0,0,N,0,14A49,"LINCOLN BL","WASHINGTON BL",0.00,,Y,A,-,Y,LA,7,1,-,-,31.780,I,5,N,N,4,0,1,2,A,-,00,22106,B,N,G,B,B,A,H,-,A,A,0,Y,,,,Y,,N,60,0,0,1,0,1,0,0,0,0,"- ","- ",,,"LOS ANGELES","LOS ANGELES",-118.44780394999999,33.990503480000001
8475976,2017,2018-06-15,1941,2017-10-11,1734,10861,,3,5,7,1941,0,0,0,,0,,"PACIFIC COAST HWY","LOCUST AV",0.00,,Y,A,-,Y,LA,7,1,-,-,6.371,I,5,S,N,3,0,1,2,A,-,11,21954,A,N,G,B,D,A,H,-,A,A,0,Y,,,,Y,,N,,0,1,0,0,1,0,0,0,0,"- ","- ",,,"LOS ANGELES","LONG BEACH",-118.19121088,33.789808030000003
8477990,2017,2018-06-21,1969,2017-08-22,0754,20295,TRAFF,2,5,5,1969,0,0,0,,0,005,"RT 710","FIRESTONE BL",0.00,,Y,A,-,Y,LA,7,710,-,R,18.663,R,4,S,N,4,0,1,2,A,-,05,21650,1,N,-,G,A,A,H,-,A,-,0,,Y,,,Y,,L,04,0,0,1,0,0,0,1,0,0,"- ","- ",,,"LOS ANGELES","SOUTH GATE",-118.17070266,33.953398040000003
8479933,2017,2018-06-19,1942,2017-09-14,0630,42770,0513,4,5,7,1942,0,0,0,E,0,5A15,"PACIFIC COAST HWY","FIGUEROA PL",65.00,W,N,A,-,Y,LA,7,1,-,-,11.670,H,-,S,N,4,0,1,2,A,-,10,21952,,F,G,B,D,A,H,-,A,D,0,Y,,,,Y,,-,99,0,0,1,0,1,0,0,0,0,"- ","- ",,,"LOS ANGELES","LOS ANGELES",-118.28318969,33.790631230000002
8479959,2017,2018-06-15,1942,2017-10-03,0730,32758,0518,2,5,7,1942,0,0,0,E,0,5A1,"PACIFIC COAST HWY","BROAD AV",7.00,E,N,A,-,Y,LA,7,1,-,-,10.436,I,5,N,N,4,0,1,2,A,-,11,21456,B,N,D,G,A,A,H,-,A,A,0,,Y,,,Y,,A,01,0,0,1,0,0,0,1,0,0,"- ","- ",,,"LOS ANGELES","LOS ANGELES",-118.26166834999999,33.791333080000001
8481687,2017,2018-06-20,1942,2017-09-20,1430,26319,1532,3,5,7,1942,0,0,0,O,0,19TL74,"HOLLYWOOD FWY","VICTORY BL",0.00,,Y,A,-,Y,LA,7,170,-,R,17.570,R,1,S,Y,4,0,1,2,A,-,09,21804,A,N,B,G,A,A,H,-,A,A,0,,Y,,,Y,,L,04,0,0,1,0,0,0,1,0,0,"- ","- ",,,"LOS ANGELES","LOS ANGELES",-118.40220986999999,34.191167350000001
8483168,2017,2018-06-20,1942,2017-08-08,2307,41256,0911,2,5,7,1942,0,0,0,I,0,9A5W3,"SHERMAN WY","RT 405",0.00,,Y,A,-,Y,LA,7,405,-,-,42.241,R,1,N,N,4,0,1,2,A,-,05,21650,1,N,D,G,A,A,H,-,C,D,0,,Y,,,Y,,L,04,0,0,1,0,0,0,1,0,0,"- ",NF,,,"LOS ANGELES","LOS ANGELES",-118.47376764000001,34.19916757
8485831,2017,2018-06-27,1976,2017-10-07,1628,384,,6,5,5,1976,0,0,0,,0,004,"WHITTIER BL","WHITTWOOD DR",105.00,W,N,A,-,Y,LA,7,72,-,-,1.390,H,-,N,N,3,0,1,2,A,-,08,22107,,N,H,G,A,A,H,-,A,D,0,,Y,,,Y,,L,04,0,1,0,0,0,0,1,0,0,"- ","- ",,,"LOS ANGELES",WHITTIER,-117.99894810000001,33.946508080000001
8486009,2017,2018-06-15,1942,2017-10-20,0115,37511,0822,5,5,7,1942,0,0,0,H,0,7T23,"PACIFIC COAST HWY","TAHITI AV",70.00,S,N,A,-,Y,LA,7,1,-,-,38.200,H,-,S,Y,2,0,1,2,A,-,11,21954,A,N,G,B,D,A,H,-,C,D,0,Y,,,,Y,,N,60,1,0,0,0,1,0,0,0,0,"- ","- ",,,"LOS ANGELES","LOS ANGELES",-118.53754634000001,34.036627869999997
8486171,2017,2018-07-02,1956,2017-10-18,1506,1257,16,3,5,5,1956,0,0,0,,0,001,"RT 1","TORRANCE BL",250.00,S,N,A,-,Y,LA,7,1,-,-,19.520,H,-,S,N,4,0,1,2,A,-,09,21804,A,N,D,G,A,A,H,-,A,D,0,,Y,,,Y,,A,01,0,0,1,0,0,0,1,0,0,"- ","- ",,,"LOS ANGELES","REDONDO BEACH",-118.38544201000001,33.838281870000003
8486179,2017,2018-07-02,1956,2017-10-19,0637,1239,10,4,5,5,1956,0,0,0,,0,001,"RT 1","SAPPHIRE ST",16.00,N,N,A,-,Y,LA,7,1,-,-,19.141,I,5,S,N,3,0,1,2,A,-,11,21950,B,N,G,B,B,A,H,-,B,A,0,Y,,,,Y,,N,60,0,1,0,0,1,0,0,0,0,"- ","- ",,,"LOS ANGELES","REDONDO BEACH",-118.38498108,33.832719779999998
8486207,2017,2018-06-22,1976,2017-09-30,1753,384,,6,5,5,1976,0,0,0,,0,004,"WHITTIER BL","SANTA GERTRUDES",7.00,W,N,A,-,Y,LA,7,72,-,-,1.097,I,6,S,N,4,0,1,2,A,-,10,21950,A,N,G,B,B,A,H,-,A,A,0,Y,,,,Y,,A,01,0,0,1,0,1,0,0,0,0,"- ","- ",,,"LOS ANGELES",WHITTIER,-117.99436961000001,33.944660859999999
8486292,2017,2018-06-15,1906,2017-10-25,1052,2848,1906,3,5,5,1906,0,0,0,,0,003,"RT 10","GARVEY AV",63.00,S,N,A,-,Y,LA,7,10,-,-,37.431,R,3,W,N,4,0,1,2,A,-,03,22350,,F,G,B,C,A,H,-,A,D,0,Y,,,,Y,,A,08,0,0,1,0,1,0,0,0,0,"- ","- ",,,"LOS ANGELES","BALDWIN PARK",-117.89133914999999,34.072086839999997
8489163,2017,2018-06-14,1920,2017-10-16,0120,10216,,1,5,6,1920,0,0,0,,0,006,"LAKEWOOD BL","RT 105",0.00,,Y,A,-,Y,LA,7,105,-,R,15.515,R,4,E,N,4,0,1,2,D,-,00,,,N,G,B,D,A,G,-,C,D,0,Y,,,,Y,,-,"- ",0,0,1,0,1,0,0,0,0,"- ","- ",,,"LOS ANGELES",DOWNEY,-118.14492654999999,33.91289965
8489534,2017,2018-06-27,1976,2017-10-26,0741,327,,4,5,5,1976,0,0,0,,0,003,"WHITTIER BL","OCEANVIEW AV",350.00,W,N,A,-,Y,LA,7,72,-,-,2.820,H,-,N,N,4,0,1,2,A,-,09,21804,B,N,H,G,A,A,H,-,A,D,0,,Y,,,Y,,L,04,0,0,1,0,0,0,1,0,0,"- ","- ",,,"LOS ANGELES",WHITTIER,-118.02068328,33.956384560000004
8489845,2017,2018-06-18,1941,2017-10-27,0650,10919,,5,5,7,1941,0,0,0,,0,,"LEMON AV","PACIFIC COAST HWY",0.00,,Y,A,-,Y,LA,7,1,-,-,5.641,I,5,N,N,2,0,1,2,A,-,08,22107,,N,G,G,A,A,H,-,A,A,0,,Y,,,Y,,D,,1,0,0,0,0,0,1,0,0,"- ","- ",,,"LOS ANGELES","LONG BEACH",-118.17845507,33.789914940000003
8489967,2017,2018-06-25,1955,2017-10-03,2040,42369,78,2,5,6,1955,0,0,0,,0,005,"MISSION BL","RT 71",18.00,E,N,A,-,Y,LA,7,71,-,-,1.739,R,1,S,N,4,0,1,2,A,-,09,21453,B,N,G,B,A,A,H,-,C,A,0,,Y,,,Y,Y,A,01,0,0,1,0,0,0,1,0,0,"- ","- ",,,"LOS ANGELES",POMONA,-117.77997692,34.052137850000001
8492056,2017,2018-06-25,1942,2017-09-23,1335,42994,LAPD,6,5,7,1942,0,0,0,,0,11A51,"SAN FERNANDO RD","RT 2",0.00,,Y,A,-,Y,LA,7,2,-,-,15.937,R,4,E,N,4,0,2,3,A,-,10,21950,A,N,G,B,B,A,H,-,A,A,0,Y,,,,Y,,A,07,0,0,2,0,2,0,0,0,0,"- ",SF,,,"LOS ANGELES","LOS ANGELES",-118.24477108000001,34.112814499999999
8492111,2017,2018-06-20,1942,2017-09-27,1000,41376,0899,3,5,7,1942,0,0,0,H,0,6TL7,"VENICE BL","CATTARAUGUS AV",170.00,E,N,A,-,Y,LA,7,187,-,-,8.360,H,-,W,N,3,0,1,2,A,-,07,21658,A,N,H,G,A,A,H,-,A,D,0,,Y,,,Y,,A,01,0,1,0,0,0,0,1,0,0,"- ","- ",,,"LOS ANGELES","LOS ANGELES",-118.38212446999999,34.033042500000001
8493222,2017,2018-05-14,1942,2017-09-09,2030,42364,0513,6,5,7,1942,0,0,0,E,0,25T41,"PACIFIC COAST HWY","FIGUEROA PL",8.00,E,N,A,-,Y,LA,7,1,-,-,11.660,I,5,S,N,3,0,1,2,A,-,12,21453,A,N,G,B,-,A,H,-,C,A,0,Y,,,,Y,,A,01,0,1,0,0,1,0,0,0,0,"- ","- ",,,"LOS ANGELES","LOS ANGELES",-118.28302037,33.790609430000003
8493250,2017,2018-06-11,1972,2017-09-08,1336,16610,,5,5,6,1972,0,0,0,,0,,"HAWTHORN BL","SEPULVEDA BL",0.00,,Y,A,-,Y,LA,7,107,-,-,1.410,I,6,N,N,4,0,1,2,A,-,09,21804,A,N,D,G,A,A,H,-,A,D,0,,Y,,,Y,,L,04,0,0,1,0,0,0,1,0,0,"- ","- ",,,"LOS ANGELES",TORRANCE,-118.35133466000001,33.825576900000002
8493296,2017,2018-06-14,1942,2017-10-11,1340,42240,1267,3,5,7,1942,0,0,0,L,0,12XL57,"RT 110","W MANCHESTER AV",0.00,,Y,A,-,Y,LA,7,110,-,-,16.129,R,1,S,N,3,0,1,3,A,-,11,21456,B,N,D,B,B,A,H,-,A,A,0,Y,,,,Y,,N,60,0,1,0,0,1,0,0,0,0,SF,"- ",,,"LOS ANGELES","LOS ANGELES",-118.28093576000001,33.962327780000003
8493417,2017,2018-05-11,1941,2017-09-01,1330,5900,,5,5,7,1941,0,0,0,,0,,"PACIFIC COAST HWY","ORANGE AV",67.00,S,N,A,-,Y,LA,7,1,-,-,5.530,H,-,S,N,4,0,1,2,A,-,"- ",,,N,G,B,F,A,H,-,A,D,0,Y,,,,Y,,D,,0,0,1,0,1,0,0,0,0,"- ","- ",,,"LOS ANGELES","LONG BEACH",-118.17647608,33.789805479999998
8493422,2017,2018-06-18,1941,2017-11-14,1435,6319,,2,5,7,1941,0,0,0,,0,,"PACIFIC COAST HWY","OBISPO AV",100.00,E,N,A,-,Y,LA,7,1,-,-,4.240,H,-,S,N,3,0,1,2,A,-,00,21955,I,N,G,B,D,A,H,-,A,A,0,Y,,,,Y,,A,,0,1,0,0,1,0,0,0,0,"- ","- ",,,"LOS ANGELES","LONG BEACH",-118.15421422999999,33.789803910000003