CASE_ID,ACCIDENT_YEAR,PROC_DATE,JURIS,COLLISION_DATE,COLLISION_TIME,OFFICER_ID,REPORTING_DISTRICT,DAY_OF_WEEK,CHP_SHIFT,POPULATION,CNTY_CITY_LOC,SPECIAL_COND,BEAT_TYPE,CHP_BEAT_TYPE,CITY_DIVISION_LAPD,CHP_BEAT_CLASS,BEAT_NUMBER,PRIMARY_RD,SECONDARY_RD,DISTANCE,DIRECTION,INTERSECTION,WEATHER_1,WEATHER_2,STATE_HWY_IND,CALTRANS_COUNTY,CALTRANS_DISTRICT,STATE_ROUTE,ROUTE_SUFFIX,POSTMILE_PREFIX,POSTMILE,LOCATION_TYPE,RAMP_INTERSECTION,SIDE_OF_HWY,TOW_AWAY,COLLISION_SEVERITY,NUMBER_KILLED,NUMBER_INJURED,PARTY_COUNT,PRIMARY_COLL_FACTOR,PCF_CODE_OF_VIOL,PCF_VIOL_CATEGORY,PCF_VIOLATION,PCF_VIOL_SUBSECTION,HIT_AND_RUN,TYPE_OF_COLLISION,MVIW,PED_ACTION,ROAD_SURFACE,ROAD_COND_1,ROAD_COND_2,LIGHTING,CONTROL_DEVICE,CHP_ROAD_TYPE,PEDESTRIAN_ACCIDENT,BICYCLE_ACCIDENT,MOTORCYCLE_ACCIDENT,TRUCK_ACCIDENT,NOT_PRIVATE_PROPERTY,ALCOHOL_INVOLVED,STWD_VEHTYPE_AT_FAULT,CHP_VEHTYPE_AT_FAULT,COUNT_SEVERE_INJ,COUNT_VISIBLE_INJ,COUNT_COMPLAINT_PAIN,COUNT_PED_KILLED,COUNT_PED_INJURED,COUNT_BICYCLIST_KILLED,COUNT_BICYCLIST_INJURED,COUNT_MC_KILLED,COUNT_MC_INJURED,PRIMARY_RAMP,SECONDARY_RAMP,LATITUDE,LONGITUDE,COUNTY,CITY,POINT_X,POINT_Y
8493708,2017,2018-06-26,1900,2017-11-13,2149,61664,1126,1,5,6,1992,0,0,0,,0,112T1,"AVENUE K","RT 14",95.00,W,N,A,-,Y,LA,7,14,-,R,66.871,R,4,N,N,3,0,1,2,A,-,11,21954,A,N,G,B,D,A,H,-,C,D,0,Y,,,,Y,Y,N,60,0,1,0,0,1,0,0,0,0,"- ",NO,,,"LOS ANGELES",LANCASTER,-118.15873704000001,34.676290539999997
8494406,2017,2018-07-03,1942,2017-10-04,0755,32996,1132,3,5,7,1942,0,0,0,K,0,11A1,"RIVERSIDE DR","HYPERION AV",75.00,E,N,A,-,Y,LA,7,5,-,-,23.588,R,4,S,N,4,0,1,2,A,-,09,21801,A,N,H,G,A,A,H,-,A,D,0,,Y,,,Y,,A,01,0,0,1,0,0,0,1,0,0,"- ","- ",,,"LOS ANGELES","LOS ANGELES",-118.26455027999999,34.111296260000003
8494717,2017,2018-06-15,1942,2017-10-10,2135,38503,0031,2,5,7,1942,0,0,0,,0,25TL27,"PACIFIC COAST HWY","BELLE PORTE AV",0.00,,Y,A,-,Y,LA,7,1,-,-,12.733,I,5,N,N,3,0,1,2,A,-,05,21650,1,N,D,G,A,A,H,-,C,A,0,,Y,,,Y,,L,04,0,1,0,0,0,0,1,0,0,"- ","- ",,,"LOS ANGELES","LOS ANGELES",-118.30117708,33.789520920000001
8502823,2017,2018-06-26,1942,2017-12-02,2130,36946,1751,6,5,7,1942,0,0,0,Q,0,17X22,"TOPANGA CANYON BL","DEVONSHIRE ST",300.00,S,N,A,-,Y,LA,7,27,-,-,18.570,H,-,S,N,2,0,1,2,A,-,11,21950,B,N,G,B,E,A,H,-,D,D,0,Y,,,,Y,,N,60,1,0,0,0,1,0,0,0,0,"- ","- ",,,"LOS ANGELES","LOS ANGELES",-118.60614889,34.256314719999999
8503905,2017,2018-06-14,1942,2017-12-07,2350,42314,1601,4,5,7,1942,0,0,0,P,0,16A11,"GLENOAKS BL","RT 118",0.00,,Y,A,-,Y,LA,7,118,-,R,13.320,R,4,W,N,4,0,1,2,A,-,12,22450,A,F,A,G,A,A,H,-,C,A,0,,Y,,,Y,,-,99,0,0,1,0,0,0,1,0,0,"- ","- ",,,"LOS ANGELES","LOS ANGELES",-118.41720548000001,34.281621090000002
8503944,2017,2018-06-14,1942,2017-12-21,1130,33458,1566,4,5,7,1942,0,0,0,O,0,35M42,"LANKERSHIM BL","RIVERSIDE DR",350.00,N,N,A,-,Y,LA,7,134,-,-,0.631,R,4,W,N,3,0,1,2,A,-,10,21950,A,N,G,B,B,A,H,-,A,A,0,Y,,,,Y,,A,01,0,1,0,0,1,0,0,0,0,"- ","- ",,,"LOS ANGELES","LOS ANGELES",-118.36607024,34.153307359999999
8503977,2017,2018-06-15,1942,2017-11-27,2115,40105,RD053,1,5,7,1942,0,0,0,,0,25T21,"WESTERN AV","PACIFIC COAST HWY",131.00,S,N,A,-,Y,LA,7,213,-,-,5.070,H,-,S,N,3,0,1,2,A,-,11,21954,A,N,G,B,D,A,H,-,C,A,0,Y,,,,Y,,N,60,0,1,0,0,1,0,0,0,0,"- ","- ",,,"LOS ANGELES","LOS ANGELES",-118.30767803000001,33.7892571
8504261,2017,2018-06-26,1942,2017-12-07,2250,42737,2134,4,5,7,1942,0,0,0,,0,21A5,"TOPANGA CANYON BL","SATICOY ST",0.00,,Y,A,-,Y,LA,7,27,-,-,15.041,I,5,S,N,3,0,1,2,A,-,10,21950,A,N,A,B,B,A,H,-,C,A,0,Y,,,,Y,,A,01,0,1,0,0,1,0,0,0,0,"- ","- ",,,"LOS ANGELES","LOS ANGELES",-118.60604825999999,34.208283850000001
8504287,2017,2018-07-09,1942,2017-11-17,1740,42420,0822,5,5,7,1942,0,0,0,H,0,8A59,"PACIFIC COAST HWY","TAHITI AV",0.00,,Y,A,-,Y,LA,7,1,-,-,38.210,I,5,S,N,4,0,1,2,A,-,08,22100,B,N,D,G,A,A,H,-,D,D,0,,Y,,,Y,,A,01,0,0,1,0,0,0,1,0,0,"- ","- ",,,"LOS ANGELES","LOS ANGELES",-118.53774429000001,34.036725429999997
8504505,2017,2018-07-09,1900,2017-12-29,0823,530869,2608,5,5,6,1950,0,0,0,,0,261T1,"RT 138","20TH ST EAST",0.00,,Y,A,-,Y,LA,7,138,-,-,45.710,I,5,E,N,2,0,1,2,A,-,10,21950,A,N,G,B,B,A,H,-,A,A,0,Y,,,,Y,,A,01,1,0,0,0,1,0,0,0,0,"- ","- ",,,"LOS ANGELES",PALMDALE,-118.09412121,34.579756920000001
8504617,2017,2018-06-20,1942,2017-09-04,1317,37306,1267,1,5,7,1942,0,0,0,L,0,,"MANCHESTER AV","RT 110",0.00,,Y,A,-,Y,LA,7,110,-,-,16.129,R,1,S,Y,4,0,1,2,A,-,17,21451,A,N,G,B,B,A,H,-,A,A,0,Y,,,,Y,,A,01,0,0,1,0,1,0,0,0,0,"- ",NF,,,"LOS ANGELES","LOS ANGELES",-118.28093576000001,33.962327780000003
8504898,2017,2018-06-27,1976,2017-12-08,0722,409,,5,5,5,1976,0,0,0,,0,001,"WHITTIER BL","ESPERANZA AV",3.00,W,N,A,-,Y,LA,7,72,-,-,6.766,I,5,S,N,4,0,1,2,D,-,00,,,N,G,B,B,A,H,-,A,A,0,Y,,,,Y,,-,"- ",0,0,1,0,1,0,0,0,0,"- ","- ",,,"LOS ANGELES",WHITTIER,-118.07074928999999,33.994382960000003
8504915,2017,2018-06-27,1976,2017-11-16,1824,418,,4,5,5,1976,0,0,0,,0,004,"MILLS AV","WHITTIER BL",15.00,S,N,A,-,Y,LA,7,72,-,-,2.113,I,5,S,N,3,0,1,2,A,-,05,21650,1,F,H,G,A,A,H,-,C,A,0,,Y,,,Y,,L,04,0,1,0,0,0,0,1,0,0,"- ","- ",,,"LOS ANGELES",WHITTIER,-118.01056366,33.950582490000002
8506793,2017,2018-06-18,1941,2017-11-18,1542,10045,,6,5,7,1941,0,0,0,,0,,"PACIFIC COAST HWY","ULTIMO AV",0.00,,Y,A,-,Y,LA,7,1,-,-,2.101,I,5,S,N,4,0,1,2,A,-,05,21650,1,N,D,G,A,A,H,-,A,D,0,,Y,,,Y,,L,04,0,0,1,0,0,0,1,0,0,"- ","- ",,,"LOS ANGELES","LONG BEACH",-118.12414149999999,33.776266270000001
8508159,2017,2018-06-18,1900,2017-11-19,1120,530048,1017,7,5,3,1995,0,0,0,,0,101,"RT 1","TUNA CANYON RD",156.00,N,N,A,-,Y,LA,7,1,-,-,41.390,H,-,N,N,3,0,1,2,A,-,17,22517,,N,D,G,A,A,H,-,A,D,0,,Y,,,Y,,A,01,0,1,0,0,0,0,1,0,0,"- ","- ",34.039619999999999,-118.58991,"LOS ANGELES",MALIBU,-118.58993583,34.039581210000001
8508160,2017,2018-06-15,1942,2017-10-26,2010,37511,0821,4,5,7,1942,0,0,0,H,0,7T23,"PACIFIC COAST HWY","SUNSET BL",40.00,N,N,A,-,Y,LA,7,1,-,-,39.340,H,-,N,N,3,0,1,2,A,-,11,21954,A,N,G,B,D,A,H,-,C,A,0,Y,,,,Y,,N,60,0,1,0,0,1,0,0,0,0,"- ","- ",,,"LOS ANGELES","LOS ANGELES",-118.55590508,34.038595340000001
8509751,2017,2019-04-10,1900,2017-11-29,0754,525862,1013,3,5,3,1995,0,0,0,,0,222D,"RT 1","WINDING WY",1280.00,E,N,A,-,Y,LA,7,1,-,-,52.340,H,-,S,Y,1,1,1,6,A,-,03,22350,,N,C,B,E,A,H,-,A,D,0,Y,,,,Y,,A,01,1,0,0,1,0,0,0,0,0,"- ","- ",34.024799999999999,-118.77316,"LOS ANGELES",MALIBU,-118.77616737,34.025821530000002
8512725,2017,2018-06-18,1900,2017-12-07,1215,538098,1014,4,5,3,1995,0,0,0,,0,101A,"RT 1","CORRAL CANYON RD",2640.00,S,N,A,G,Y,LA,7,1,-,-,49.970,H,-,N,N,2,0,1,2,A,-,11,21955,,N,G,B,D,A,H,-,A,D,0,Y,,,,Y,,N,60,1,0,0,0,1,0,0,0,0,"- ","- ",34.031700000000001,-118.74648000000001,"LOS ANGELES",MALIBU,-118.73555407000001,34.033516110000001
8513160,2017,2018-07-03,1929,2017-12-08,1500,158,,5,5,3,1929,0,0,0,,0,001,"8TH ST","PACIFIC COAST HWY",50.00,W,N,A,-,Y,LA,7,1,-,-,21.041,I,6,S,N,3,0,1,2,A,-,03,22350,,N,C,G,A,A,H,-,A,A,0,,Y,,,Y,,L,04,0,1,0,0,0,0,1,0,0,"- ","- ",,,"LOS ANGELES","HERMOSA BEACH",-118.39193203000001,33.860655110000003
8514765,2017,2018-07-03,1942,2017-10-12,2355,41669,1113,4,5,7,1942,0,0,0,K,0,11A25,"RT 2","COLORADO BL",0.00,,Y,A,-,Y,LA,7,2,-,R,18.296,R,1,E,N,3,0,1,2,A,-,10,21950,,N,G,B,B,A,H,-,C,A,0,Y,,,,Y,,A,01,0,1,0,0,1,0,0,0,0,"- ","- ",,,"LOS ANGELES","LOS ANGELES",-118.22814338000001,34.139808080000002
8514884,2017,2018-06-15,1941,2017-11-25,2330,5737,,6,5,7,1941,0,0,0,,0,,"PACIFIC COAST HWY","LONG BEACH BL",7.00,E,N,A,-,Y,LA,7,1,-,-,6.261,I,5,S,N,4,0,1,2,A,-,11,21456,B,N,D,B,B,A,H,-,C,A,0,Y,,,,Y,,N,,0,0,1,0,1,0,0,0,0,"- ","- ",,,"LOS ANGELES","LONG BEACH",-118.18930021,33.789807869999997
8516295,2017,2018-06-18,1900,2017-12-02,0230,602403,1014,6,5,3,1995,0,0,0,,0,101A,"RT 1","CORRAL CANYON RD",780.00,S,N,A,-,Y,LA,7,1,-,-,50.250,H,-,S,Y,2,0,2,5,A,-,07,21658,A,N,B,C,E,A,H,-,D,D,0,Y,,,,Y,,A,01,2,0,0,0,2,0,0,0,0,"- ","- ",34.033239999999999,-118.74129000000001,"LOS ANGELES",MALIBU,-118.74077010000001,34.03329574
8518308,2017,2018-06-20,1942,2017-09-28,1401,37505,0478,4,5,7,1942,0,0,0,D,0,4A97,"SOUTH LORENA ST","RT 60",0.00,,Y,A,-,Y,LA,7,60,-,R,1.237,R,4,E,N,2,0,1,2,A,-,11,21950,B,N,G,B,B,A,H,-,A,A,0,Y,,,,Y,,N,60,1,0,0,0,1,0,0,0,0,"- ","- ",,,"LOS ANGELES","LOS ANGELES",-118.20401934,34.028621299999998
8521708,2017,2018-07-09,1900,2017-12-07,0710,529472,0531,4,5,5,1959,0,0,0,,0,53T1AM,"RT 164","VALLEY BL",34.00,S,N,A,-,Y,LA,7,164,-,-,6.224,I,6,S,N,4,0,1,2,A,-,12,21453,A,N,D,G,A,A,H,-,A,A,0,,Y,,,Y,,L,04,0,0,1,0,0,0,1,0,0,"- ","- ",34.080880000000001,-118.07316,"LOS ANGELES",ROSEMEAD,-118.07327544,34.080938500000002
8524948,2017,2018-07-03,1942,2017-12-19,1825,41271,1124,2,5,7,1942,0,0,0,K,0,11A89,"N SAN FERNANDO RD","RT 2",10.00,S,N,A,-,Y,LA,7,2,-,-,16.101,R,3,E,N,3,0,1,2,A,-,10,21950,A,F,B,B,B,A,H,-,C,A,0,Y,,,,Y,,-,99,0,1,0,0,1,0,0,0,0,"- ",SO,,,"LOS ANGELES","LOS ANGELES",-118.24253963,34.11419325
8528372,2017,2018-07-09,1900,2017-12-20,0740,460154,2607,3,5,6,1950,0,0,0,,0,262T1,"RT 138","AVENUE S",0.00,,Y,A,-,Y,LA,7,138,-,-,49.971,I,5,E,N,4,0,1,2,A,-,10,21950,A,N,G,B,B,A,H,-,A,A,0,Y,,,,Y,,D,22,0,0,1,0,1,0,0,0,0,"- ","- ",,,"LOS ANGELES",PALMDALE,-118.0452652,34.558066920000002
8529127,2017,2018-07-09,1976,2017-11-24,2107,442,,5,5,5,1976,0,0,0,,0,003,"STRUB AV","WHITTIER BL",110.00,N,N,A,-,Y,LA,7,72,-,-,3.059,I,6,N,N,4,0,1,3,A,-,08,22107,,F,B,E,E,A,H,-,C,D,0,Y,,,Y,Y,,A,01,0,0,1,0,1,0,0,0,0,"- ","- ",,,"LOS ANGELES",WHITTIER,-118.02415005,33.958300489999999
8530216,2017,2018-06-14,1900,2017-12-30,1300,226440,2243,6,5,3,1989,0,0,0,,0,222T2,"LAS VIRGENES RD","RT 101",0.00,,Y,A,-,Y,LA,7,101,-,-,30.934,R,4,N,N,4,0,1,2,A,-,08,22107,,N,G,B,B,A,H,-,A,A,0,Y,,,,Y,,A,07,0,0,1,0,1,0,0,0,0,"- ",WF,34.149410000000003,-118.6979,"LOS ANGELES",CALABASAS,-118.69656489,34.149897170000003
8530282,2017,2018-05-23,1925,2017-12-26,1723,22598,216,2,5,6,1925,0,0,0,,0,001,"PACIFIC AV","RT 134",0.00,,Y,A,-,Y,LA,7,134,-,R,6.858,R,4,W,N,1,1,0,2,A,-,11,21954,A,N,G,B,D,A,H,-,C,A,0,Y,,,,Y,,N,60,0,0,0,1,0,0,0,0,0,"- ",WF,,,"LOS ANGELES",GLENDALE,-118.25954144000001,34.156447300000004
8532525,2017,2018-06-15,1955,2017-12-18,1714,40220,88,1,5,6,1955,0,0,0,,0,004,"GAREY AV","RT 60",222.00,N,N,A,-,Y,LA,7,60,-,R,29.512,R,4,E,N,3,0,1,2,A,-,11,21954,A,N,G,B,D,A,H,-,C,A,0,Y,,,,Y,,N,60,0,1,0,0,1,0,0,0,0,"- ",EO,,,"LOS ANGELES",POMONA,-117.74580478,34.023558379999997
8535569,2017,2018-07-09,1969,2017-11-08,0837,10212,PATRO,3,5,5,1969,0,0,0,,0,0A4,"IMPERIAL HWY","RT 710",9.00,N,N,A,-,Y,LA,7,710,-,-,16.879,R,3,S,N,4,0,1,2,A,-,17,21663,,N,D,G,A,A,H,-,A,D,0,,Y,,,Y,,L,04,0,0,1,0,0,0,1,0,0,"- ","- ",,,"LOS ANGELES","SOUTH GATE",-118.17892399,33.929313909999998
8536131,2017,2018-07-09,1942,2017-11-23,1310,41921,0514,4,5,7,1942,0,0,0,E,0,25TL22,"W PACIFIC COAST HWY","FIGUEROA AV",300.00,W,N,A,-,Y,LA,7,1,-,-,11.660,I,5,S,N,4,0,1,2,A,-,10,21950,A,F,G,B,B,A,H,-,A,A,0,Y,,,,Y,,-,99,0,0,1,0,1,0,0,0,0,"- ","- ",,,"LOS ANGELES","LOS ANGELES",-118.28302037,33.790609430000003
8540318,2018,2018-08-10,1942,2018-01-25,1802,39318,0821,4,5,7,1942,0,0,0,H,0,8X48,"PACIFIC COAST HWY","SUNSET BL",0.00,,Y,A,-,Y,LA,7,1,-,-,39.326,I,5,S,Y,3,0,1,2,A,-,11,21106,B,N,G,B,B,A,H,-,C,A,0,Y,,,,Y,,N,60,0,1,0,0,1,0,0,0,0,"- ","- ",,,"LOS ANGELES","LOS ANGELES",-118.55567932128906,34.0384521484375
8543146,2017,2018-06-15,1942,2017-11-22,1400,39430,1414,3,5,7,1942,0,0,0,N,0,34MQ14,"LINCOLN BL","MACHADO DR",136.00,S,N,A,-,Y,LA,7,1,-,-,33.270,H,-,N,N,3,0,1,2,A,-,09,21801,A,F,D,G,A,A,H,-,A,D,0,,Y,,,Y,,-,99,0,1,0,0,0,0,1,0,0,"- ","- ",,,"LOS ANGELES","LOS ANGELES",-118.46935646999999,34.002110960000003
8543483,2017,2018-05-11,1900,2017-09-27,1035,602404,1015,3,5,3,1995,0,0,0,,0,101T4,"RT 1","WEBB WY",500.00,N,N,A,-,Y,LA,7,1,-,-,47.530,H,-,N,N,3,0,1,2,A,-,00,21760,B,N,B,G,A,A,H,-,A,D,0,,Y,,,Y,,I,10,0,1,0,0,0,0,1,0,0,"- ","- ",34.0349,-118.6927,"LOS ANGELES",MALIBU,-118.69287251,34.034949830000002
8543515,2017,2018-05-11,1956,2017-09-18,1940,1336,616,1,5,5,1956,0,0,0,,0,002,"RT 1","TORRANCE BL",0.00,,Y,B,-,Y,LA,7,1,-,-,19.524,I,5,S,N,3,0,1,2,A,-,11,21456,B,N,G,B,B,A,H,-,C,A,0,Y,,,,Y,,-,"- ",0,1,0,0,1,0,0,0,0,"- ","- ",,,"LOS ANGELES","REDONDO BEACH",-118.38544668999999,33.838340369999997
8543630,2018,2018-08-03,1941,2018-01-14,1812,11140,,7,5,7,1941,0,0,0,,0,,"PACIFIC COAST HWY","GAVIOTA AV",40.00,W,N,A,-,Y,LA,7,1,-,-,5.210,H,-,S,N,3,0,1,2,A,-,03,22350,,F,C,G,A,A,H,-,C,D,0,,Y,,,Y,Y,A,,0,1,0,0,0,0,1,0,0,"- ","- ",,,"LOS ANGELES","LONG BEACH",-118.17105102539062,33.789806365966797
8543930,2017,2018-07-09,1972,2017-10-06,1800,20050,,5,5,6,1972,0,0,0,,0,,"WESTERN AV","TORRANCE BL",0.00,,Y,A,-,Y,LA,7,213,-,-,8.449,I,5,N,N,2,0,1,2,A,-,12,21453,A,N,D,G,A,A,H,-,A,A,0,,Y,,,Y,,L,,1,0,0,0,0,0,1,0,0,"- ","- ",,,"LOS ANGELES",TORRANCE,-118.30923016,33.838196510000003
8543974,2017,2018-06-21,1972,2017-09-22,1301,19086,,5,5,6,1972,0,0,0,,0,,WESTERN,"213TH ST",0.00,,-,A,-,Y,LA,7,213,-,-,8.268,I,5,S,N,4,0,1,2,A,-,05,21650,1,N,D,G,A,A,H,-,A,A,0,,Y,,,Y,,L,,0,0,1,0,0,0,1,0,0,"- ","- ",,,"LOS ANGELES",TORRANCE,-118.30918579999999,33.835623060000003
8546089,2017,2018-07-06,1944,2017-10-24,1917,224,2M72,2,5,4,1944,0,0,0,,0,002,"ROSECRANS AV","SEPULVEDA BL",0.00,,Y,A,-,Y,LA,7,1,-,-,23.924,I,5,S,N,4,0,1,2,A,-,10,21950,A,N,G,B,B,A,H,-,C,A,0,Y,,,,Y,,A,01,0,0,1,0,1,0,0,0,0,"- ","- ",,,"LOS ANGELES","MANHATTAN BEACH",-118.39630821999999,33.901814160000001
8546252,2018,2018-07-31,1956,2018-01-24,2054,1262,,3,5,5,1956,0,0,0,,0,004,"INGLEWOOD AV","RT 405",0.00,,Y,A,-,Y,LA,7,405,-,-,18.379,R,4,S,N,4,0,2,3,A,-,10,21950,A,N,G,B,B,A,H,-,C,A,0,Y,,,,Y,,A,01,0,0,2,0,2,0,0,0,0,"- ","- ",,,"LOS ANGELES","REDONDO BEACH",-118.363037109375,33.892063140869141
8550030,2018,2018-08-07,1942,2018-01-09,0050,39022,0647,2,5,7,1942,0,0,0,F,0,6T7,"HOLLYWOOD BL","RT 101",0.00,,Y,C,-,Y,LA,7,101,-,-,6.367,R,4,N,N,4,0,1,2,A,-,12,21453,A,M,H,G,A,B,H,-,C,A,0,,Y,,,Y,,-,99,0,0,1,0,0,0,1,0,0,"- ",NF,,,"LOS ANGELES","LOS ANGELES",-118.31532287597656,34.099678039550781
8550169,2018,2018-08-10,1956,2018-01-23,1826,1338,20,2,5,5,1956,0,0,0,,0,002,"RT 1","DIAMOND ST",0.00,,Y,A,-,Y,LA,7,1,-,-,19.941,I,5,N,N,3,0,1,2,A,-,10,21950,A,N,G,B,B,A,H,-,C,A,0,Y,,,,Y,,A,01,0,1,0,0,1,0,0,0,0,"- ","- ",,,"LOS ANGELES","REDONDO BEACH",-118.38726043701172,33.844970703125
8550189,2018,2018-08-09,1900,2018-01-11,1657,507732,1018,4,5,3,1995,0,0,0,,0,101T2,"PACIFIC COAST HWY","TUNA CANYON RD",0.00,,Y,A,-,Y,LA,7,1,-,-,41.361,I,5,S,N,2,0,1,2,A,-,11,21954,A,N,G,B,E,A,H,-,A,D,0,Y,,,,Y,Y,N,60,1,0,0,0,1,0,0,0,0,"- ","- ",34.0394287109375,-118.58930969238281,"LOS ANGELES",MALIBU,-118.58945465087891,34.039417266845703
8550194,2018,2018-08-10,1900,2018-01-15,1507,618391,2608,1,5,6,1950,0,0,0,,0,263T1,"RT 138","20TH ST E",620.00,E,N,A,-,Y,LA,7,138,-,-,45.830,H,-,W,Y,4,0,2,3,A,-,11,21954,A,N,C,B,E,A,H,-,A,D,0,Y,,,,Y,,N,60,0,0,2,0,1,0,0,0,0,"- ","- ",,,"LOS ANGELES",PALMDALE,-118.09206390380859,34.580085754394531
8553969,2018,2018-08-08,1942,2018-01-24,0925,35643,657,3,5,7,1942,0,0,0,,0,6A37,"SANTA MONICA BL","VAN NESS AV",7.00,E,N,A,-,Y,LA,7,2,-,-,12.211,I,5,E,N,3,0,1,2,A,-,09,21801,A,N,H,G,A,A,H,-,A,A,0,,Y,,,Y,,A,07,0,1,0,0,0,0,1,0,0,"- ","- ",,,"LOS ANGELES","LOS ANGELES",-118.31578826904297,34.090763092041016
8554023,2018,2018-08-08,1942,2018-01-29,1130,40690,2093,1,5,7,1942,0,0,0,,0,20A71,"S NORMANDIE AV","20TH ST",150.00,S,N,A,-,Y,LA,7,10,-,R,13.436,R,4,W,N,4,0,1,2,A,-,06,21760,C,N,H,G,A,A,H,-,A,D,0,,Y,,,Y,,A,01,0,0,1,0,0,0,1,0,0,"- ","- ",,,"LOS ANGELES","LOS ANGELES",-118.29828643798828,34.037139892578125
8554159,2017,2018-07-09,1913,2017-12-22,0857,4082,73,5,5,4,1913,0,0,0,,0,,"BASELINE RD","RT 210",19.00,W,N,A,-,Y,LA,7,210,-,R,52.107,R,4,W,N,4,0,1,2,A,-,17,21451,A,N,G,B,D,A,H,-,A,A,0,Y,,,,Y,,N,60,0,0,1,0,1,0,0,0,0,"- ",WF,,,"LOS ANGELES",CLAREMONT,-117.69294318,34.124249050000003
8554323,2018,2018-08-10,1972,2018-01-01,1414,16610,,1,5,6,1972,0,0,0,,0,,"HAWTHORNE BL","DEL AMO BL",560.00,N,N,B,-,Y,LA,7,107,-,-,3.010,I,6,N,N,4,0,2,2,A,-,09,21804,A,N,D,C,A,A,H,-,A,D,0,,Y,,,Y,,A,,0,0,2,0,0,0,1,0,0,"- ","- ",,,"LOS ANGELES",TORRANCE,-118.35362243652344,33.848567962646484
8555970,2018,2018-07-31,1900,2018-01-14,1418,523037,1360,7,5,5,1952,0,0,0,,0,136A,"ROSECRANS AV","RT 710",0.00,,Y,A,-,Y,LA,7,710,-,-,14.761,R,4,N,N,4,0,1,2,A,-,09,21453,B,N,D,G,A,-,H,-,A,A,0,,Y,,,Y,,A,01,0,0,1,0,0,0,1,0,0,"- ","- ",,,"LOS ANGELES",PARAMOUNT,-118.18658447265625,33.900821685791016
8556222,2018,2018-08-07,1942,2018-02-04,1650,41129,1454,7,5,7,1942,0,0,0,N,0,14A12,"MINDANAO WY","RT 90",158.00,E,N,A,-,Y,LA,7,90,-,-,1.201,I,6,W,N,3,0,1,2,A,-,05,21650,1,N,D,G,A,A,H,-,A,-,0,,Y,,,Y,,L,04,0,1,0,0,0,0,1,0,0,"- ","- ",,,"LOS ANGELES","LOS ANGELES",-118.43780517578125,33.983818054199219
8557678,2018,2018-08-21,1942,2018-04-07,2135,36336,2146,6,5,7,1942,0,0,0,,0,21A57,"TOPANGA CANYON BL","GAULT ST",10.00,N,N,A,-,Y,LA,7,27,-,-,14.420,H,-,S,Y,3,0,2,2,A,-,10,21950,A,N,G,B,B,A,H,-,C,A,0,Y,,Y,,Y,,C,02,0,2,0,0,1,0,0,0,1,"- ","- ",,,"LOS ANGELES","LOS ANGELES",-118.60602569580078,34.199180603027344
8558848,2017,2018-06-15,1942,2017-12-05,1740,38503,0516,2,5,7,1942,0,0,0,E,0,25T22,"ISLAND AV","PACIFIC COAST HWY",13.00,S,N,A,-,Y,LA,7,1,-,-,10.744,I,5,S,N,3,0,1,2,A,-,10,21950,A,N,D,B,B,A,H,-,C,A,0,Y,,,,Y,,A,01,0,1,0,0,1,0,0,0,0,"- ","- ",,,"LOS ANGELES","LOS ANGELES",-118.26700716000001,33.790912579999997
8558893,2018,2018-08-10,1942,2018-02-01,0005,30251,0532,4,5,7,1942,0,0,0,E,0,5A15,"RAVENNA AV","PACIFIC COAST HWY",30.00,S,N,A,-,Y,LA,7,1,-,-,10.849,I,6,S,N,3,0,1,2,D,-,00,,,F,G,B,E,A,H,-,D,D,0,Y,,,,Y,Y,-,"- ",0,1,0,0,1,0,0,0,0,"- ","- ",,,"LOS ANGELES","LOS ANGELES",-118.26882934570312,33.790821075439453
8561317,2018,2018-08-08,1942,2018-02-07,1145,42929,0317,3,5,7,1942,0,0,0,C,0,3A28,"NORMANDIE AV","RT 10",0.00,,Y,A,-,Y,LA,7,10,-,R,13.436,R,4,W,N,4,0,1,2,A,-,11,21950,B,N,G,B,B,A,H,-,A,A,0,Y,,,,Y,,N,60,0,0,1,0,1,0,0,0,0,"- ","- ",,,"LOS ANGELES","LOS ANGELES",-118.29828643798828,34.037139892578125
8563576,2018,2018-08-08,1942,2018-02-19,1300,40024,0964,1,5,7,1942,0,0,0,I,0,35M86,"VAN NUYS BL","RT 101",2.00,S,N,B,-,Y,LA,7,101,-,-,15.794,R,4,N,N,3,0,1,2,A,-,12,22450,A,F,G,B,B,A,H,-,A,A,0,Y,,,,Y,Y,-,99,0,1,0,0,1,0,0,0,0,"- ",WF,,,"LOS ANGELES","LOS ANGELES",-118.44677734375,34.156272888183594
8564651,2018,2018-08-08,1900,2018-02-08,0848,602401,1127,4,5,6,1992,0,0,0,,0,111T1,"AVENUE J","RT 14",0.00,,Y,A,-,Y,LA,7,14,-,R,68.154,R,1,S,N,4,0,1,2,A,-,10,21950,A,N,G,B,B,A,H,-,A,A,0,Y,,,,Y,,A,01,0,0,1,0,1,0,0,0,0,"- ",SF,,,"LOS ANGELES",LANCASTER,-118.17015838623047,34.691612243652344
8566197,2018,2018-08-07,1941,2018-01-29,1830,6066,,1,5,7,1941,0,0,0,,0,,"7TH ST","W CAMPUS DR",0.00,,Y,A,-,Y,LA,7,22,-,-,0.441,I,5,E,N,4,0,1,2,D,-,00,,,M,C,-,A,A,H,-,C,A,0,,Y,,,Y,,-,"- ",0,0,1,0,0,0,1,0,0,"- ","- ",,,"LOS ANGELES","LONG BEACH",-118.11510467529297,33.775321960449219