CASE_ID,ACCIDENT_YEAR,PROC_DATE,JURIS,COLLISION_DATE,COLLISION_TIME,OFFICER_ID,REPORTING_DISTRICT,DAY_OF_WEEK,CHP_SHIFT,POPULATION,CNTY_CITY_LOC,SPECIAL_COND,BEAT_TYPE,CHP_BEAT_TYPE,CITY_DIVISION_LAPD,CHP_BEAT_CLASS,BEAT_NUMBER,PRIMARY_RD,SECONDARY_RD,DISTANCE,DIRECTION,INTERSECTION,WEATHER_1,WEATHER_2,STATE_HWY_IND,CALTRANS_COUNTY,CALTRANS_DISTRICT,STATE_ROUTE,ROUTE_SUFFIX,POSTMILE_PREFIX,POSTMILE,LOCATION_TYPE,RAMP_INTERSECTION,SIDE_OF_HWY,TOW_AWAY,COLLISION_SEVERITY,NUMBER_KILLED,NUMBER_INJURED,PARTY_COUNT,PRIMARY_COLL_FACTOR,PCF_CODE_OF_VIOL,PCF_VIOL_CATEGORY,PCF_VIOLATION,PCF_VIOL_SUBSECTION,HIT_AND_RUN,TYPE_OF_COLLISION,MVIW,PED_ACTION,ROAD_SURFACE,ROAD_COND_1,ROAD_COND_2,LIGHTING,CONTROL_DEVICE,CHP_ROAD_TYPE,PEDESTRIAN_ACCIDENT,BICYCLE_ACCIDENT,MOTORCYCLE_ACCIDENT,TRUCK_ACCIDENT,NOT_PRIVATE_PROPERTY,ALCOHOL_INVOLVED,STWD_VEHTYPE_AT_FAULT,CHP_VEHTYPE_AT_FAULT,COUNT_SEVERE_INJ,COUNT_VISIBLE_INJ,COUNT_COMPLAINT_PAIN,COUNT_PED_KILLED,COUNT_PED_INJURED,COUNT_BICYCLIST_KILLED,COUNT_BICYCLIST_INJURED,COUNT_MC_KILLED,COUNT_MC_INJURED,PRIMARY_RAMP,SECONDARY_RAMP,LATITUDE,LONGITUDE,COUNTY,CITY,POINT_X,POINT_Y
8569472,2018,2018-08-08,1942,2018-03-03,0730,43199,0448,6,5,7,1942,0,0,0,D,0,4A59,"RT 10","SOTO ST",3.00,W,N,B,-,Y,LA,7,10,-,-,18.988,R,4,W,N,4,0,1,2,A,-,08,22100,B,N,G,B,B,B,H,-,A,A,0,Y,,,,Y,,A,01,0,0,1,0,1,0,0,0,0,WO,"- ",,,"LOS ANGELES","LOS ANGELES",-118.20411682128906,34.054141998291016
8570798,2018,2018-08-07,1976,2018-02-15,0732,465,,4,5,5,1976,0,0,0,,0,,"WHITTIER BL","LA ENTRADA AV",0.00,,Y,A,-,Y,LA,7,72,-,-,2.264,I,5,N,N,4,0,1,2,A,-,09,21801,A,N,H,G,A,A,H,-,A,D,0,,Y,,,Y,,A,07,0,0,1,0,0,0,1,0,0,"- ","- ",,,"LOS ANGELES",WHITTIER,-118.01264190673828,33.951889038085938
8575019,2018,2018-08-08,1900,2018-01-17,1500,532044,1260,3,5,3,1991,0,0,0,,0,121T1,"FOOTHILL BL","RT 2",0.00,,Y,A,-,Y,LA,7,2,-,R,23.437,I,5,W,N,4,0,1,2,A,-,09,21801,A,N,D,G,A,A,H,-,A,A,0,,Y,,,Y,,A,07,0,0,1,0,0,0,1,0,0,"- ",SO,34.211410522460938,-118.21540832519531,"LOS ANGELES","LA CANADA-FLINTRIDGE",-118.21551513671875,34.211452484130859
8575129,2018,2018-08-03,1941,2018-02-16,1619,11093,,5,5,7,1941,0,0,0,,0,,"PACIFIC COAST HWY","LOCUST AV",0.00,,Y,A,-,Y,LA,7,1,-,-,6.380,H,-,S,N,3,0,1,2,A,-,11,21954,A,N,-,-,-,A,H,-,A,-,0,Y,,,,Y,,N,,0,1,0,0,1,0,0,0,0,"- ","- ",,,"LOS ANGELES","LONG BEACH",-118.19136810302734,33.789806365966797
8579170,2017,2018-07-09,1938,2017-11-18,0828,371,AREA1,6,5,4,1938,0,0,0,,0,001,"BASELINE RD","FOOTHILL BL",0.00,,Y,A,-,Y,LA,7,66,-,-,0.001,I,5,W,N,3,0,1,2,A,-,08,22107,,N,B,G,A,A,H,-,A,A,0,,Y,,,Y,,A,01,0,1,0,0,0,0,1,0,0,"- ","- ",,,"LOS ANGELES","LA VERNE",-117.78943776,34.121454440000001
8580377,2018,2018-08-08,1942,2018-02-17,1950,42008,"LOS A",6,5,7,1942,0,0,0,,0,,"RT 2","COLORADO BL",5.00,S,N,A,-,Y,LA,7,2,-,R,18.237,R,4,W,N,4,0,1,2,A,-,10,21950,A,N,G,B,B,A,H,-,C,A,0,Y,,,,Y,,-,,0,0,1,0,1,0,0,0,0,"- ","- ",,,"LOS ANGELES","LOS ANGELES",-118.22867584228516,34.138996124267578
8583765,2018,2018-08-10,1942,2018-03-08,0700,42559,,4,5,7,1942,0,0,0,,0,,"PACIFIC COAST HWY","ALAMEDA ST",50.00,W,N,A,-,Y,LA,7,1,-,-,9.290,H,-,S,N,2,0,1,2,A,-,04,21703,,F,H,G,A,A,H,-,B,A,0,,Y,,,Y,,-,99,1,0,0,0,0,0,1,0,0,"- ","- ",,,"LOS ANGELES","LOS ANGELES",-118.241455078125,33.791126251220703
8590794,2018,2018-08-09,1900,2018-03-15,0948,527069,2610,4,5,6,1950,0,0,0,,0,263T1,"PALMDALE BL","9TH ST EAST",0.00,,Y,A,-,Y,LA,7,138,-,-,44.551,I,5,E,N,3,0,1,2,A,-,10,21950,A,M,G,B,B,A,H,-,A,A,0,Y,,,,Y,,A,01,0,1,0,0,1,0,0,0,0,"- ","- ",,,"LOS ANGELES",PALMDALE,-118.11432647705078,34.579540252685547
8590799,2018,2018-08-09,1942,2018-03-19,0830,39745,359,1,5,7,1942,0,0,0,,0,25MQ18,"MARTIN LUTHER KING JR BL","RT 110",0.00,,Y,A,-,Y,LA,7,110,-,-,19.361,R,4,S,N,4,0,1,2,A,-,10,21950,A,F,G,B,B,A,H,-,A,A,0,Y,,,,Y,,-,99,0,0,1,0,1,0,0,0,0,"- ",SO,,,"LOS ANGELES","LOS ANGELES",-118.28114318847656,34.009391784667969
8591859,2018,2018-07-31,1902,2018-03-27,1551,668,10,2,5,5,1902,0,0,0,,0,001,"RT 210","BALDWIN AV",5.00,W,N,A,-,Y,LA,7,210,-,R,30.660,R,1,E,,4,0,1,2,A,-,12,21453,A,N,D,G,A,A,H,-,A,A,0,,Y,,,Y,,L,04,0,0,1,0,0,0,1,0,0,"- ","- ",,,"LOS ANGELES",ARCADIA,-118.05313110351562,34.148666381835938
8593490,2018,2018-08-10,1956,2018-03-15,1727,1301,16,4,5,5,1956,0,0,0,,0,002,"RT 1","GARNET ST",0.00,,Y,A,-,Y,LA,7,1,-,-,19.651,I,5,S,N,3,0,1,2,A,-,10,21950,A,N,G,B,B,A,H,-,A,A,0,Y,,,,Y,,A,01,0,1,0,0,1,0,0,0,0,"- ","- ",,,"LOS ANGELES","REDONDO BEACH",-118.38559722900391,33.840198516845703
8598035,2018,2018-08-10,1956,2018-03-24,1909,1327,08,6,5,5,1956,0,0,0,,0,001,"RT 1","AVENUE E",57.00,N,N,A,-,Y,LA,7,1,-,-,18.510,H,-,N,Y,4,0,2,2,A,-,07,21658,A,F,E,I,F,A,H,-,B,D,0,Y,,,,Y,Y,A,01,0,0,2,0,1,0,0,0,0,"- ","- ",,,"LOS ANGELES","REDONDO BEACH",-118.38549041748047,33.823703765869141
8598039,2018,2018-08-10,1956,2018-03-23,2037,1183,68,5,5,5,1956,0,0,0,,0,005,"RT 107","180TH ST",12.00,S,N,A,-,Y,LA,7,107,-,-,4.320,H,-,S,N,2,0,1,2,A,-,11,21950,B,N,G,B,D,A,H,-,C,D,0,Y,,,,Y,,N,60,1,0,0,0,1,0,0,0,0,"- ","- ",,,"LOS ANGELES","REDONDO BEACH",-118.3526611328125,33.867416381835938
8598267,2018,2018-08-03,1941,2018-03-20,0900,6194,,2,5,7,1941,0,0,0,,0,,"PACIFIC COAST HWY","PACIFIC AV",0.00,,Y,B,-,Y,LA,7,1,-,-,6.500,H,-,N,N,4,0,1,2,A,-,11,21954,A,N,G,B,C,A,H,-,A,A,0,Y,,,,Y,Y,N,,0,0,1,0,1,0,0,0,0,"- ","- ",,,"LOS ANGELES","LONG BEACH",-118.19342803955078,33.7899169921875
8598334,2018,2018-08-09,1923,2018-03-16,1814,512,E311,5,5,3,1923,0,0,0,,0,3L3M,"SEPULVEDA BL","GRAND AV",365.00,S,N,A,-,Y,LA,7,1,-,-,25.070,H,-,N,N,4,0,1,2,A,-,10,21950,A,N,G,B,F,A,H,-,A,D,0,Y,,,,Y,,A,01,0,0,1,0,1,0,0,0,0,"- ","- ",,,"LOS ANGELES","EL SEGUNDO",-118.39588928222656,33.918342590332031
8601471,2018,2018-08-21,1956,2018-04-23,1148,1292,02,1,5,5,1956,0,0,0,,0,001,"RT 1","AVENUE H",165.00,S,N,A,-,Y,LA,7,1,-,-,18.260,H,-,S,N,3,0,1,2,A,-,09,21804,A,N,B,G,A,A,H,-,A,A,0,,Y,,,Y,,L,04,0,1,0,0,0,0,1,0,0,"- ","- ",,,"LOS ANGELES","REDONDO BEACH",-118.38530731201172,33.820022583007812
8601673,2018,2018-08-21,1976,2018-04-09,2158,429,,1,5,5,1976,0,0,0,,0,004,"WHITTIER BL","WHITTWOOD DR",185.00,E,N,A,-,Y,LA,7,72,-,-,1.470,H,-,N,Y,2,0,1,2,A,-,10,21954,,F,G,B,D,A,H,-,C,D,0,Y,,,,Y,,N,60,1,0,0,0,1,0,0,0,0,"- ","- ",,,"LOS ANGELES",WHITTIER,-118.000244140625,33.946910858154297
8604088,2018,2018-08-16,1942,2018-04-14,2230,39062,0442,6,5,7,1942,0,0,0,D,0,4A15,"N MISSION RD","MARENGO ST",375.00,S,N,A,-,Y,LA,7,5,-,-,18.693,R,3,S,N,3,0,1,2,A,-,12,21453,A,F,H,G,A,A,H,-,C,A,0,,Y,,,Y,,L,04,0,1,0,0,0,0,1,0,0,"- ","- ",,,"LOS ANGELES","LOS ANGELES",-118.21456909179688,34.058719635009766
8604110,2018,2019-01-17,1942,2018-04-20,1250,38326,1524,5,5,7,1942,0,0,0,O,0,15A33,"VICTORY BL","RT 170",0.00,,Y,A,-,Y,LA,7,170,-,R,17.062,R,1,N,N,4,0,1,2,A,-,09,21802,A,F,H,G,A,A,H,-,A,A,0,,Y,,,Y,,-,99,0,0,1,0,0,0,1,0,0,"- ",NF,,,"LOS ANGELES","LOS ANGELES",-118.39977264404297,34.184280395507812
8608809,2018,2018-08-03,1941,2018-03-23,1428,5615,,5,5,7,1941,0,0,0,,0,,"PACIFIC COAST HWY","OUTER TRAFFIC CIR",0.00,,Y,A,-,Y,LA,7,1,-,-,3.410,H,-,S,N,4,0,1,2,A,-,11,21950,B,N,G,B,D,A,H,-,A,D,0,Y,,,,Y,,N,,0,0,1,0,1,0,0,0,0,"- ","- ",,,"LOS ANGELES","LONG BEACH",-118.14114379882812,33.788867950439453
8610713,2018,2018-05-22,1900,2018-04-19,1430,532572,0452,4,5,6,1949,0,0,0,,0,43T1,"PIONEER BL","IMPERIAL HWY",39.00,N,N,A,-,Y,,,,,,,,,,N,4,0,2,5,A,-,08,22107,,N,B,B,F,A,H,-,A,D,0,Y,,,Y,Y,,-,"- ",0,0,2,0,2,0,0,0,0,"- ","- ",,,"LOS ANGELES",NORWALK,-118.08190155029297,33.917198181152344
8613470,2018,2018-08-08,1942,2018-02-14,1650,40643,0453,3,5,7,1942,0,0,0,D,0,4A53,"CESAR CHAVEZ","RT 5",0.00,,Y,A,-,Y,LA,7,5,-,-,17.936,R,4,S,N,4,0,1,2,A,-,10,21950,A,N,G,B,B,A,H,-,A,A,0,Y,,,,Y,,A,01,0,0,1,0,1,0,0,0,0,"- ",SO,,,"LOS ANGELES","LOS ANGELES",-118.21462249755859,34.047855377197266
8613573,2018,2018-08-08,1955,2018-03-13,1800,42081,49,2,5,6,1955,0,0,0,,0,001,"BURDICK DR","RT 10",2.00,S,N,C,-,Y,LA,7,10,-,-,45.130,R,1,E,N,4,0,1,2,D,-,00,,,F,G,B,B,B,H,-,A,A,0,Y,,,,Y,,-,"- ",0,0,1,0,1,0,0,0,0,"- ",EF,,,"LOS ANGELES",POMONA,-117.76215362548828,34.070808410644531
8615644,2018,2018-08-07,1976,2018-03-13,0802,469,,2,5,5,1976,0,0,0,,0,,"WHITTIER BL","SORENSEN AV",10.00,E,N,A,-,Y,LA,7,72,-,-,5.266,I,5,S,N,4,0,1,2,A,-,10,21950,A,F,G,B,B,A,H,-,A,A,0,Y,,,,Y,,A,01,0,0,1,0,1,0,0,0,0,"- ","- ",,,"LOS ANGELES",WHITTIER,-118.05070495605469,33.980751037597656
8615963,2018,2018-08-09,1900,2018-03-23,2333,625420,1017,5,5,3,1995,0,0,0,,0,225/E,"RT 1","FLORES CANYON RD",201.00,S,N,A,-,Y,LA,7,1,-,-,44.080,H,-,S,Y,2,0,2,3,A,-,07,21658,A,N,G,B,E,A,H,-,C,D,0,Y,,Y,,Y,,C,03,2,0,0,0,1,0,0,0,1,"- ","- ",34.037158966064453,-118.63509368896484,"LOS ANGELES",MALIBU,-118.63533782958984,34.036964416503906
8617543,2018,2018-08-22,1941,2018-05-17,1057,5617,,4,5,7,1941,0,0,0,,0,,"PACIFIC COAST HWY","HARBOR AV",0.00,,Y,A,-,Y,LA,7,1,-,-,7.491,I,5,N,N,3,0,1,2,A,-,10,21950,A,N,H,B,B,A,H,-,A,A,0,Y,,,Y,Y,,F,,0,1,0,0,1,0,0,0,0,"- ","- ",,,"LOS ANGELES","LONG BEACH",-118.21051788330078,33.789905548095703
8621629,2018,2018-08-22,1941,2018-04-29,1536,11013,,7,5,7,1941,0,0,0,,0,,"W WARDLOW RD","RT 405",6.00,W,N,A,-,Y,LA,7,405,-,-,6.340,R,3,S,N,3,0,1,2,A,-,08,22107,,N,D,G,A,A,H,-,A,A,0,,Y,,,Y,,A,,0,1,0,0,0,0,1,0,0,"- ",SO,,,"LOS ANGELES","LONG BEACH",-118.18906402587891,33.817119598388672
8621890,2018,2018-08-17,1955,2018-04-30,0117,42270,83,1,5,6,1955,0,0,0,,0,005,"RT 71","NORTH RANCH RD",370.00,S,N,A,-,Y,LA,7,71,-,-,2.410,H,-,S,Y,4,0,1,3,A,-,03,22350,,N,C,C,E,A,H,-,C,A,0,Y,,,,Y,,D,22,0,0,1,0,0,0,0,0,0,"- ","- ",,,"LOS ANGELES",POMONA,-117.77225494384766,34.04498291015625
8623865,2018,2018-08-17,1976,2018-04-12,1720,378,,4,5,5,1976,0,0,0,,0,002,"MAR VISTA ST","WHITTIER BL",0.00,,Y,A,-,Y,LA,7,72,-,-,4.701,I,5,N,N,4,0,1,2,A,-,05,21650,1,N,H,G,A,A,H,-,A,A,0,,Y,,,Y,,L,04,0,0,1,0,0,0,1,0,0,"- ","- ",,,"LOS ANGELES",WHITTIER,-118.04552459716797,33.973514556884766
8623873,2018,2018-08-17,1976,2018-04-18,1655,480,,3,5,5,1976,0,0,0,,0,004,"MILLS AV","WHITTIER BL",6.00,S,N,A,-,Y,LA,7,72,-,-,2.113,I,5,S,N,3,0,1,2,A,-,01,21200,5,N,H,G,A,A,H,-,A,A,0,,Y,,,Y,Y,L,04,0,1,0,0,0,0,1,0,0,"- ","- ",,,"LOS ANGELES",WHITTIER,-118.01056671142578,33.950580596923828
8623879,2018,2018-08-21,1900,2018-04-19,2030,489533,0451,4,5,6,1949,0,0,0,,0,45T,"FIRESTONE BL","RT 605",0.00,,Y,A,-,Y,LA,7,605,-,R,8.579,R,1,S,N,4,0,1,2,A,-,05,21650,1,N,D,G,A,A,H,-,C,A,0,,Y,,,Y,,L,04,0,0,1,0,0,0,1,0,0,"- ",SF,,,"LOS ANGELES",NORWALK,-118.10356140136719,33.92742919921875
8625954,2018,2018-08-16,1942,2018-05-06,1535,41173,0519,7,5,7,1942,0,0,0,E,0,5A59,"SANFORD AV","RT 1",0.00,,Y,A,-,Y,LA,7,1,-,-,9.851,H,-,S,N,3,0,1,2,A,-,09,21801,A,N,A,G,A,A,H,-,A,A,0,,Y,,,Y,,A,01,0,1,0,0,0,0,1,0,0,"- ","- ",,,"LOS ANGELES","LOS ANGELES",-118.25099945068359,33.790851593017578
8629373,2018,2018-08-16,1900,2018-05-07,2007,523104,1017,1,5,3,1995,0,0,0,,0,101T3,"RT 1","CARBON CANYON RD",528.00,N,N,A,-,Y,LA,7,1,-,-,45.060,H,-,N,Y,3,0,2,2,A,-,11,21954,A,N,G,B,D,A,H,-,C,D,0,Y,,Y,,Y,Y,N,60,0,2,0,0,1,0,0,0,1,"- ","- ",34.038280487060547,-118.652587890625,"LOS ANGELES",MALIBU,-118.65181732177734,34.038414001464844
8629402,2018,2018-08-17,1976,2018-04-30,1137,391,,1,5,5,1976,0,0,0,,0,,"WHITTIER BL","WHITTWOOD DR",150.00,W,N,B,-,Y,LA,7,72,-,-,1.400,H,-,N,N,3,0,1,2,A,-,09,21804,A,N,H,G,A,A,H,-,A,D,0,,Y,,,Y,,A,01,0,1,0,0,0,0,1,0,0,"- ","- ",,,"LOS ANGELES",WHITTIER,-117.99910736083984,33.946559906005859
8629506,2018,2018-08-23,1941,2018-05-04,2108,10798,,5,5,7,1941,0,0,0,,0,901T,"RT 1","PINE AV",0.00,,Y,A,-,Y,LA,7,1,-,-,6.441,I,6,S,N,4,0,1,2,A,-,10,21950,A,N,G,B,B,A,H,-,C,A,0,Y,,,,Y,,D,,0,0,1,0,1,0,0,0,0,"- ","- ",,,"LOS ANGELES","LONG BEACH",-118.19240570068359,33.789810180664062
8629516,2018,2018-08-23,1941,2018-04-15,2138,11002,,7,5,7,1941,0,0,0,,0,004,"PACIFIC COAST HWY","POLE #LA1845",180.00,W,N,A,-,Y,LA,7,1,-,-,7.190,H,-,S,N,2,0,1,2,A,-,11,21955,,F,H,B,E,A,H,-,C,D,0,Y,,Y,,Y,,N,,1,0,0,0,1,0,0,0,0,"- ","- ",,,"LOS ANGELES","LONG BEACH",-118.20607757568359,33.790081024169922
8629517,2018,2018-08-23,1941,2018-04-19,2318,11119,,4,5,7,1941,0,0,0,,0,004,"PACIFIC COAST HWY","CEDAR AV",41.00,W,N,A,-,Y,LA,7,1,-,-,6.600,H,-,S,Y,3,0,1,2,A,-,00,20002,A,M,C,G,A,A,D,-,C,B,0,,Y,,,Y,,A,,0,1,0,0,0,0,1,0,0,"- ","- ",,,"LOS ANGELES","LONG BEACH",-118.19515228271484,33.789810180664062
8631457,2018,2018-08-22,1956,2018-05-15,1417,1257,16,2,5,5,1956,0,0,0,,0,001,"RT 1","TORRANCE BL",120.00,N,N,A,-,Y,LA,7,1,-,-,19.550,H,-,N,N,4,0,1,2,A,-,10,21952,,N,G,B,F,A,H,-,A,D,0,Y,,,,Y,,A,01,0,0,1,0,1,0,0,0,0,"- ","- ",,,"LOS ANGELES","REDONDO BEACH",-118.38547515869141,33.838722229003906
8631461,2018,2018-08-16,1956,2018-05-14,1915,1262,620,1,5,5,1956,0,0,0,,0,002,"RT 1","CARNELIAN ST",0.00,,Y,A,-,Y,LA,7,1,-,-,20.081,I,5,N,N,3,0,1,2,A,-,10,21950,A,N,D,G,A,A,H,-,A,A,0,,Y,,,Y,,A,07,0,1,0,0,0,0,1,0,0,"- ","- ",,,"LOS ANGELES","REDONDO BEACH",-118.38787841796875,33.846931457519531
8632084,2018,2018-08-17,1900,2018-04-27,1610,609664,0455,5,5,6,1949,0,0,0,,0,45T1,"ALONDRA BL","RT 605",0.00,W,N,A,-,Y,LA,7,605,-,R,5.631,R,4,N,,3,0,1,2,A,-,05,21650,1,N,D,G,A,A,H,-,A,A,0,,Y,,,Y,,L,04,0,1,0,0,0,0,1,0,0,"- ","- ",,,"LOS ANGELES",NORWALK,-118.10411071777344,33.884681701660156
8632168,2018,2018-08-21,1941,2018-05-14,0830,5617,,1,5,7,1941,0,0,0,,0,004,"PACIFIC COAST HWY","PASADENA AV",321.00,,N,A,-,Y,LA,7,1,-,-,6.170,H,-,N,N,3,0,1,2,A,-,05,21650,1,N,D,G,A,A,H,-,A,D,0,,Y,,,Y,,L,,0,1,0,0,0,0,1,0,0,"- ","- ",,,"LOS ANGELES","LONG BEACH",-118.18775177001953,33.7899169921875
8638901,2018,2018-08-22,1942,2018-05-27,1855,36336,1065,7,5,7,1942,0,0,0,J,0,10A99,"VENTURA FWY","WHITE OAK AV",8.00,W,N,A,-,Y,LA,7,101,-,-,20.375,R,3,N,N,3,0,1,2,A,-,03,22350,,N,G,B,B,A,H,-,A,A,0,Y,,,,Y,,A,01,0,1,0,0,1,0,0,0,0,NO,"- ",,,"LOS ANGELES","LOS ANGELES",-118.52099609375,34.171287536621094
8638933,2018,2018-08-20,1976,2018-05-23,0744,391,,3,5,5,1976,0,0,0,,0,,"WHITTIER BL","COLIMA RD",120.00,E,N,B,-,Y,LA,7,72,-,-,1.820,H,-,S,N,3,0,1,2,A,-,09,21804,A,N,H,G,A,A,H,-,A,D,0,,Y,,,Y,,A,01,0,1,0,0,0,0,1,0,0,"- ","- ",,,"LOS ANGELES",WHITTIER,-118.00601959228516,33.948577880859375
8638937,2018,2018-08-20,1976,2018-05-23,1437,480,,3,5,5,1976,0,0,0,,0,002,"MAR VISTA ST","WHITTIER BL",2.00,N,N,A,-,Y,LA,7,72,-,-,4.701,I,5,N,N,4,0,1,2,A,-,05,21650,1,N,H,G,A,A,H,-,A,A,0,,Y,,,Y,,L,04,0,0,1,0,0,0,1,0,0,"- ","- ",,,"LOS ANGELES",WHITTIER,-118.04552459716797,33.973514556884766
8639091,2018,2018-08-22,1976,2018-05-24,0803,465,,4,5,5,1976,0,0,0,,0,,"VICKI DR","WHITTIER BL",9.00,N,N,A,-,Y,LA,7,72,-,-,6.075,I,5,N,N,4,0,1,2,A,-,05,21650,1,N,H,G,A,A,H,-,A,A,0,,Y,,,Y,,L,04,0,0,1,0,0,0,1,0,0,"- ","- ",,,"LOS ANGELES",WHITTIER,-118.06130981445312,33.988113403320312
8639150,2018,2018-08-21,1900,2018-06-02,1750,546256,0530,6,5,5,1959,0,0,0,,0,53T1PM,"RT 164","LOWER AZUSA RD",0.00,,Y,A,-,Y,LA,7,164,-,-,6.653,I,6,S,N,3,0,1,2,A,-,12,21453,A,N,D,G,A,A,H,-,A,A,0,,Y,,,Y,,L,04,0,1,0,0,0,0,1,0,0,"- ","- ",34.087158203125,-118.07350921630859,"LOS ANGELES",ROSEMEAD,-118.07340240478516,34.087150573730469
8639210,2018,2018-07-26,1938,2018-02-14,1130,1143,,3,5,4,1938,0,0,0,,0,001,"FOOTHILL BL","BASELINE RD",0.00,,Y,A,-,Y,LA,7,66,-,-,0.001,I,6,W,N,4,0,1,2,D,-,00,,,N,G,B,B,A,H,-,A,A,0,Y,,,,Y,,-,"- ",0,0,1,0,1,0,0,0,0,"- ","- ",,,"LOS ANGELES","LA VERNE",-117.78943634033203,34.121456146240234
8639242,2018,2018-08-06,1972,2018-02-16,2224,16610,,5,5,6,1972,0,0,0,,0,,"HAWTHORN BL","CARSON ST",65.00,N,N,A,-,Y,LA,7,107,-,-,1.840,H,-,N,Y,3,0,1,2,A,-,11,21954,A,N,D,B,D,A,H,-,C,D,0,Y,,,,Y,,N,,0,1,0,0,1,0,0,0,0,"- ","- ",,,"LOS ANGELES",TORRANCE,-118.35251617431641,33.831691741943359
8639274,2018,2018-07-26,1972,2018-03-26,1805,19086,,1,5,6,1972,0,0,0,,0,,"HAWTHORN BL","ARTESIA BL",0.00,,Y,A,-,Y,LA,7,107,-,-,4.696,I,6,N,N,3,0,1,2,A,-,11,21954,A,N,G,B,D,A,H,-,A,A,0,Y,,,,Y,,N,,0,1,0,0,1,0,0,0,0,"- ","- ",,,"LOS ANGELES",TORRANCE,-118.35235595703125,33.872905731201172
8642265,2018,2018-08-21,1900,2018-06-13,1230,600696,2847,3,5,5,1915,0,0,0,,0,282T1,"ALONDRA BL","FRAILEY AV",0.00,,Y,A,-,Y,LA,7,710,-,-,13.811,R,4,N,Y,3,0,2,4,A,-,12,21457,A,F,B,B,E,A,H,-,A,A,0,Y,,,Y,Y,,F,27,0,1,1,0,1,0,0,0,0,"- ","- ",,,"LOS ANGELES",COMPTON,-118.189453125,33.887191772460938
8642547,2018,2018-08-17,1941,2018-06-15,1730,11117,,5,5,7,1941,0,0,0,,0,,"CHERRY AV","RT 91",0.00,,Y,A,-,Y,LA,7,91,-,R,13.274,R,1,W,N,3,0,1,2,D,-,00,,,N,G,B,B,A,H,-,A,A,0,Y,,,,Y,,-,"- ",0,1,0,0,1,0,0,0,0,"- ","- ",,,"LOS ANGELES","LONG BEACH",-118.16587829589844,33.875995635986328
8646184,2018,2018-08-21,1942,2018-06-02,0200,41938,0813,6,5,7,1942,0,0,0,H,0,8A13,"NORTH CHURCH LN","RT 405",130.00,N,N,A,-,Y,LA,7,405,-,-,33.105,R,4,S,N,3,0,1,2,A,-,17,21663,,F,G,B,F,A,H,-,C,D,0,Y,,,,Y,,-,99,0,1,0,0,1,0,0,0,0,"- ",SF,,,"LOS ANGELES","LOS ANGELES",-118.4677734375,34.074108123779297
8647928,2018,2018-08-27,1941,2018-06-11,2500,5617,,1,5,7,1941,0,0,0,,0,,"PACIFIC COAST HWY","COTA AV",0.00,,Y,A,-,Y,LA,7,1,-,-,7.841,I,5,S,N,4,0,1,2,A,-,09,21801,A,N,D,G,A,A,H,-,A,A,0,,Y,,,Y,,D,,0,0,1,0,0,0,1,0,0,"- ","- ",,,"LOS ANGELES","LONG BEACH",-118.21665954589844,33.789817810058594
8648001,2018,2018-07-23,1967,2018-03-20,2104,138,,2,5,2,1967,0,0,0,,0,SOUTH,"RT 1","MOLINO AV",99.00,E,N,A,-,Y,LA,7,1,-,-,4.620,H,-,N,N,1,1,0,2,A,-,11,21954,A,N,G,B,D,A,H,-,C,D,0,Y,,,,Y,,N,60,0,0,0,1,0,0,0,0,0,"- ","- ",,,"LOS ANGELES","SIGNAL HILL",-118.16078186035156,33.7899169921875
8648093,2018,2020-05-22,1900,2018-08-03,1208,552036,1011,5,5,3,1995,0,0,0,,0,101T4,"RT 1","TRANCAS CANYON RD",528.00,S,N,A,-,Y,LA,7,1,-,-,56.660,H,-,N,Y,1,2,2,4,A,-,05,21651,A,N,A,C,A,A,H,-,A,A,0,,Y,,,Y,,A,08,1,1,0,0,0,0,1,0,0,"- ","- ",34.029499053955078,-118.84140014648438,"LOS ANGELES",MALIBU,-118.84113311767578,34.029403686523438
8648096,2017,2019-04-10,1941,2017-11-02,1839,10861,,4,5,7,1941,0,0,0,,0,,"PACIFIC COAST HWY","LIME AV",21.00,E,N,A,-,Y,LA,7,1,-,-,5.940,H,-,S,N,1,1,0,3,A,-,11,21954,A,N,A,B,D,A,H,-,C,D,0,Y,,,,Y,,N,,0,0,0,1,0,0,0,0,0,"- ","- ",,,"LOS ANGELES","LONG BEACH",-118.18378500999999,33.78980576
8648245,2018,2020-05-22,1900,2018-09-12,1124,601485,2610,3,5,6,1950,0,0,0,,0,262T1,"RT 138","15TH ST EAST",555.00,W,N,A,-,Y,LA,7,138,-,-,45.090,H,-,W,Y,1,1,0,3,D,-,00,,,N,G,B,E,A,H,-,A,D,0,Y,,,,Y,Y,-,"- ",0,0,0,1,0,0,0,0,0,"- ","- ",34.579799652099609,-118.1051025390625,"LOS ANGELES",PALMDALE,-118.10488891601562,34.579616546630859
8648294,2018,2018-10-30,1972,2018-01-26,2122,18450,,5,5,6,1972,0,0,0,,0,,"HAWTHORN BL","DEL AMO CIR",192.00,N,N,A,-,Y,LA,7,107,-,-,2.030,H,-,N,Y,1,1,0,2,A,-,11,21453,D,N,G,B,D,A,H,-,C,A,0,Y,,,,Y,,N,,0,0,0,1,0,0,0,0,0,"- ","- ",,,"LOS ANGELES",TORRANCE,-118.35295867919922,33.834407806396484