CASE_ID,ACCIDENT_YEAR,PROC_DATE,JURIS,COLLISION_DATE,COLLISION_TIME,OFFICER_ID,REPORTING_DISTRICT,DAY_OF_WEEK,CHP_SHIFT,POPULATION,CNTY_CITY_LOC,SPECIAL_COND,BEAT_TYPE,CHP_BEAT_TYPE,CITY_DIVISION_LAPD,CHP_BEAT_CLASS,BEAT_NUMBER,PRIMARY_RD,SECONDARY_RD,DISTANCE,DIRECTION,INTERSECTION,WEATHER_1,WEATHER_2,STATE_HWY_IND,CALTRANS_COUNTY,CALTRANS_DISTRICT,STATE_ROUTE,ROUTE_SUFFIX,POSTMILE_PREFIX,POSTMILE,LOCATION_TYPE,RAMP_INTERSECTION,SIDE_OF_HWY,TOW_AWAY,COLLISION_SEVERITY,NUMBER_KILLED,NUMBER_INJURED,PARTY_COUNT,PRIMARY_COLL_FACTOR,PCF_CODE_OF_VIOL,PCF_VIOL_CATEGORY,PCF_VIOLATION,PCF_VIOL_SUBSECTION,HIT_AND_RUN,TYPE_OF_COLLISION,MVIW,PED_ACTION,ROAD_SURFACE,ROAD_COND_1,ROAD_COND_2,LIGHTING,CONTROL_DEVICE,CHP_ROAD_TYPE,PEDESTRIAN_ACCIDENT,BICYCLE_ACCIDENT,MOTORCYCLE_ACCIDENT,TRUCK_ACCIDENT,NOT_PRIVATE_PROPERTY,ALCOHOL_INVOLVED,STWD_VEHTYPE_AT_FAULT,CHP_VEHTYPE_AT_FAULT,COUNT_SEVERE_INJ,COUNT_VISIBLE_INJ,COUNT_COMPLAINT_PAIN,COUNT_PED_KILLED,COUNT_PED_INJURED,COUNT_BICYCLIST_KILLED,COUNT_BICYCLIST_INJURED,COUNT_MC_KILLED,COUNT_MC_INJURED,PRIMARY_RAMP,SECONDARY_RAMP,LATITUDE,LONGITUDE,COUNTY,CITY,POINT_X,POINT_Y
8648355,2017,2018-11-27,1900,2017-09-01,2218,552036,1012,5,5,3,1995,0,0,0,,0,101T2,"RT 1","HEATHERCLIFF RD",800.00,S,N,A,-,Y,LA,7,1,-,-,54.190,H,-,N,Y,1,1,0,2,A,-,11,21954,A,N,G,B,D,A,H,-,D,D,0,Y,,,,Y,,N,60,0,0,0,1,0,0,0,0,0,"- ","- ",34.022320000000001,-118.80609,"LOS ANGELES",MALIBU,-118.80597973,34.022340130000003
8648602,2019,2021-05-25,1942,2019-01-15,2205,38688,0822,2,5,7,1942,0,0,0,H,0,,"RT 1","TEMESCAL CANYON RD",2124.00,S,N,C,-,Y,LA,7,1,-,-,37.700,H,-,N,Y,1,1,0,2,A,-,11,21954,A,N,G,B,E,B,D,-,C,D,0,Y,,,,Y,Y,N,60,0,0,0,1,0,0,0,0,0,"- ","- ",,,"LOS ANGELES","LOS ANGELES",-118.52949523925781,34.032863616943359
8648649,2019,2019-03-04,1922,2019-01-07,0530,692,5,1,5,6,1922,0,0,0,,0,,"RT 19","WHITMORE ST",126.00,S,N,B,-,Y,LA,7,164,-,-,5.040,H,-,S,N,1,1,0,2,A,-,11,21954,A,N,G,B,E,B,H,-,D,A,0,Y,,,,Y,,N,60,0,0,0,1,0,0,0,0,0,"- ","- ",,,"LOS ANGELES","EL MONTE",-118.06797027587891,34.065391540527344
8648782,2018,2018-08-16,1976,2018-05-06,1603,854,,7,5,5,1976,0,0,0,,0,,"WHITTIER BL","NORWALK BL",186.00,E,N,A,-,Y,LA,7,72,-,-,6.230,H,-,S,N,4,0,1,2,A,-,08,22107,,N,H,G,A,A,H,-,A,A,0,,Y,,,Y,,A,01,0,0,1,0,0,0,1,0,0,"- ","- ",,,"LOS ANGELES",WHITTIER,-118.06343841552734,33.989513397216797
8651203,2018,2018-12-31,1942,2018-09-08,1540,38996,1799,6,5,7,1942,0,0,0,Q,0,17A95,"ROSCOE BL","HASKELL AV",335.00,E,N,A,-,Y,LA,7,405,-,-,43.916,R,1,S,N,3,0,1,2,A,-,09,21804,A,N,D,G,A,A,H,-,A,A,0,,Y,,,Y,,L,04,0,1,0,0,0,0,1,0,0,"- ","- ",,,"LOS ANGELES","LOS ANGELES",-118.47329711914062,34.223453521728516
8652239,2018,2018-08-21,1900,2018-06-04,1050,538328,1015,1,5,3,1995,0,0,0,,0,101T1,"RT 1","MALIBU PIER",175.00,E,N,A,-,Y,LA,7,1,-,-,46.450,H,-,N,N,4,0,1,2,A,-,08,22100,A,N,B,G,A,A,H,-,A,D,0,,Y,,,Y,,A,01,0,0,1,0,0,0,1,0,0,"- ","- ",34.038078308105469,-118.67543029785156,"LOS ANGELES",MALIBU,-118.67552185058594,34.0380859375
8652564,2018,2018-08-17,1941,2018-06-29,2250,10052,,5,5,7,1941,0,0,0,,0,,"2ND ST","PACIFIC COAST HWY",0.00,,Y,A,-,Y,LA,7,1,-,-,0.591,I,5,N,N,4,0,1,2,A,-,00,20001,A,M,H,G,A,A,H,-,C,A,0,,Y,,,Y,,A,,0,0,1,0,0,0,1,0,0,"- ","- ",,,"LOS ANGELES","LONG BEACH",-118.1112060546875,33.758182525634766
8653588,2018,2018-08-21,1942,2018-06-13,0100,43143,2187,3,5,7,1942,0,0,0,,0,21A97,"DE SOTO AV","RT 101",0.00,,Y,A,-,Y,LA,7,101,-,-,24.134,R,1,N,N,4,0,1,2,A,-,10,21950,A,F,G,B,B,A,H,-,C,A,0,Y,,,,Y,,-,99,0,0,1,0,1,0,0,0,0,"- ","- ",,,"LOS ANGELES","LOS ANGELES",-118.5849609375,34.168041229248047
8655788,2018,2018-08-16,1953,2018-05-20,1525,5267,1953,7,5,6,1953,0,0,0,,0,004,"RT 210","SIERRA MADRE VILLA AV",0.00,,Y,B,-,Y,LA,7,210,-,R,28.681,R,1,W,N,3,0,1,2,A,-,12,21453,A,N,D,G,A,A,H,-,A,A,0,,Y,,,Y,,A,01,0,1,0,0,0,0,1,0,0,WF,"- ",,,"LOS ANGELES",PASADENA,-118.09146881103516,34.152008056640625
8658102,2018,2018-10-26,1900,2018-07-20,1740,541248,2112,5,5,5,1943,0,0,0,,0,212T3,"LONG BEACH BL","RT 105",0.00,,Y,A,-,Y,LA,7,105,-,R,15.968,R,4,W,N,3,0,1,2,A,-,12,21453,A,N,D,G,A,A,H,-,A,A,0,,Y,,,Y,,L,04,0,1,0,0,0,0,1,0,0,"- ","- ",,,"LOS ANGELES",LYNWOOD,-118.13706207275391,33.913242340087891
8658559,2018,2018-08-20,1976,2018-06-23,2018,279,1976,6,5,5,1976,0,0,0,,0,004,"MILLS AV","WHITTIER BL",7.00,S,N,A,-,Y,LA,7,72,-,-,2.113,I,5,S,N,4,0,1,2,A,-,11,21456,B,N,G,B,B,A,H,-,B,A,0,Y,,,,Y,,N,60,0,0,1,0,1,0,0,0,0,"- ","- ",,,"LOS ANGELES",WHITTIER,-118.01056671142578,33.950580596923828
8658842,2018,2018-08-20,1953,2018-05-28,0738,0720,1953,1,5,6,1953,0,0,0,,0,002,"LINCOLN AV","RT 210",20.00,S,N,A,-,Y,LA,7,210,-,R,23.002,R,4,W,N,3,0,1,2,A,-,08,22107,,N,C,G,A,A,H,-,A,D,0,,Y,,,Y,,A,01,0,1,0,0,0,0,1,0,0,"- ","- ",,,"LOS ANGELES",PASADENA,-118.16233825683594,34.176498413085938
8660549,2018,2018-07-16,1942,2018-06-27,2205,40388,2136,3,5,7,1942,0,0,0,,0,21A5,"TOPANGA CANYON BL","CANTLAY ST",70.00,S,N,A,-,Y,,,,,,,,,,N,3,0,1,2,A,-,11,21955,,N,G,B,D,A,H,-,C,A,0,Y,,,,Y,Y,N,60,0,1,0,0,1,0,0,0,0,"- ","- ",,,"LOS ANGELES","LOS ANGELES",-118.60594940185547,34.201789855957031
8660634,2018,2018-08-17,1972,2018-04-07,2259,16610,,6,5,6,1972,0,0,0,,0,,"HAWTHORNE BL","182ND ST",28.00,S,N,A,-,Y,LA,7,107,-,-,4.193,I,5,N,N,3,0,1,2,A,-,09,21453,C,F,D,B,B,A,H,-,C,A,0,Y,,,,Y,Y,N,,0,1,0,0,1,0,0,0,0,"- ","- ",,,"LOS ANGELES",TORRANCE,-118.35247039794922,33.865566253662109
8660713,2018,2018-11-13,1900,2018-07-02,2015,541581,531,1,5,5,1959,0,0,0,,0,53T1PM,"ROSEMEAD BL","VALLEY BL",8.00,S,N,A,-,Y,LA,7,164,-,-,6.224,I,5,S,Y,4,0,1,2,A,-,10,21950,A,N,G,B,B,A,H,-,C,A,0,Y,,,,Y,,A,08,0,0,1,0,1,0,0,0,0,"- ","- ",34.080780029296875,-118.07318878173828,"LOS ANGELES",ROSEMEAD,-118.07327270507812,34.080940246582031
8660843,2018,2018-08-21,1900,2018-06-22,1200,489533,0455,5,5,6,1949,0,0,0,,0,45T1,"ALONDRA BL","RT 605",0.00,,Y,A,-,Y,LA,7,605,-,R,5.631,R,1,N,N,4,0,1,2,A,-,05,21650,1,N,D,G,A,A,H,-,A,A,0,,Y,,,Y,,L,04,0,0,1,0,0,0,1,0,0,"- ","- ",,,"LOS ANGELES",NORWALK,-118.10411071777344,33.884681701660156
8660849,2018,2018-08-17,1942,2018-06-13,1530,41087,0307,3,5,7,1942,0,0,0,C,0,3A31,"CRENSHAW BL","SANTA MONICA FWY",80.00,S,N,A,-,Y,LA,7,10,-,R,11.218,R,4,E,N,4,0,1,2,A,-,12,21453,A,F,D,G,A,A,H,-,A,A,0,,Y,,,Y,,-,99,0,0,1,0,0,0,1,0,0,"- ","- ",,,"LOS ANGELES","LOS ANGELES",-118.33682250976562,34.034816741943359
8660871,2018,2018-08-17,1942,2018-06-11,1015,34959,0635,1,5,7,1942,0,0,0,F,0,6A15,"CAHUENGA BL","CERRITOS PL",75.00,S,N,A,-,Y,LA,7,101,-,-,7.277,R,4,S,N,3,0,1,2,A,-,11,21954,A,N,G,B,D,A,H,-,A,D,0,Y,,,,Y,,N,60,0,1,0,0,1,0,0,0,0,"- ","- ",,,"LOS ANGELES","LOS ANGELES",-118.32814788818359,34.106266021728516
8664983,2018,2019-01-08,1941,2018-08-24,1229,10833,,5,5,7,1941,0,0,0,,0,,"PACIFIC COAST HWY","ARGONNE AV",50.00,E,N,A,-,Y,LA,7,1,-,-,2.990,H,-,S,N,3,0,1,2,A,-,15,21235,A,N,G,J,D,A,H,-,A,A,0,Y,,,,Y,,N,,0,1,0,0,1,0,0,0,0,"- ","- ",,,"LOS ANGELES","LONG BEACH",-118.13566589355469,33.78497314453125
8665810,2018,2018-08-30,1942,2018-07-03,2010,38459,1463,2,5,7,1942,0,0,0,N,0,14A25,"LINCOLN BL","JEFFERSON BL",0.00,,N,A,-,Y,LA,7,1,-,-,30.163,I,5,S,Y,3,0,1,2,A,-,09,21804,A,N,D,G,A,A,H,-,C,A,0,,Y,,,Y,,L,04,0,1,0,0,0,0,1,0,0,"- ","- ",,,"LOS ANGELES","LOS ANGELES",-118.43042755126953,33.972072601318359
8666824,2018,2018-08-08,1941,2018-03-02,2326,10833,,5,5,7,1941,0,0,0,,0,,"PACIFIC COAST HWY","BELLFLOWER BL",0.00,,Y,C,-,Y,LA,7,1,-,-,1.860,I,5,S,N,2,0,1,2,A,-,11,21950,B,N,G,B,B,B,H,-,C,A,0,Y,,,,Y,,N,,1,0,0,0,1,0,0,0,0,"- ","- ",,,"LOS ANGELES","LONG BEACH",-118.12104797363281,33.773983001708984
8666879,2018,2018-11-13,1941,2018-07-03,0908,5969,,2,5,7,1941,0,0,0,,0,,"2ND ST",PCH,0.00,,Y,A,-,Y,LA,7,1,-,-,0.591,I,5,S,N,3,0,1,2,-,-,"- ",,,N,G,B,B,A,H,-,A,A,0,Y,,,,Y,,-,"- ",0,1,0,0,1,0,0,0,0,"- ","- ",,,"LOS ANGELES","LONG BEACH",-118.111328125,33.758098602294922
8666934,2018,2018-08-28,1929,2018-07-06,1321,206,SW,5,5,3,1929,0,0,0,,0,003,"PACIFIC COAST HWY",1ST,15.00,N,N,A,-,Y,LA,7,1,-,-,20.661,I,5,N,N,4,0,1,2,A,-,05,21650,1,N,D,G,A,A,H,-,A,A,0,,Y,,,Y,,L,04,0,0,1,0,0,0,1,0,0,"- ","- ",,,"LOS ANGELES","HERMOSA BEACH",-118.39031982421875,33.855079650878906
8666951,2018,2018-08-16,1942,2018-06-30,1115,42451,0821,6,5,7,1942,0,0,0,H,0,8A35,"PACIFIC COAST HWY","BAY CLUB DR",340.00,W,N,A,-,Y,LA,7,1,-,-,38.820,H,-,S,N,3,0,1,2,A,-,07,21658,A,N,B,G,A,A,H,-,A,D,0,,Y,,Y,Y,,L,04,0,1,0,0,0,0,1,0,0,"- ","- ",,,"LOS ANGELES","LOS ANGELES",-118.54720306396484,34.039459228515625
8667176,2018,2018-10-26,1900,2018-07-05,2200,625547,1012,4,5,3,1995,0,0,0,,0,00E,"RT 1","BUSCH DR",225.00,S,N,A,-,Y,LA,7,1,-,-,54.920,H,-,N,N,3,0,2,2,C,-,18,,,N,-,B,E,A,H,-,C,D,0,Y,,,,Y,,-,"- ",0,1,1,0,1,0,0,0,0,"- ","- ",,,"LOS ANGELES",MALIBU,-118.81645202636719,34.017372131347656
8671208,2018,2018-08-17,1942,2018-05-30,0650,31573,1465,3,5,7,1942,0,0,0,N,0,14A49,"CCENTINELA AV","RT 90",7.00,N,N,B,-,Y,LA,7,90,-,R,1.893,R,4,E,N,2,0,1,2,A,-,10,21950,A,N,G,B,B,A,H,-,A,A,0,Y,,,,Y,,D,22,1,0,0,0,1,0,0,0,0,"- ",WF,,,"LOS ANGELES","LOS ANGELES",-118.41175842285156,33.986801147460938
8672534,2018,2018-08-27,1942,2018-06-13,0925,40099,0463,3,5,7,1942,0,0,0,D,0,4A53,"4TH ST","RT 5",2.00,E,N,A,-,Y,LA,7,5,-,-,17.452,R,4,N,N,4,0,1,2,A,-,11,21456,B,N,G,B,B,A,H,-,A,A,0,Y,,,,Y,,N,60,0,0,1,0,1,0,0,0,0,"- ",NF,,,"LOS ANGELES","LOS ANGELES",-118.21806335449219,34.041515350341797
8674223,2018,2018-08-30,1942,2018-07-16,2025,36814,,1,5,7,1942,0,0,0,,0,,"NORTH BROADWAY","SOUTH RT 5",0.00,,Y,A,-,Y,LA,7,5,-,-,19.453,R,4,S,N,4,0,1,2,A,-,12,21453,A,N,D,G,A,A,H,-,C,A,0,,Y,,,Y,,L,04,0,0,1,0,0,0,1,0,0,"- ","- ",,,"LOS ANGELES","LOS ANGELES",-118.21742248535156,34.069408416748047
8674308,2018,2018-08-27,1900,2018-06-05,1500,257417,1332,2,5,5,1908,0,0,0,,0,133T2,"LAKEWOOD BL","SOMERSET BL",200.00,S,N,A,-,Y,LA,7,19,-,-,7.380,H,-,N,N,4,0,1,2,A,-,05,21650,1,N,A,G,A,A,H,-,A,D,0,,Y,,,Y,,L,04,0,0,1,0,0,0,1,0,0,"- ","- ",33.895858764648438,-118.14259338378906,"LOS ANGELES",BELLFLOWER,-118.14264678955078,33.896190643310547
8674311,2018,2018-08-30,1956,2018-07-22,1008,1323,616,7,5,5,1956,0,0,0,,0,002,"PEARL ST","RT 1",1.00,W,N,A,-,Y,LA,7,1,-,-,19.401,I,5,N,N,4,0,1,2,A,-,00,21650,5,N,D,G,A,A,H,-,A,A,0,,Y,,,Y,,L,04,0,0,1,0,0,0,1,0,0,"- ","- ",,,"LOS ANGELES","REDONDO BEACH",-118.38529968261719,33.836536407470703
8676447,2018,2018-08-28,1975,2018-07-25,1012,640,,3,5,6,1975,0,0,0,,0,001,"PACIFIC AV","GARVEY AV SOUTH",0.00,W,N,A,-,Y,LA,7,10,-,-,34.467,R,4,E,N,3,0,1,1,C,-,18,,,N,E,I,A,A,H,-,A,D,0,,Y,,,Y,,-,"- ",0,1,0,0,0,0,1,0,0,"- ","- ",,,"LOS ANGELES","WEST COVINA",-117.94303131103516,34.072071075439453
8676506,2018,2018-08-30,1972,2018-03-12,2006,19086,,1,5,6,1972,0,0,0,,0,,HAWTHORNE,"180 ST",0.00,,Y,B,-,Y,LA,7,107,-,-,4.330,H,-,N,Y,3,0,1,2,A,-,11,21954,A,N,G,B,D,A,H,-,C,D,0,Y,,,,Y,,N,,0,1,0,0,1,0,0,0,0,"- ","- ",,,"LOS ANGELES",TORRANCE,-118.35247802734375,33.867561340332031
8676514,2018,2018-09-05,1972,2018-04-01,2002,21151,,7,5,6,1972,0,0,0,,0,,WESTERN,SEPULVEDA,0.00,,Y,A,-,Y,LA,7,213,-,-,6.996,I,5,S,N,3,0,1,2,A,-,11,21453,D,N,G,B,B,A,H,-,C,A,0,Y,,,,Y,,N,,0,1,0,0,1,0,0,0,0,"- ","- ",,,"LOS ANGELES",TORRANCE,-118.30893707275391,33.817279815673828
8676868,2018,2019-01-16,1941,2018-08-02,0520,3319,,4,5,7,1941,0,0,0,,0,,"2ND ST","PACIFIC COAST HWY",0.00,,Y,A,-,Y,LA,7,1,-,-,0.591,I,5,S,N,3,0,1,2,C,-,18,,,N,G,G,A,A,H,-,B,A,0,,Y,,,Y,,-,"- ",0,1,0,0,0,0,1,0,0,"- ","- ",,,"LOS ANGELES","LONG BEACH",-118.111328125,33.758098602294922
8676922,2018,2018-11-13,1900,2018-07-29,2235,622028,1013,7,5,3,1995,0,0,0,,0,225,"RT 1","WINDING WY",0.00,,Y,A,-,Y,LA,7,1,-,-,52.570,H,-,S,N,3,0,1,2,A,-,10,21950,A,N,G,B,D,A,H,-,C,D,0,Y,,,,Y,,A,01,0,1,0,0,1,0,0,0,0,"- ","- ",34.025810241699219,-118.77955627441406,"LOS ANGELES",MALIBU,-118.77957916259766,34.025840759277344
8676942,2018,2018-10-26,1900,2018-07-06,1253,608245,1017,5,5,3,1995,0,0,0,,0,101,"RT 1","LAS FLORES CANYON RD",100.00,E,N,A,-,Y,LA,7,1,-,-,44.140,H,-,S,N,3,0,1,2,A,-,03,22350,,N,-,G,A,A,H,-,A,D,0,,Y,,,Y,,L,04,0,1,0,0,0,0,1,0,0,"- ","- ",34.037010192871094,-118.6348876953125,"LOS ANGELES",MALIBU,-118.63633728027344,34.036884307861328
8677031,2018,2018-11-13,1942,2018-07-23,0845,34959,0212,1,5,7,1942,0,0,0,B,0,2A5,"OAKWOOD AV","VERMONT AV",0.00,,Y,A,-,Y,LA,7,101,-,-,4.135,R,4,S,N,3,0,1,2,A,-,10,21950,A,N,G,B,B,A,H,-,A,A,0,Y,,,,Y,,A,01,0,1,0,0,1,0,0,0,0,"- ","- ",,,"LOS ANGELES","LOS ANGELES",-118.28775024414062,34.078201293945312
8679020,2018,2019-01-02,1900,2018-07-21,0815,618139,0623,6,5,6,1985,0,0,0,,0,62T1,"MCBEAN PKWY","RT 5",0.00,,Y,A,-,Y,LA,7,5,-,R,51.266,R,4,N,N,2,0,1,2,D,-,00,,,F,G,B,B,A,H,-,A,A,0,Y,,,,Y,,-,"- ",1,0,0,0,1,0,0,0,0,"- ",NF,34.394210815429688,-118.56977081298828,"LOS ANGELES","SANTA CLARITA",-118.57051086425781,34.391746520996094
8686558,2018,2018-10-26,1900,2018-07-21,0344,608240,LAKEW,6,5,5,1935,0,0,0,,0,1332T1,"RT 605","CARSON ST",8.00,N,N,A,-,Y,LA,7,605,-,R,1.597,R,3,S,N,3,0,1,2,A,-,10,21950,A,N,G,B,C,A,H,-,C,D,0,Y,,,,Y,,D,22,0,1,0,0,1,0,0,0,0,NO,"- ",,,"LOS ANGELES",LAKEWOOD,-118.08322143554688,33.829231262207031
8688719,2018,2018-10-26,1941,2018-08-13,2142,5754,,1,5,7,1941,0,0,0,,0,,"PACIFIC COAST HWY","PACIFIC AV",0.00,,Y,A,-,Y,LA,7,1,-,-,6.511,I,5,N,N,3,0,1,2,A,-,10,21950,A,N,G,B,B,A,H,-,C,A,0,Y,,,,Y,,A,,0,1,0,0,1,0,0,0,0,"- ","- ",,,"LOS ANGELES","LONG BEACH",-118.19361877441406,33.7899169921875
8688886,2018,2019-01-09,1900,2018-08-06,1024,622024,1086,1,5,3,1995,0,0,0,,0,101T1,"RT 1","CORRAL CANYON RD",1584.00,N,N,A,-,Y,LA,7,1,-,-,50.650,H,-,N,N,2,0,1,2,A,-,06,21760,C,F,B,G,A,A,H,-,A,D,0,,Y,,,Y,,D,22,1,0,0,0,0,0,1,0,0,"- ","- ",,,"LOS ANGELES",MALIBU,-118.74770355224609,34.032016754150391
8688901,2018,2018-10-26,1942,2018-07-15,1045,31152,1101,7,5,7,1942,0,0,0,K,0,11A1,"RIVERSIDE DR","ZOO DR",70.00,N,N,A,-,Y,LA,7,134,-,-,4.686,R,1,E,N,3,0,1,2,A,-,09,21802,A,N,D,G,A,A,H,-,A,A,0,,Y,,,Y,,A,01,0,1,0,0,0,0,1,0,0,"- ","- ",,,"LOS ANGELES","LOS ANGELES",-118.29609680175781,34.155452728271484
8694650,2018,2019-01-08,1942,2018-08-16,2200,38269,1553,4,5,7,1942,0,0,0,O,0,15A85,"TUJUNGA AV","RT 101",4.00,N,N,A,-,Y,LA,7,101,-,-,12.013,R,4,N,N,4,0,1,2,A,-,00,20001,A,F,B,B,E,A,H,-,C,A,0,Y,,,,Y,,-,99,0,0,1,0,1,0,0,0,0,"- ",WO,,,"LOS ANGELES","LOS ANGELES",-118.38177490234375,34.154586791992188
8696022,2018,2019-01-08,1941,2018-08-03,2028,5660,,5,5,7,1941,0,0,0,,0,,"PACIFIC COAST HWY","OREGON AV",0.00,,Y,A,-,Y,LA,7,1,-,-,6.981,I,5,S,Y,2,0,1,2,A,-,11,21950,B,N,-,B,D,A,H,-,E,D,0,Y,,,,Y,,N,,1,0,0,0,1,0,0,0,0,"- ","- ",,,"LOS ANGELES","LONG BEACH",-118.20172882080078,33.789813995361328
8696075,2018,2018-11-13,1942,2018-07-02,1600,42857,RD144,1,5,7,1942,0,0,0,,0,14A28,"LINCOLN BL","VICTORIA AV",0.00,,Y,A,-,Y,LA,7,1,-,-,32.311,I,5,N,N,4,0,1,2,A,-,05,21650,1,F,D,G,A,A,H,-,A,A,0,,Y,,,Y,,L,04,0,0,1,0,0,0,1,0,0,"- ","- ",,,"LOS ANGELES","LOS ANGELES",-118.45496368408203,33.995174407958984
8696134,2018,2019-01-16,1900,2018-08-15,1205,489417,2611,3,5,6,1950,0,0,0,,0,262T1,"RT 138","2ND ST E",188.00,E,N,A,-,Y,LA,7,138,-,-,43.840,H,-,E,Y,2,0,2,2,A,-,11,21954,A,N,G,B,D,A,H,-,A,D,0,Y,,,,Y,,N,60,1,1,0,0,1,0,0,0,0,"- ","- ",,,"LOS ANGELES",PALMDALE,-118.12678527832031,34.579845428466797
8696243,2018,2018-11-13,1944,2018-07-26,1246,353,M15,4,5,4,1944,0,0,0,,0,002,"N SEPULVEDA BL","MANHATTAN BEACH BL",0.00,,Y,A,-,Y,LA,7,1,-,-,22.900,I,5,S,N,4,0,1,2,A,-,11,21456,B,N,D,B,B,A,H,-,A,A,0,Y,,,,Y,,N,60,0,0,1,0,1,0,0,0,0,"- ","- ",,,"LOS ANGELES","MANHATTAN BEACH",-118.39610290527344,33.887371063232422
8696249,2018,2019-01-16,1900,2018-08-13,1145,537862,1262,1,5,3,1991,0,0,0,,0,121T1,"RT 2","RT 210",0.00,,Y,A,-,Y,LA,7,2,-,R,24.513,I,5,E,N,3,0,1,2,A,-,09,21804,A,N,D,G,A,A,H,-,A,A,0,,Y,,,Y,,A,01,0,1,0,0,0,0,1,0,0,"- ",WF,34.122600555419922,-118.12000274658203,"LOS ANGELES","LA CANADA-FLINTRIDGE",-118.20005798339844,34.213005065917969
8696738,2018,2018-12-31,1900,2018-09-08,2230,606086,1028,6,5,3,1995,0,0,0,,0,101E,"COASTLINE DR","RT 1",100.00,N,N,A,-,Y,LA,7,1,-,-,40.071,I,6,N,N,4,0,1,2,A,-,08,22107,,N,G,B,E,A,H,-,C,D,0,Y,,,,Y,,A,07,0,0,1,0,1,0,0,0,0,"- ","- ",34.044231414794922,-118.56768035888672,"LOS ANGELES",MALIBU,-118.56768035888672,34.041873931884766
8696999,2018,2018-12-18,1942,2018-06-06,1530,43174,0778,3,5,7,1942,0,0,0,G,0,7A22,"CRENSHAW BL","RT 10",0.00,,Y,A,-,Y,LA,7,10,-,R,11.561,R,1,W,N,4,0,1,2,A,-,10,21950,A,N,G,B,B,A,H,-,A,A,0,Y,,,,Y,,A,01,0,0,1,0,1,0,0,0,0,"- ",WF,,,"LOS ANGELES","LOS ANGELES",-118.33078002929688,34.035312652587891
8697016,2018,2018-10-26,1925,2018-08-29,1507,15427,240,3,5,6,1925,0,0,0,,0,004,"HARVEY DR","RT 134",0.00,,Y,A,-,Y,LA,7,134,-,R,8.949,R,3,W,N,3,0,1,2,A,-,10,21950,A,N,A,B,B,A,H,-,A,A,0,Y,,,,Y,,A,01,0,1,0,0,1,0,0,0,0,"- ",WF,,,"LOS ANGELES",GLENDALE,-118.22615814208984,34.146869659423828
8700542,2018,2019-01-09,1900,2018-09-09,0940,284954,101T1,7,5,3,1995,0,0,0,,0,1015,"RT 1","SERRA RD",1426.00,S,N,B,-,Y,LA,7,1,-,-,46.640,H,-,S,N,3,0,1,2,A,-,08,22107,,N,B,G,A,A,H,-,A,D,0,,Y,,,Y,,A,01,0,1,0,0,0,0,1,0,0,"- ","- ",34.037101745605469,-118.67710113525391,"LOS ANGELES",MALIBU,-118.67832946777344,34.036354064941406
8700830,2018,2018-10-26,1942,2018-08-07,0910,41911,1861,2,5,7,1942,0,0,0,R,0,18A97,"S VERMONT AV","115TH ST",221.00,S,N,A,-,Y,LA,7,105,-,R,6.948,R,3,W,N,2,0,1,2,A,-,10,21950,A,F,G,B,B,A,H,-,A,A,0,Y,,,,Y,,-,99,1,0,0,0,1,0,0,0,0,"- ","- ",,,"LOS ANGELES","LOS ANGELES",-118.28828430175781,33.928867340087891
8700854,2018,2019-01-08,1942,2018-08-30,2115,43147,1532,4,5,7,1942,0,0,0,O,0,15A38,"VICTORY BL","RT 170",0.00,,Y,A,-,Y,LA,7,170,-,R,17.447,R,1,S,N,4,0,1,2,A,-,09,21804,A,N,D,G,A,A,G,-,C,D,0,,Y,,,Y,,L,04,0,0,1,0,0,0,1,0,0,"- ","- ",,,"LOS ANGELES","LOS ANGELES",-118.40198516845703,34.189453125
8700947,2018,2019-01-09,1976,2018-09-06,1131,479,,4,5,5,1976,0,0,0,,0,,"WHITTIER BL",BROADWAY,114.00,E,N,A,-,Y,LA,7,72,-,-,5.740,H,-,N,N,4,0,1,2,A,-,06,21755,A,N,H,G,A,A,H,-,A,D,0,,Y,,Y,Y,,L,04,0,0,1,0,0,0,1,0,0,"- ","- ",,,"LOS ANGELES",WHITTIER,-118.056884765625,33.985095977783203
8700952,2018,2018-10-26,1941,2018-08-09,1617,5737,,4,5,7,1941,0,0,0,,0,,CEDAR,"PACIFIC COAST HWY",0.00,,Y,A,-,Y,LA,7,1,-,-,6.591,I,5,N,N,4,0,1,2,-,-,"- ",,,N,D,G,A,A,H,-,A,A,0,,Y,,,Y,,-,"- ",0,0,1,0,0,0,1,0,0,"- ","- ",,,"LOS ANGELES","LONG BEACH",-118.19499969482422,33.789920806884766
8701049,2018,2019-01-16,1976,2018-08-29,1744,460,,3,5,5,1976,0,0,0,,0,004,"VIRGINIA AV","WHITTIER BL",0.00,,Y,A,-,Y,LA,7,72,-,-,0.769,I,5,S,N,3,0,1,2,A,-,12,22450,A,N,G,B,B,A,H,-,A,A,0,Y,,,,Y,,A,01,0,1,0,0,1,0,0,0,0,"- ","- ",,,"LOS ANGELES",WHITTIER,-117.98912048339844,33.942672729492188
8701369,2018,2019-01-16,1942,2018-08-28,1150,42332,1861,2,5,7,1942,0,0,0,R,0,18X38,VERMONT,"RT 105",0.00,,Y,A,-,Y,LA,7,105,-,R,6.948,R,4,W,N,4,0,1,2,A,-,03,22350,,N,E,G,A,A,H,-,A,A,0,,Y,,,Y,,A,01,0,0,1,0,0,0,1,0,0,"- ","- ",,,"LOS ANGELES","LOS ANGELES",-118.28828430175781,33.928867340087891