CASE_ID,ACCIDENT_YEAR,PROC_DATE,JURIS,COLLISION_DATE,COLLISION_TIME,OFFICER_ID,REPORTING_DISTRICT,DAY_OF_WEEK,CHP_SHIFT,POPULATION,CNTY_CITY_LOC,SPECIAL_COND,BEAT_TYPE,CHP_BEAT_TYPE,CITY_DIVISION_LAPD,CHP_BEAT_CLASS,BEAT_NUMBER,PRIMARY_RD,SECONDARY_RD,DISTANCE,DIRECTION,INTERSECTION,WEATHER_1,WEATHER_2,STATE_HWY_IND,CALTRANS_COUNTY,CALTRANS_DISTRICT,STATE_ROUTE,ROUTE_SUFFIX,POSTMILE_PREFIX,POSTMILE,LOCATION_TYPE,RAMP_INTERSECTION,SIDE_OF_HWY,TOW_AWAY,COLLISION_SEVERITY,NUMBER_KILLED,NUMBER_INJURED,PARTY_COUNT,PRIMARY_COLL_FACTOR,PCF_CODE_OF_VIOL,PCF_VIOL_CATEGORY,PCF_VIOLATION,PCF_VIOL_SUBSECTION,HIT_AND_RUN,TYPE_OF_COLLISION,MVIW,PED_ACTION,ROAD_SURFACE,ROAD_COND_1,ROAD_COND_2,LIGHTING,CONTROL_DEVICE,CHP_ROAD_TYPE,PEDESTRIAN_ACCIDENT,BICYCLE_ACCIDENT,MOTORCYCLE_ACCIDENT,TRUCK_ACCIDENT,NOT_PRIVATE_PROPERTY,ALCOHOL_INVOLVED,STWD_VEHTYPE_AT_FAULT,CHP_VEHTYPE_AT_FAULT,COUNT_SEVERE_INJ,COUNT_VISIBLE_INJ,COUNT_COMPLAINT_PAIN,COUNT_PED_KILLED,COUNT_PED_INJURED,COUNT_BICYCLIST_KILLED,COUNT_BICYCLIST_INJURED,COUNT_MC_KILLED,COUNT_MC_INJURED,PRIMARY_RAMP,SECONDARY_RAMP,LATITUDE,LONGITUDE,COUNTY,CITY,POINT_X,POINT_Y
90154991,2016,2017-01-25,9580,2016-03-05,0040,019776,,6,3,7,1942,0,1,3,,2,170,"SR-170 N/B (HOLLYWOOD FWY.)","VICTORY BLVD",1320.00,N,N,B,-,Y,,,170,,,,,,N,Y,1,1,0,2,A,-,00,21960,A,N,G,B,D,A,H,-,C,D,0,Y,,,,Y,Y,N,60,0,0,0,1,0,0,0,0,0,"- ","- ",34.191789999999997,-118.40197000000001,"LOS ANGELES","LOS ANGELES",-118.40205711999999,34.191778530000001
90159563,2016,2016-04-18,9580,2016-04-06,1925,021173,,3,2,7,1942,0,1,1,,2,405,"I-405 S/B (SAN DIEGO FWY)","SHERMAN WAY",1320.00,N,N,A,-,Y,,,,,,,,,,N,2,0,1,2,A,-,11,21954,A,N,G,B,E,A,H,-,B,D,0,Y,,,,Y,,N,60,1,0,0,0,1,0,0,0,0,"- ","- ",34.121960000000001,-118.28408,"LOS ANGELES","LOS ANGELES",-118.47359,34.201239999999999
90163143,2016,2016-04-22,9550,2016-04-03,1810,021037,,7,2,9,1900,0,1,1,,2,650,"I-605 SOUTHBOUND TO SLAUSON AVE.","SLAUSON AVENUE",5.00,N,N,A,-,Y,,,605,,,,R,,S,N,3,0,1,2,A,-,09,21453,B,N,D,G,A,A,H,-,A,A,0,,Y,,,Y,,A,01,0,1,0,0,0,0,1,0,0,"- ","- ",33.967390000000002,-118.08393,"LOS ANGELES",UNINCORPORATED,-118.08393,33.967390000000002
90164099,2016,2016-04-25,9575,2016-04-15,1942,020681,,5,2,7,1942,0,1,1,,2,053,"I-5 N/B TO TERRA BELLA ST.","TERRA BELLA ST.",10.00,N,N,A,-,Y,,,5,,,,R,,N,N,4,0,1,2,A,-,21,22106,,N,D,G,A,A,H,-,B,A,0,,Y,,,Y,,A,01,0,0,1,0,0,0,1,0,0,"- ","- ",34.251460000000002,-118.4281,"LOS ANGELES","LOS ANGELES",-118.4281,34.251460000000002
90164325,2016,2016-04-25,9550,2016-04-12,1620,020399,,2,2,7,1941,0,1,3,,2,090,"STATE ROUTE 91 W/B TO DOWNEY AVENUE","DOWNEY AVENUE",8.00,E,N,A,-,Y,,,91,,,,R,,W,N,3,0,1,2,A,-,09,21804,A,N,H,G,A,A,H,-,A,A,0,,Y,,,Y,,L,04,0,1,0,0,0,0,1,0,0,"- ","- ",33.87753,-118.15118,"LOS ANGELES","LONG BEACH",-118.15118,33.87753
90164362,2016,2016-04-25,9525,2016-04-03,1112,018992,,7,1,9,1900,0,3,5,,2,005,"GLENDORA MOUNTAIN RD.","GLENDORA RIDGE RD.",0.00,,Y,A,-,Y,,,,,,,,,,N,3,0,1,2,A,-,09,21801,A,N,D,G,A,A,H,-,A,D,0,,Y,,,Y,,A,01,0,1,0,0,0,0,1,0,0,"- ","- ",34.203980000000001,-117.80882,"LOS ANGELES",UNINCORPORATED,-117.8087901,34.204030029999998
90167613,2016,2016-04-28,9575,2016-04-20,0830,020708,,3,1,7,1942,0,1,1,,2,052,"I-5 S/B (GOLDEN STATE FREEWAY)","PENROSE STREET",366.00,S,N,A,-,Y,,,5,,,,,,S,N,2,0,1,4,A,-,03,22350,,N,C,C,E,A,H,-,A,D,0,Y,,,,Y,,A,01,1,0,0,0,1,0,0,0,0,"- ","- ",34.225000000000001,-118.3736,"LOS ANGELES","LOS ANGELES",-118.37373100000001,34.224837440000002
9016876,2020,2020-10-19,1942,2020-01-23,2131,43539,1586,4,5,7,1942,0,0,0,O,0,15A38,"RT 101","LANKERSHIM BL",3.00,E,N,A,-,Y,LA,7,101,-,-,10.227,R,1,N,N,4,0,1,2,A,-,11,21955,,N,G,B,E,A,H,-,C,D,0,Y,,,,Y,Y,N,60,0,0,1,0,1,0,0,0,0,NF,"- ",,,"LOS ANGELES","LOS ANGELES",-118.36112976074219,34.136631011962891
90170060,2016,2016-05-02,9530,2016-04-23,1520,018278,,6,2,7,1941,0,1,1,,2,420,"I-405 S/B (SAN DIEGO FREEWAY)","CALIFORNIA AVE.",69.00,N,N,A,-,Y,,,405,,,,,,S,N,4,0,1,3,A,-,03,22350,,N,C,C,E,A,H,-,A,D,0,Y,,,,Y,,A,07,0,0,1,0,1,0,0,0,0,"- ","- ",33.814140000000002,-118.18097,"LOS ANGELES","LONG BEACH",-118.18097011,33.814180039999997
90170560,2016,2016-05-02,9525,2016-03-16,2056,020611,,3,2,4,1960,0,1,1,,2,207,"SR-210 W/B (FOOTHILL FREEWAY)","LONE HILL AVE",1500.00,W,N,A,-,Y,,,,,,,,,,Y,4,0,2,3,A,-,03,22350,,N,C,C,E,A,H,-,C,D,0,Y,,,,Y,,A,01,0,0,2,0,1,0,0,0,0,"- ","- ",34.120690000000003,-117.82456999999999,"LOS ANGELES","SAN DIMAS",-117.83275999999999,34.121169999999999
90172949,2016,2016-05-04,9535,2016-02-14,0410,019839,,7,3,6,1922,0,1,1,,2,401,"I-10 WESTBOUND (SAN BERNARDINO FREEWAY)","RIO HONDO RIVER",385.00,E,N,A,-,Y,,,10,,,,,,W,N,1,1,0,2,A,-,00,21960,A,N,G,B,E,A,H,-,C,D,0,Y,,,,Y,,N,60,0,0,0,1,0,0,0,0,0,"- ","- ",34.07076,-118.04819999999999,"LOS ANGELES","EL MONTE",-118.04818979,34.07078396
90174002,2016,2016-05-05,9550,2016-03-31,2307,019293,,4,3,9,1900,0,1,1,,2,650,"INTERSTATE - 605 NORTHBOUND","PECK ROAD",603.00,S,N,A,-,Y,,,605,,,,,,N,Y,1,1,1,2,A,-,11,21954,A,N,G,B,E,A,H,-,C,D,0,Y,,,,Y,,N,60,0,1,0,1,0,0,0,0,0,"- ","- ",34.026150000000001,-118.03932,"LOS ANGELES",UNINCORPORATED,-118.03934433000001,34.026192719999997
90175111,2016,2016-05-09,9530,2016-04-30,0547,020624,,6,3,5,1943,0,1,1,,2,210,"I-105 W/B FROM LONG BEACH BLVD.","LONG BEACH BLVD.",10.00,E,N,A,-,Y,,,105,,,,R,,W,N,4,0,1,2,A,-,11,21950,B,N,G,B,B,A,H,-,B,D,0,Y,,,,Y,,N,60,0,0,1,0,1,0,0,0,0,"- ","- ",33.925409999999999,-118.20986000000001,"LOS ANGELES",LYNWOOD,-118.20986000000001,33.925409999999999
90175989,2016,2016-05-10,9530,2016-04-29,0800,020315,,5,1,7,1941,0,1,1,,2,071,"I-710 N/B (LONG BEACH FREEWAY)","ATLANTIC AVE.",109.00,S,N,A,-,Y,,,,,,,,,,Y,1,1,0,4,A,-,11,21954,A,N,G,B,E,A,H,-,A,D,0,Y,,,,Y,,N,60,0,0,0,1,0,0,0,0,0,"- ","- ",33.534039999999997,-118.11262000000001,"LOS ANGELES","LONG BEACH",-118.190707,33.884407500000002
90177205,2016,2016-05-11,9525,2016-04-26,2025,019495,,2,2,9,1900,0,3,5,,2,002,"NEWBURGH ST. (18100 BLOCK)","ROCKVALE AVE",0.00,,Y,A,-,Y,,,,,,,,,,N,3,0,1,2,A,-,12,22450,A,N,D,G,A,A,H,-,C,D,0,,Y,,,Y,,L,04,0,1,0,0,0,0,1,0,0,"- ","- ",34.109999999999999,-117.896,"LOS ANGELES",UNINCORPORATED,-117.89631005,34.110120029999997
90177814,2016,2016-05-12,9535,2016-04-27,2135,017308,,3,2,9,1900,0,1,3,,2,066,"SR-164 (ROSEMEAD BOULEVARD) N/B","RUSH STREET",1584.00,S,N,A,-,Y,,,164,,,,,,N,N,1,1,1,2,A,-,08,22107,,N,H,G,A,A,H,-,D,D,0,,Y,,,Y,,L,04,0,1,0,0,0,1,0,0,0,"- ","- ",34.048169999999999,-118.06417999999999,"LOS ANGELES",UNINCORPORATED,-118.0642124,34.048169989999998
90179071,2016,2016-05-13,9530,2016-04-28,2348,020175,,4,3,5,1977,0,1,1,,2,410,"I-405 NORTHBOUND (SAN DIEGO FREEWAY)","AVALON BLVD.",678.00,S,N,A,-,Y,,,,,,,,,,Y,1,1,0,2,A,-,11,21954,A,N,D,B,D,A,H,-,C,D,0,Y,,,,Y,,N,60,0,0,0,1,0,0,0,0,0,"- ","- ",33.5017,-118.15430000000001,"LOS ANGELES",CARSON,-118.26209162000001,33.838139089999999
90179420,2016,2016-05-16,9575,2016-04-18,0045,021026,,1,3,6,1912,0,1,3,,2,044,"SR-134 E/B (VENTURA FREEWAY)","BOB HOPE DR.",185.00,W,N,A,-,Y,,,134,,,,,,E,N,2,0,1,2,A,-,08,22107,,F,G,B,E,A,C,-,C,D,0,Y,,,,Y,,-,99,1,0,0,0,1,0,0,0,0,"- ","- ",34.152749999999997,-118.33026,"LOS ANGELES",BURBANK,-118.33025721999999,34.152736310000002
90180898,2016,2016-05-17,9545,2016-05-03,1455,018033,,2,2,9,1900,0,1,3,,1,042,"SR-138 W/B (ANTELOPE HIGHWAY)","263RD ST  E",7920.00,W,N,A,-,Y,,,138,,,,,,W,Y,3,0,2,3,A,-,03,22350,,N,C,C,E,A,D,-,A,A,0,Y,,,,Y,,D,22,0,1,1,0,1,0,0,0,0,"- ","- ",34.464550000000003,-117.68151,"LOS ANGELES",UNINCORPORATED,-117.68149407999999,34.464576489999999
90182205,2016,2016-05-18,9525,2016-03-12,0120,020989,,6,3,6,1955,0,1,1,,2,110,"I-10 E/B (SAN BERNARDINO FREEWAY)","DUDLEY STREET",2021.00,E,N,A,-,Y,,,10,,,,,,E,N,2,0,1,2,A,-,11,21954,A,N,G,B,D,A,H,-,C,D,0,Y,,,,Y,Y,N,60,1,0,0,0,1,0,0,0,0,"- ","- ",34.071890000000003,-117.77058,"LOS ANGELES",POMONA,-117.77057684,34.071909849999997
90183744,2016,2016-05-20,9550,2016-05-11,1731,017998,,3,2,9,1900,0,3,5,,2,002,"REIS ST","AMSDELL AVE",133.00,E,N,A,-,Y,,,,,,,,,,N,2,0,1,2,A,-,09,21804,A,N,A,G,A,A,H,-,A,D,0,,Y,,,Y,,L,04,1,0,0,0,0,0,1,0,0,"- ","- ",33.946390000000001,-118.04509,"LOS ANGELES",UNINCORPORATED,-118.04556338,33.946569840000002
90186577,2016,2016-05-24,9535,2016-02-04,1920,014473,9535,4,2,9,1900,0,1,3,,2,600,"SR-60 (POMONA FREEWAY) E/B","ROWAN AVENUE",390.00,E,N,A,-,Y,,,60,,,,,,E,N,1,1,0,2,A,-,03,22350,,F,G,B,E,A,H,-,C,D,0,Y,,,,Y,,A,07,0,0,0,1,0,0,0,0,0,"- ","- ",34.031619999999997,-118.18648,"LOS ANGELES",UNINCORPORATED,-118.18648086,34.031683229999999
90187546,2016,2016-05-25,9535,2016-05-22,2355,020673,,7,3,5,1943,0,1,1,,2,075,"I-710 S/B FROM IMPERIAL HWY. E/B","IMPERIAL HWY",6.00,S,N,A,-,Y,,,710,,,,R,,S,N,3,0,1,2,A,-,03,22350,,M,H,G,A,A,H,-,C,D,0,,Y,,,Y,,A,01,0,1,0,0,0,0,1,0,0,"- ","- ",33.930889999999998,-118.18026,"LOS ANGELES",LYNWOOD,-118.18026,33.930889999999998
90188238,2016,2016-05-26,9525,2016-05-13,1347,018366,,5,1,6,1955,0,1,3,,2,604,"SR-60 E/B (POMONA FREEWAY)","PHILLIPS RANCH RD.",800.00,W,N,A,-,Y,,,60,,,,,,E,Y,4,0,3,3,A,-,08,22107,,N,B,C,E,A,H,-,A,D,0,Y,,,,Y,,A,01,0,0,3,0,1,0,0,0,0,"- ","- ",34.024340000000002,-117.7734,"LOS ANGELES",POMONA,-117.77335112,34.024483500000002
9018935,2019,2020-09-28,1942,2019-12-11,2345,40924,1802,3,5,7,1942,0,0,0,R,0,12A73,"MANCHESTER AV","RT 110",0.00,,Y,A,-,Y,LA,7,110,-,-,15.819,R,1,N,N,3,0,1,2,A,-,05,21650,1,N,D,G,A,A,H,-,C,A,0,,Y,,,Y,,L,04,0,1,0,0,0,0,1,0,0,"- ",NF,,,"LOS ANGELES","LOS ANGELES",-118.28072357177734,33.957828521728516
90190446,2016,2016-05-31,9590,2016-03-22,1200,014234,,2,1,7,1942,0,1,1,,2,050,"I-110 N/B (HARBOR FREEWAY)","GAGE AVE",280.00,N,N,A,-,Y,,,,,,,,,,N,3,0,1,2,A,-,11,21954,A,N,G,B,E,A,H,-,A,D,0,Y,,,Y,Y,,N,60,0,1,0,0,1,0,0,0,0,"- ","- ",33.975619999999999,-118.28775,"LOS ANGELES","LOS ANGELES",-118.28049278,33.98313521
90194929,2016,2016-06-06,9580,2016-05-28,0900,019511,,6,1,9,1900,0,3,5,,1,020,"OLD TOPANGA CANYON RD","ZUNIGA RD",100.00,N,N,A,-,Y,,,,,,,,,,N,3,0,1,1,A,-,03,22350,,N,E,I,A,A,H,-,A,D,0,,Y,,,Y,,L,04,0,1,0,0,0,0,1,0,0,"- ","- ",34.114080000000001,-118.63388,"LOS ANGELES",UNINCORPORATED,-118.63395002,34.113998170000002
90195009,2016,2016-06-15,9525,2016-05-16,1850,018651,,1,2,6,1975,0,1,1,,2,105,"I-10 W/B (SAN BERNARDINO FREEWAY)","GRAND AVE,",116.00,W,N,A,-,Y,,,10,,,,,,W,Y,3,0,2,5,A,-,08,22107,,N,B,E,E,A,H,-,B,D,0,Y,,,,Y,,A,01,0,2,0,0,2,0,0,0,0,"- ","- ",34.0717,-117.87352,"LOS ANGELES","WEST COVINA",-117.87351669,34.071900210000003
90195372,2016,2016-06-06,9535,2016-05-30,0200,020416,,1,3,9,1900,0,2,4,,2,018,"3RD ST. (4000 BLOCK)","DOWNEY RD",101.00,W,N,A,-,Y,,,,,,,,,,N,3,0,1,2,A,-,03,22350,,F,C,G,A,A,H,-,D,D,0,,Y,,,Y,,-,99,0,1,0,0,0,0,1,0,0,"- ","- ",34.033410000000003,-118.18061,"LOS ANGELES",UNINCORPORATED,-118.13207978,33.941949430000001
90195549,2016,2016-06-07,9540,2016-05-31,0735,014339,,2,1,9,1900,0,1,1,,2,511,"I-5 S/B (GSF)","CHERRY CANYON",1584.00,S,N,A,-,Y,,,5,,,,,,S,Y,4,0,1,4,A,-,08,22107,,N,C,E,E,A,H,-,A,D,0,Y,,,Y,Y,,D,22,0,0,1,0,1,0,0,0,0,"- ","- ",34.632779999999997,-118.72898000000001,"LOS ANGELES",UNINCORPORATED,-118.72904655000001,34.632702979999998
90196132,2016,2016-06-07,9530,2016-06-04,1141,021089,,6,1,7,1942,0,1,1,,2,410,"I-405 S/B (SAN DIEGO FREEWAY)","VERMONT AVE.",1400.00,N,N,A,-,Y,,,405,,,,,,S,N,2,0,1,2,A,-,11,21954,A,N,G,B,E,A,H,-,C,D,0,Y,,,Y,Y,Y,N,60,1,0,0,0,1,0,0,0,0,"- ","- ",33.859699999999997,-118.29461999999999,"LOS ANGELES","LOS ANGELES",-118.29462003,33.859729880000003
90196400,2016,2016-06-22,9590,2016-02-01,2041,018997,,1,2,7,1942,0,1,1,,2,062,"I-10 E/B (SANTA MONICA FREEWAY)","UNION AVE.",1302.00,E,N,A,-,Y,,,10,,,,,,E,Y,1,1,0,3,A,-,11,21954,A,N,G,B,E,A,H,-,C,D,0,Y,,,,Y,,N,60,0,0,0,1,0,0,0,0,0,"- ","- ",34.037129999999998,-118.28352,"LOS ANGELES","LOS ANGELES",-118.28352286000001,34.037144050000002
90201755,2016,2016-06-15,9535,2016-03-23,0006,020859,,3,3,5,1969,0,1,1,,2,075,"I-710 (LONG BEACH FREEWAY) S/B","LOS ANGELES RIVER",170.00,S,N,A,-,Y,,,710,,,,,,S,Y,2,0,1,5,A,-,03,22350,,N,D,C,E,A,H,-,D,D,0,Y,,,,Y,Y,A,01,1,0,0,0,1,0,0,0,0,"- ","- ",33.935519999999997,-118.17552999999999,"LOS ANGELES","SOUTH GATE",-118.1755963,33.935620710000002
90203085,2016,2016-06-16,9530,2016-06-09,2210,020236,,4,3,9,1900,0,3,5,,2,001,"GRAND AVE.","PACIFIC BLVD.",168.00,W,N,A,-,Y,,,,,,,,,,N,4,0,1,3,A,-,01,23152,A,M,B,C,E,A,H,-,C,D,0,Y,,,,Y,Y,A,01,0,0,1,0,1,0,0,0,0,"- ","- ",33.581000000000003,-118.1335,"LOS ANGELES",UNINCORPORATED,-118.22576828,33.969209839999998
90203947,2016,2016-06-22,9550,2016-04-17,0149,020983,,7,3,6,1920,0,1,1,,2,151,"INTERSTATE 105 EASTBOUND","LAURELDALE AVENUE OVERCROSSING",873.00,W,N,A,-,Y,,,105,,,,,,E,Y,1,1,0,2,A,-,11,21954,A,N,G,B,E,A,H,-,C,D,0,Y,,,,Y,,N,60,0,0,0,1,0,0,0,0,0,"- ","- ",33.912799999999997,-118.14319999999999,"LOS ANGELES",DOWNEY,-118.14320262,33.912933529999997
90204404,2016,2016-06-20,9590,2016-02-15,2359,018345,9590,1,3,7,1942,0,1,1,,2,051,"I-110 SOUTHBOUND (HARBOR FREEWAY)","FLORENCE AVENUE",1189.00,N,N,A,-,Y,,,110,,,,,,S,N,1,1,0,2,A,-,11,21954,A,N,G,B,E,A,C,-,E,D,0,Y,,,,Y,,N,60,0,0,0,1,0,0,0,0,0,"- ","- ",33.978119999999997,-118.28093,"LOS ANGELES","LOS ANGELES",-118.28093068,33.978119999999997
90205415,2016,2016-06-20,9535,2016-06-05,2020,021131,,7,2,6,1922,0,1,1,,2,400,"I-10 E/B TO SANTA ANITA AVE.","SANTA ANITA AVE.",5.00,W,N,A,-,Y,,,10,,,,R,,E,N,3,0,1,2,A,-,05,21650,,N,D,G,A,A,H,-,C,A,0,,Y,,,Y,,L,04,0,1,0,0,0,0,1,0,0,"- ","- ",34.068350000000002,-118.04241,"LOS ANGELES","EL MONTE",-118.04241,34.068350000000002
90205773,2016,2016-06-21,9590,2016-05-17,0200,018510,,2,3,7,1942,0,1,2,,2,071,"US-101 S/B (HOLLYWOOD FREEWAY)","EDGEWARE ROAD",200.00,N,N,A,-,Y,,,101,,,,,,S,N,3,0,1,2,A,-,11,21954,A,N,G,B,E,A,H,-,C,D,0,Y,,,Y,Y,,N,60,0,1,0,0,1,0,0,0,0,"- ","- ",34.066859999999998,-118.2543,"LOS ANGELES","LOS ANGELES",-118.25428900999999,34.066877750000003
9020674,2019,2020-02-06,1942,2019-11-30,1900,42876,0161,6,5,7,1942,0,0,0,A,0,1A61,"JAMES M WOOD BL","FRANCISCO ST",9.00,E,N,A,-,Y,LA,7,110,-,-,22.293,R,4,N,N,3,0,1,2,A,-,10,21950,A,N,G,B,B,A,H,-,C,A,0,Y,,,,Y,,A,01,0,1,0,0,1,0,0,0,0,"- ","- ",,,"LOS ANGELES","LOS ANGELES",-118.26621246337891,34.048072814941406
9020684,2019,2020-03-04,1972,2019-11-30,0753,21153,,6,5,6,1972,0,0,0,,0,,"PACIFIC COAST HWY","AVENUE I",0.00,,Y,A,-,Y,LA,7,1,-,-,18.161,I,5,S,N,3,0,1,2,A,-,09,21802,A,N,H,G,A,A,H,-,A,A,0,,Y,,,Y,,D,,0,1,0,0,0,0,1,0,0,"- ","- ",,,"LOS ANGELES",TORRANCE,-118.38445281982422,33.818943023681641
9020688,2019,2020-02-06,1972,2019-11-23,2254,20987,,6,5,6,1972,0,0,0,,0,,"WESTERN AV","SEPULVEDA BL",162.00,N,N,A,-,Y,LA,7,213,-,-,7.020,H,-,S,N,4,0,1,2,A,-,03,22350,,F,C,G,A,A,H,-,C,D,0,,Y,,,Y,,A,,0,0,1,0,0,0,1,0,0,"- ","- ",,,"LOS ANGELES",TORRANCE,-118.30893707275391,33.817634582519531
9020690,2019,2020-02-06,1942,2019-11-07,1730,42962,1842,4,5,7,1942,0,0,0,R,0,18X48,"IMPERIAL HWY","OLIVE ST",0.00,,Y,A,-,Y,LA,7,110,-,-,13.798,R,1,N,N,4,0,1,2,A,-,00,21650,I,N,A,G,A,A,H,-,C,A,0,,Y,,,Y,,L,04,0,0,1,0,0,0,1,0,0,"- ","- ",,,"LOS ANGELES","LOS ANGELES",-118.28057861328125,33.928520202636719
90206972,2016,2016-06-22,9545,2016-06-15,0920,016549,,3,1,9,1900,0,1,3,,1,042,"SR-138 E/B (PEARBLOSSOM HWY)","121ST ST  E",495.00,E,N,A,-,Y,,,138,,,,,,E,N,3,0,1,2,A,-,11,21954,A,N,G,B,E,A,H,-,A,D,0,Y,,,Y,Y,,N,60,0,1,0,0,1,0,0,0,0,"- ","- ",34.506369999999997,-117.91244,"LOS ANGELES",UNINCORPORATED,-117.91243986000001,34.50646132
9020700,2019,2020-03-09,1976,2019-11-18,2025,499,1976,1,5,5,1976,0,0,0,,0,001,"WHITTIER BL","PIONEER BL",120.00,W,N,A,-,Y,LA,7,72,-,-,6.730,H,-,S,Y,2,0,1,2,A,-,11,21954,A,N,G,B,D,A,H,-,C,D,0,Y,,,,Y,,N,60,1,0,0,0,1,0,0,0,0,"- ","- ",,,"LOS ANGELES",WHITTIER,-118.07026672363281,33.994045257568359
90209882,2016,2016-06-27,9590,2016-03-30,0600,013179,,3,1,7,1942,0,1,1,,2,060,"I-10 E/B (SMF) COLLECTOR ROAD","NORMANDIE AVENUE U/C",210.00,W,N,A,-,Y,,,10,,,,,,E,Y,1,1,1,2,A,-,11,21954,A,N,G,B,E,A,H,-,E,D,0,Y,,,,Y,,N,60,0,1,0,1,0,0,0,0,0,"- ","- ",34.036740000000002,-118.3018,"LOS ANGELES","LOS ANGELES",-118.30180067000001,34.036977710000002
90216108,2016,2016-07-05,9535,2016-04-10,0432,021143,,7,3,5,1901,0,1,1,,2,110,"I-10 (SAN BERNARDINO FREEWAY) E/B HOT","GARFIELD AVE",315.00,W,N,A,-,Y,,,,,,,,,,N,1,1,0,2,A,-,00,21960,,N,C,G,A,A,H,-,C,D,0,,Y,,,Y,,L,04,0,0,0,0,0,1,0,0,0,"- ","- ",34.04177,-118.07268000000001,"LOS ANGELES",ALHAMBRA,-118.12398317,34.071802140000003
9021654,2020,2020-09-25,1942,2020-01-15,1930,43724,1444,3,5,7,1942,0,0,0,N,0,14A73,"RT 90","LINCOLN BL",0.00,,Y,A,-,Y,LA,7,90,-,-,0.930,H,-,W,N,4,0,1,2,A,-,05,21650,1,N,D,G,A,A,H,-,B,A,0,,Y,,,Y,,L,04,0,0,1,0,0,0,1,0,0,"- ","- ",,,"LOS ANGELES","LOS ANGELES",-118.44256591796875,33.984672546386719
90221212,2016,2016-07-12,9530,2016-07-03,0230,021310,,7,3,7,1941,0,1,1,,2,071,"I-710 N/B (LONG BEACH FREEWAY)","WILLOW ST.",264.00,N,N,A,-,Y,,,,,,,,,,N,3,0,1,2,A,-,05,21202,A,N,C,G,A,A,H,-,C,D,0,,Y,,,Y,,L,04,0,1,0,0,0,0,1,0,0,"- ","- ",33.482599999999998,-118.1224,"LOS ANGELES","LONG BEACH",-118.20734,33.805113429999999
90222031,2016,2016-07-13,9565,2016-06-28,1405,021118,,2,2,7,1942,0,1,1,,2,083,"I-10 W/B FROM OVERLAND AVE N/B","OVERLAND AVE",10.00,E,N,A,-,Y,,,10,,,,R,,W,N,3,0,1,2,A,-,17,21451,A,N,G,B,B,A,H,-,A,A,0,Y,,,,Y,,A,01,0,1,0,0,1,0,0,0,0,"- ","- ",34.032470000000004,-118.4174,"LOS ANGELES","LOS ANGELES",-118.4174,34.032470000000004
90222371,2016,2016-09-05,9590,2016-06-12,0817,021201,,7,1,7,1942,0,1,1,,2,060,"I-10 E/B (SANTA MONICA FREEWAY)","WEST BOULEVARD OVERCROSSING",530.00,W,N,B,-,Y,,,,,,,,,,Y,1,1,0,3,A,-,03,22350,,N,C,C,E,A,C,-,A,D,0,Y,,,,Y,,D,22,0,0,0,1,0,0,0,0,0,"- ","- ",34.035609999999998,-118.34182,"LOS ANGELES","LOS ANGELES",-118.34188336,34.03458973
90223036,2016,2016-07-14,9540,2016-06-23,2200,019444,,4,3,9,1900,0,3,5,,2,300,"PARKER ROAD","I-5 (GSF)",85.00,W,N,A,-,Y,,,,,,,,,,Y,2,0,1,2,A,-,09,21801,A,N,H,G,A,A,H,-,C,D,0,,Y,,,Y,,A,01,1,0,0,0,0,0,1,0,0,"- ","- ",34.489469999999997,-118.61959,"LOS ANGELES",UNINCORPORATED,-118.61956726,34.48950439
90223260,2016,2016-07-14,9590,2016-06-07,1225,021264,,2,1,7,1942,0,1,1,,2,083,"I-5 S/B (GSF) TO MAIN STREET","MAIN STREET",1300.00,N,N,A,-,Y,,,,,,,,,,N,4,0,1,2,A,-,08,22107,,F,G,B,E,A,H,-,A,D,0,Y,,,,Y,,A,07,0,0,1,0,1,0,0,0,0,"- ","- ",34.032269999999997,-118.26282999999999,"LOS ANGELES","LOS ANGELES",-118.21725000000001,34.069119999999998
90223552,2016,2016-07-15,9590,2016-07-12,1420,011420,,2,2,7,1942,0,1,1,,2,061,"I-10 W/B (SANTA MONICA FWY)","HARCOURT AVE.",550.00,E,N,A,-,Y,,,,,,,,,,Y,4,0,6,5,A,-,08,22107,,N,C,E,E,A,H,-,A,D,0,Y,,,,Y,,A,01,0,0,6,0,3,0,0,0,0,"- ","- ",34.033340000000003,-118.342,"LOS ANGELES","LOS ANGELES",-118.34330196000001,34.034708620000004