CASE_ID,ACCIDENT_YEAR,PROC_DATE,JURIS,COLLISION_DATE,COLLISION_TIME,OFFICER_ID,REPORTING_DISTRICT,DAY_OF_WEEK,CHP_SHIFT,POPULATION,CNTY_CITY_LOC,SPECIAL_COND,BEAT_TYPE,CHP_BEAT_TYPE,CITY_DIVISION_LAPD,CHP_BEAT_CLASS,BEAT_NUMBER,PRIMARY_RD,SECONDARY_RD,DISTANCE,DIRECTION,INTERSECTION,WEATHER_1,WEATHER_2,STATE_HWY_IND,CALTRANS_COUNTY,CALTRANS_DISTRICT,STATE_ROUTE,ROUTE_SUFFIX,POSTMILE_PREFIX,POSTMILE,LOCATION_TYPE,RAMP_INTERSECTION,SIDE_OF_HWY,TOW_AWAY,COLLISION_SEVERITY,NUMBER_KILLED,NUMBER_INJURED,PARTY_COUNT,PRIMARY_COLL_FACTOR,PCF_CODE_OF_VIOL,PCF_VIOL_CATEGORY,PCF_VIOLATION,PCF_VIOL_SUBSECTION,HIT_AND_RUN,TYPE_OF_COLLISION,MVIW,PED_ACTION,ROAD_SURFACE,ROAD_COND_1,ROAD_COND_2,LIGHTING,CONTROL_DEVICE,CHP_ROAD_TYPE,PEDESTRIAN_ACCIDENT,BICYCLE_ACCIDENT,MOTORCYCLE_ACCIDENT,TRUCK_ACCIDENT,NOT_PRIVATE_PROPERTY,ALCOHOL_INVOLVED,STWD_VEHTYPE_AT_FAULT,CHP_VEHTYPE_AT_FAULT,COUNT_SEVERE_INJ,COUNT_VISIBLE_INJ,COUNT_COMPLAINT_PAIN,COUNT_PED_KILLED,COUNT_PED_INJURED,COUNT_BICYCLIST_KILLED,COUNT_BICYCLIST_INJURED,COUNT_MC_KILLED,COUNT_MC_INJURED,PRIMARY_RAMP,SECONDARY_RAMP,LATITUDE,LONGITUDE,COUNTY,CITY,POINT_X,POINT_Y
90384271,2016,2017-10-19,9525,2016-11-23,0235,019970,,3,3,6,1955,0,1,1,,2,108,"I-10 E/B (SAN BERNARDINO FREEWAY)","KELLOGG DRIVE",993.00,W,N,B,-,Y,,,10,,,,,,E,Y,1,1,0,2,A,-,11,21954,A,F,G,B,E,A,D,E,D,D,0,Y,,,,Y,,N,60,0,0,0,1,0,0,0,0,0,"- ","- ",34.063760000000002,-117.81538999999999,"LOS ANGELES",POMONA,-117.81538888999999,34.063657079999999
90384745,2017,2017-02-02,9590,2017-01-03,2119,021236,,2,2,7,1942,0,1,1,,2,011,"SR-110 S/B (ARROYO SECO PARKWAY)","PARK ROW DR",500.00,N,N,A,-,Y,,,110,,,,,,S,Y,3,0,2,3,A,-,03,22350,,N,C,C,E,A,H,-,C,D,0,Y,,,,Y,,A,01,0,1,1,0,1,0,0,0,0,"- ","- ",34.077159999999999,-118.2302,"LOS ANGELES","LOS ANGELES",-118.23023449999999,34.077202049999997
90384772,2017,2017-02-02,9530,2017-01-25,1115,019412,,3,1,9,1900,0,3,5,,2,002,"142ND ST. (1300 BLOCK)","PARMELEE AVE.",10.00,W,N,A,-,Y,,,,,,,,,,N,4,0,1,2,A,-,06,21750,,F,B,C,A,A,H,-,C,D,0,,Y,,,Y,,-,99,0,0,1,0,0,0,1,0,0,"- ","- ",33.541220000000003,-118.15452999999999,"LOS ANGELES",UNINCORPORATED,-118.25117286,33.903378850000003
90384929,2017,2017-02-02,9535,2017-01-30,1350,018687,,1,1,5,1969,0,1,1,,2,075,"I-710 SB FROM IMPERIAL HWY EB","IMPERIAL HWY.",15.00,S,N,A,-,Y,,,710,,,,R,,S,N,3,0,1,2,A,-,09,21804,A,N,D,C,A,A,H,-,A,D,0,,Y,,,Y,,L,04,0,1,0,0,0,0,1,0,0,"- ","- ",33.930869999999999,-118.18034,"LOS ANGELES","SOUTH GATE",-118.18034,33.930869999999999
90388006,2017,2017-02-07,9535,2017-01-05,1235,021505,,4,1,5,1901,0,1,1,,2,420,"I 10 E/B TO N/B GARFIELD AVE.","GARFIELD AVE",10.00,E,N,B,C,Y,,,10,,,,R,,E,N,3,0,1,2,A,-,10,21950,A,N,G,B,C,B,H,-,A,A,0,Y,,,,Y,,A,01,0,1,0,0,1,0,0,0,0,"- ","- ",34.070459999999997,-118.1228,"LOS ANGELES",ALHAMBRA,-118.1228,34.070459999999997
90388337,2016,2017-02-08,9535,2016-07-06,0428,017781,,3,3,3,1914,0,1,1,,2,500,"I-5 (SANTA ANA FREEWAY) N/B","GARFIELD AVENUE",254.00,N,N,B,-,Y,,,,,,,,,,N,1,1,0,3,A,-,11,21954,A,N,G,B,E,A,H,-,C,D,0,Y,,,,Y,,N,60,0,0,0,1,0,0,0,0,0,"- ","- ",33.591799999999999,-118.08168999999999,"LOS ANGELES",COMMERCE,-118.13797718000001,33.988177280000002
9038994,2020,2020-10-19,1941,2020-01-21,1819,5771,,2,5,7,1941,0,0,0,,0,,"PACIFIC COAST HWY","MARTIN LUTHER KING BL",187.00,W,N,A,-,Y,LA,7,1,-,-,5.800,H,-,S,N,4,0,1,2,A,-,03,22350,,F,C,G,A,A,H,-,C,D,0,,Y,,,Y,Y,-,,0,0,1,0,0,0,1,0,0,"- ","- ",,,"LOS ANGELES","LONG BEACH",-118.18128967285156,33.789806365966797
90390122,2016,2017-02-10,9535,2016-11-06,0346,020767,,7,3,5,1969,0,1,1,,2,074,"INTERSTATE 710 N/B (LONG BEACH FREEWAY)","LOS ANGELES RIVER",662.00,N,N,A,-,Y,,,710,,,,,,N,Y,2,0,3,5,A,-,03,22350,,N,B,C,E,A,C,-,D,D,0,Y,,,,Y,Y,A,07,2,0,1,0,3,0,0,0,0,"- ","- ",33.935949999999998,-118.17479,"LOS ANGELES","SOUTH GATE",-118.17478183,33.935937940000002
90390404,2017,2017-02-10,9590,2017-01-30,2320,021236,,1,3,7,1942,0,1,1,,2,053,"I-110 S/B (HARBOR FREEWAY)","1ST STREET U/C",400.00,N,N,A,-,Y,,,110,,,,,,S,Y,2,0,3,4,A,-,03,22350,,N,C,C,E,A,H,-,C,D,0,Y,,,,Y,,A,07,1,0,2,0,1,0,0,0,0,"- ","- ",34.05959,-118.25244000000001,"LOS ANGELES","LOS ANGELES",-118.25246605,34.05962238
90394791,2017,2017-02-16,9530,2017-02-07,1700,017666,,2,2,7,1942,0,1,1,,2,200,"I-105 E/B FROM CENTRAL AVE.","CENTRAL AVE.",0.00,,N,A,B,Y,,,105,,,,R,,E,N,3,0,1,2,A,-,10,21950,A,N,G,B,C,A,B,H,A,A,0,Y,,,,Y,,A,01,0,1,0,0,1,0,0,0,0,"- ","- ",33.927500000000002,-118.254,"LOS ANGELES","LOS ANGELES",-118.254,33.927500000000002
90396839,2017,2017-02-21,9550,2017-02-11,1304,021386,,6,1,5,1935,0,1,1,,2,652,"I-605 SB","CENTRALIA STREET",445.00,S,N,A,-,Y,,,605,,,,,,S,Y,4,0,1,3,A,-,08,22107,,N,B,C,E,A,H,-,A,D,0,Y,,,Y,Y,,A,01,0,0,1,0,1,0,0,0,0,"- ","- ",33.837440000000001,-118.08779,"LOS ANGELES",LAKEWOOD,-118.08769645,33.837493770000002
90397798,2017,2017-02-22,9575,2017-02-11,0605,019990,,6,1,7,1942,0,1,1,,2,053,"I-5 S/B (GOLDEN STATE FREEWAY)","VAN NUYS BLVD",1600.00,N,N,B,C,Y,,,5,,,,,,S,Y,2,0,4,6,A,-,03,22350,,N,C,C,E,B,H,-,D,D,0,Y,,,,Y,,A,01,2,1,1,0,3,0,0,0,0,"- ","- ",34.259950000000003,-118.43895000000001,"LOS ANGELES","LOS ANGELES",-118.43881911,34.2600859
90399503,2016,2017-02-24,9535,2016-11-02,2254,017308,,3,3,5,1948,0,1,3,,2,600,"SR-60 (POMONA FREEWAY) E/B","POMONA BOULEVARD",300.00,W,N,A,-,Y,,,60,,,,,,E,N,1,1,0,3,A,-,00,21960,A,F,G,B,E,A,H,-,C,D,0,Y,,,,Y,,N,60,0,0,0,1,0,0,0,0,0,"- ","- ",34.033949999999997,-118.14765,"LOS ANGELES","MONTEREY PARK",-118.14766566999999,34.03391826
90399620,2017,2017-02-24,9530,2017-02-14,1550,019412,,2,2,9,1900,0,3,5,,2,002,"WILMINGTON AVE (11700 BLOCK)","118TH ST.",100.00,N,N,A,-,Y,,,,,,,,,,N,3,0,1,2,A,-,11,21954,A,N,G,B,D,A,H,-,A,D,0,Y,,,,Y,,N,60,0,1,0,0,1,0,0,0,0,"- ","- ",33.553379999999997,-118.14203999999999,"LOS ANGELES",UNINCORPORATED,-118.23908,33.926244240000003
90404894,2017,2017-03-02,9535,2017-02-18,1140,021363,,6,1,5,1901,0,1,1,,2,420,"I-10 E/B TO ATLANTIC BLVD N/B OFF-RAMP","ATLANTIC BLVD",3.00,E,N,B,-,Y,,,10,,,,R,,E,N,3,0,1,2,A,-,09,21804,A,N,D,G,A,B,H,-,A,A,0,,Y,,,Y,,L,04,0,1,0,0,0,0,1,0,0,"- ","- ",34.070399999999999,-118.1343,"LOS ANGELES",ALHAMBRA,-118.1343,34.070399999999999
90405146,2017,2017-03-03,9540,2017-02-17,1320,019337,,5,1,9,1900,0,1,3,,2,147,"SR-14 S/B (ANTELOPE VALLEY FREEWAY)","ESCONDIDO CANYON ROAD",8448.00,S,N,B,C,Y,,,14,,,,,,S,Y,4,0,1,4,A,-,03,22350,,N,H,A,E,B,H,-,A,D,0,Y,,,,Y,,E,22,0,0,1,0,1,0,0,0,0,"- ","- ",34.477229999999999,-118.30282,"LOS ANGELES",UNINCORPORATED,-118.30280524,34.477200830000001
90406390,2017,2017-03-06,9575,2017-01-15,0555,020950,,7,3,6,1953,0,1,1,,2,063,"I-210 W/B (FOOTHILL FREEWAY)","ORANGE GROVE BLVD.",903.00,W,N,A,-,Y,,,210,,,,,,W,Y,1,1,0,3,A,-,11,21954,A,N,G,B,E,A,H,-,E,D,0,Y,,,,Y,Y,N,60,0,0,0,1,0,0,0,0,0,"- ","- ",34.156619999999997,-118.15788999999999,"LOS ANGELES",PASADENA,-118.15794372000001,34.156603959999998
90406417,2016,2017-03-06,9575,2016-12-03,0500,020950,,6,3,7,1942,0,1,1,,2,053,"I-5 N/B (GOLDEN STATE FREEWAY)","TERRA BELLA STREET",100.00,N,N,A,G,Y,,,5,,,,,,N,N,1,1,0,3,A,-,11,21954,A,F,G,B,E,A,H,-,D,A,0,Y,,,,Y,,N,60,0,0,0,1,0,0,0,0,0,"- ","- ",34.25168,-118.42963,"LOS ANGELES","LOS ANGELES",-118.42963863,34.251671039999998
9040672,2020,2020-09-25,1941,2020-01-27,1530,11249,,1,5,7,1941,0,0,0,,0,,"PACIFIC COAST HWY","LOMA AV",20.00,E,N,A,-,Y,LA,7,1,-,-,4.011,I,6,S,N,4,0,1,2,A,-,10,21950,A,N,G,B,C,A,H,-,A,D,0,Y,,,,Y,,A,,0,0,1,0,1,0,0,0,0,"- ","- ",,,"LOS ANGELES","LONG BEACH",-118.15031433105469,33.789798736572266
9040710,2020,2020-09-25,1942,2020-01-28,1720,41826,0503,2,5,7,1942,0,0,0,E,0,5A18,"PACIFIC COAST HWY","RT 110",10.00,N,N,A,-,Y,LA,7,110,-,-,4.238,R,1,S,Y,3,0,1,2,A,-,10,21950,A,N,G,G,A,A,H,-,C,A,0,,Y,,,Y,,A,01,0,1,0,0,0,0,1,0,0,"- ",SF,,,"LOS ANGELES","LOS ANGELES",-118.28331756591797,33.792881011962891
90407255,2016,2017-03-07,9580,2016-05-25,2110,020345,,3,2,9,1900,0,1,3,,1,271,"SR-27 N/B (TOPANGA CYN. BLVD.)","BROOKSIDE DR",470.00,N,N,A,-,Y,,,27,,,,,,N,N,4,0,1,2,A,-,03,22350,,N,G,B,E,A,H,-,D,D,0,Y,,,,Y,,A,01,0,0,1,0,1,0,0,0,0,"- ","- ",34.049019999999999,-118.58028,"LOS ANGELES",UNINCORPORATED,-118.58030908000001,34.049032680000003
90407933,2017,2017-03-08,9525,2017-02-26,0303,020891,,7,3,6,1955,0,1,1,,2,110,"I-10 E/B (SAN BERNARDINO FWY)","TOWNE AVE",3960.00,E,N,C,-,Y,,,10,,,,,,E,Y,3,0,1,5,A,-,03,22350,,N,D,C,E,B,H,-,C,D,0,Y,,,,Y,,A,01,0,1,0,0,1,0,0,0,0,"- ","- ",34.081440000000001,-117.73090000000001,"LOS ANGELES",POMONA,-117.7309008,34.081489820000002
9040976,2020,2020-10-19,1900,2020-01-07,1750,517022,0453,2,5,6,1949,0,0,0,,0,43T1PM,"HOXIE AV","RT 105",0.00,,Y,A,-,Y,LA,7,105,-,R,17.993,R,4,E,N,4,0,1,2,A,-,09,21801,A,M,D,G,A,A,H,-,C,D,0,,Y,,,Y,,A,01,0,0,1,0,0,0,1,0,0,"- ","- ",,,"LOS ANGELES",NORWALK,-118.10195159912109,33.914234161376953
90410031,2017,2017-03-10,9590,2017-03-03,1150,021201,,5,1,7,1942,0,1,3,,2,094,"SR-2 E/B (GLF) FROM GLENDALE BLVD.","GLENDALE BLVD.",70.00,N,N,A,-,Y,,,2,,,,R,,E,N,3,0,1,2,A,-,11,21954,A,N,G,B,E,A,H,-,A,D,0,Y,,,,Y,,N,60,0,1,0,0,1,0,0,0,0,"- ","- ",34.091320000000003,-118.25814,"LOS ANGELES","LOS ANGELES",-118.25814,34.091320000000003
90410637,2016,2017-03-13,9525,2016-12-01,2310,015988,,4,3,6,1955,0,1,1,,2,109,"I-10 WESTBOUND (SAN BERNARDINO FREEWAY)","TOWNE AVENUE",3.00,W,N,A,-,Y,,,10,,,,,,W,Y,1,1,0,2,A,-,11,21954,A,N,G,B,E,A,H,-,D,D,0,Y,,,,Y,,N,60,0,0,0,1,0,0,0,0,0,"- ","- ",34.078400000000002,-117.7414,"LOS ANGELES",POMONA,-117.74140389999999,34.078409229999998
90411154,2017,2017-03-13,9565,2017-03-12,0440,021118,,7,3,4,1918,0,1,1,,2,061,"SR-90 E/B (MARINA FREEWAY) TO I-405 S/B","SEPULVEDA BLVD",820.00,N,N,A,-,Y,,,,,,,,,,Y,2,0,2,3,A,-,01,23152,A,N,C,E,E,A,H,-,C,D,0,Y,,,,Y,Y,A,01,1,0,1,0,1,0,0,0,0,"- ","- ",33.983800000000002,-118.39637,"LOS ANGELES","CULVER CITY",-118.39568,33.987380000000002
90413578,2017,2017-03-22,9575,2017-03-09,1906,021283,,4,2,7,1942,0,1,1,,2,052,"I-5 N/B (GOLDEN STATE FREEWAY)","SUNLAND BLVD.",400.00,S,N,A,-,Y,,,5,,,,,,N,Y,2,0,1,2,A,-,11,21954,A,N,G,B,E,A,H,-,C,D,0,Y,,,,Y,,N,60,1,0,0,0,1,0,0,0,0,"- ","- ",34.221890000000002,-118.36505,"LOS ANGELES","LOS ANGELES",-118.36504185,34.222027580000002
90413597,2017,2017-03-16,9575,2017-03-09,1907,021283,,4,2,7,1942,0,1,1,,2,052,"I-5 S/B (GOLDEN STATE FREEWAY)","SUNLAND BLVD.",395.00,S,N,A,-,Y,,,5,,,,,,S,Y,3,0,1,2,A,-,11,21954,A,N,G,B,E,A,H,-,D,D,0,Y,,,,Y,,N,60,0,1,0,0,1,0,0,0,0,"- ","- ",34.221890000000002,-118.36505,"LOS ANGELES","LOS ANGELES",-118.36505286000001,34.221841570000002
90414045,2017,2017-03-16,9580,2017-03-09,0858,015348,,4,1,9,1900,0,1,3,,1,120,"SR-1 S/B (PACIFIC COAST HWY.)","SR-27 (TOPANGA CYN BLVD.)",1584.00,S,N,A,-,Y,,,1,,,,,,S,N,3,0,1,2,B,-,22,,,N,D,G,A,A,H,-,A,D,0,,Y,,Y,Y,,L,04,0,1,0,0,0,0,1,0,0,"- ","- ",34.039969999999997,-118.57624,"LOS ANGELES",UNINCORPORATED,-118.57623393999999,34.03992822
90416434,2017,2017-03-21,9540,2017-03-05,0455,020862,,7,3,9,1900,0,1,1,,2,510,"I-5 N/B (GOLDEN STATE FREEWAY)","OSITIO CANYON",2112.00,S,N,B,-,Y,,,5,,,,,,N,Y,1,1,0,2,A,-,11,21954,A,N,G,B,D,A,H,-,D,D,0,Y,,,,Y,,N,60,0,0,0,1,0,0,0,0,0,"- ","- ",34.614040000000003,-118.71326000000001,"LOS ANGELES",UNINCORPORATED,-118.71331687999999,34.6140094
90420369,2017,2017-05-17,9580,2017-03-11,1510,020462,,6,2,9,1900,0,1,3,,1,120,"SR-1 S/B (PACIFIC COAST HWY.)","SR-27 (TOPANGA CANYON BLVD.)",1000.00,N,N,A,-,Y,,,1,,,,,,S,N,3,0,1,2,A,-,03,22350,,N,D,G,A,A,H,-,A,D,0,,Y,,,Y,,L,04,0,1,0,0,0,0,1,0,0,"- ","- ",34.038719999999998,-118.58512,"LOS ANGELES",UNINCORPORATED,-118.58512005,34.038725759999998
90422290,2017,2017-03-28,9540,2017-03-18,2115,021464,,6,2,7,1942,0,1,1,,2,213,"I-210 E/B (FOOTHILL FREEWAY)","HUBBARD ST",1361.00,S,N,A,-,Y,,,210,,,,,,E,N,3,0,1,2,A,-,11,21954,A,N,G,B,E,A,H,-,C,D,0,Y,,,,Y,,N,60,0,1,0,0,1,0,0,0,0,"- ","- ",34.310830000000003,-118.43259,"LOS ANGELES","LOS ANGELES",-118.43261325,34.310799170000003
90424785,2017,2017-03-30,9550,2017-03-27,0820,021269,,1,1,9,1900,0,1,1,,2,650,"I-605 S/B TO WASHINGTON BLVD","WASHINGTON BOULEVARD",15.00,N,N,A,-,Y,,,605,,,,R,,S,N,4,0,1,2,A,-,08,22107,,N,H,G,A,A,H,-,A,A,0,,Y,,,Y,,L,04,0,0,1,0,0,0,1,0,0,"- ","- ",33.974890000000002,-118.08159999999999,"LOS ANGELES",UNINCORPORATED,-118.08159999999999,33.974890000000002
90428320,2017,2017-04-05,9580,2017-03-23,1057,015348,,4,1,9,1900,0,1,3,,1,120,"SR-1 S/B (PACIFIC COAST HWY.)","COASTLINE DRIVE",528.00,N,N,A,-,Y,,,1,,,,,,S,N,4,0,1,2,A,-,09,21804,A,N,D,G,A,A,H,-,A,D,0,,Y,,,Y,,L,04,0,0,1,0,0,0,1,0,0,"- ","- ",34.04186,-118.56788,"LOS ANGELES",UNINCORPORATED,-118.56788573999999,34.0418144
90429123,2016,2017-04-06,9540,2016-11-05,0556,019317,,6,3,7,1942,0,1,1,,1,502,"I-5(N/B)(GOLDEN STATE FREEWAY)","BALBOA BOULEVARD",2640.00,N,N,A,-,Y,,,5,,,,,,,Y,1,1,6,8,A,-,03,22350,,N,C,C,E,A,H,-,D,D,0,Y,,,,Y,,A,07,2,2,2,1,1,0,0,0,0,"- ","- ",34.326450000000001,-118.50387000000001,"LOS ANGELES","LOS ANGELES",-118.50401709,34.32634788
90431686,2016,2017-04-12,9565,2016-09-16,0122,021151,,5,3,5,1928,0,1,1,,2,060,"INTERSTATE-405 N/B (SAN DIEGO FWY)","EL SEGUNDO BLVD.",1075.00,S,N,A,-,Y,,,405,,,,,,N,N,1,1,0,2,A,-,00,21960,A,N,G,B,E,A,H,-,D,D,0,Y,,,,Y,Y,N,60,0,0,0,1,0,0,0,0,0,"- ","- ",33.913310000000003,-118.37033,"LOS ANGELES",HAWTHORNE,-118.3702962,33.913309529999999
90432989,2017,2017-04-12,9580,2017-04-02,2010,021607,,7,2,3,1994,0,1,2,,2,107,"US-101 S/B TO LOST HILLS RD.","LOST HILLS RD.",330.00,N,N,A,-,Y,,,,,,,,,,Y,2,0,3,4,A,-,03,22350,,N,C,C,E,A,H,-,C,D,0,Y,,,,Y,,A,01,1,0,2,0,1,0,0,0,0,"- ","- ",34.140000000000001,-118.71080000000001,"LOS ANGELES","AGOURA HILLS",-118.70857345,34.141143399999997
90433093,2017,2017-04-12,9550,2017-03-30,1645,020533,,4,2,9,1900,0,1,1,,2,650,"I-605 S/B TO SLAUSON AVENUE","SLAUSON AVENUE",10.00,N,N,A,-,Y,,,605,,,,R,,S,N,3,0,1,2,A,-,12,21453,A,N,G,B,B,A,H,-,A,A,0,Y,,,Y,Y,,F,26,0,1,0,0,1,0,0,0,0,"- ","- ",33.967390000000002,-118.08393,"LOS ANGELES",UNINCORPORATED,-118.08393,33.967390000000002
90434091,2017,2017-04-13,9530,2017-04-05,0530,021528,,3,3,7,1942,0,1,1,,2,110,"I-110 FROM EL SEGUNDO BLVD","EL SEGUNDO BLVD.",0.00,,Y,A,-,Y,,,,,,,,,,N,3,0,1,2,A,-,10,21950,A,F,G,B,B,A,H,-,C,A,0,Y,,,,Y,,-,99,0,1,0,0,1,0,0,0,0,"- ","- ",33.545870000000001,-118.175,"LOS ANGELES","LOS ANGELES",-118.28607009,33.916420029999998
90434296,2017,2017-04-14,9525,2017-04-01,0248,020572,,6,3,5,1990,0,1,3,,2,604,"SR-60 E/B (POMONA FWY)","DIAMOND BAR BLVD.",528.00,W,N,A,-,Y,,,60,,,,,,E,Y,4,0,1,4,A,-,07,21658,A,N,B,C,E,A,H,-,D,D,0,Y,,,Y,Y,,G,25,0,0,1,0,1,0,0,0,0,"- ","- ",34.019939999999998,-117.81485000000001,"LOS ANGELES","DIAMOND BAR",-117.81490432,34.019980699999998
90434801,2017,2017-04-17,9565,2017-04-05,1030,017574,,3,1,5,1965,0,1,1,,2,081,"I-10 WESTBOUND TO 4TH ST","4TH STREET",4.00,W,N,A,-,Y,,,,,,,,,,N,4,0,1,2,A,-,11,21456,B,F,G,B,B,A,H,-,A,A,0,Y,,,,Y,,N,60,0,0,1,0,1,0,0,0,0,"- ","- ",34.012,-118.48999999999999,"LOS ANGELES","SANTA MONICA",-118.49066999999999,34.01258
90435309,2017,2017-04-17,9530,2017-04-01,0005,020699,,6,3,7,1942,0,1,1,,2,120,"I-110 SB","LOMITA BLVD.",535.00,S,N,A,-,Y,,,110,,,,,,S,Y,2,0,2,4,A,-,03,22350,,N,C,C,E,A,H,-,C,D,0,Y,,,,Y,,A,07,2,0,0,0,2,0,0,0,0,"- ","- ",33.796849999999999,-118.28606000000001,"LOS ANGELES","LOS ANGELES",-118.28605146,33.796857940000002
90439214,2017,2017-04-21,9550,2017-04-09,0515,020594,,7,3,6,1949,0,1,1,,2,501,"I-5 N/B","ROSECRANS AVE.",268.00,S,N,A,-,Y,,,5,,,,,,N,Y,2,0,1,3,A,-,03,22350,,N,C,C,E,A,H,-,C,D,0,Y,,,Y,Y,,G,25,1,0,0,0,1,0,0,0,0,"- ","- ",33.901730000000001,-118.06119,"LOS ANGELES",NORWALK,-118.06097099,33.902021070000004
90439234,2017,2017-04-21,9590,2017-03-29,2217,018529,,3,3,7,1942,0,1,2,,2,073,"US-101 SOUTHBOUND (HOLLYWOOD FREEWAY)","FOUNTAIN AVENUE",252.00,S,N,B,-,Y,,,101,,,,,,S,Y,1,1,0,3,A,-,11,21954,A,N,G,B,E,A,H,-,C,D,0,Y,,,,Y,,N,60,0,0,0,1,0,0,0,0,0,"- ","- ",34.094340000000003,-118.31031,"LOS ANGELES","LOS ANGELES",-118.31032519999999,34.094315940000001
90439240,2016,2017-06-15,9550,2016-11-26,0113,020959,,6,3,5,1935,0,1,1,,2,653,"INTERSTATE 605 NORTHBOUND","CARSON STREET",2756.00,S,N,A,-,Y,,,,,,,,,,Y,1,1,2,3,A,-,03,22350,,N,D,C,E,A,H,-,D,D,0,Y,,,,Y,,A,01,1,0,1,1,0,0,0,0,0,"- ","- ",33.823999999999998,-118.08150999999999,"LOS ANGELES",LAKEWOOD,-118.08394,33.831380000000003
90441497,2017,2017-04-25,9525,2017-04-16,1845,021080,,7,2,9,1900,0,3,5,,2,003,"FAIRGROVE AVE (15000 BLOCK)","AILERON AVE",201.00,E,N,A,-,Y,,,,,,,,,,N,3,0,1,2,A,-,08,22107,,F,G,G,A,A,H,-,A,D,0,,Y,,,Y,,A,07,0,1,0,0,0,0,1,0,0,"- ","- ",34.041490000000003,-117.93989000000001,"LOS ANGELES",UNINCORPORATED,-117.93967996000001,34.041468139999999
90442431,2017,2017-04-26,9545,2017-04-15,0645,018862,,6,1,9,1900,0,1,3,,1,042,"STATE ROUTE 138","85TH ST  E",0.00,,Y,A,-,Y,,,138,,,,,,,N,4,0,1,2,A,-,09,21801,A,N,D,G,A,A,H,-,A,D,0,,Y,,,Y,,D,22,0,0,1,0,0,0,1,0,0,"- ","- ",34.521180000000001,-117.97928,"LOS ANGELES",UNINCORPORATED,-117.97928007,34.521132880000003
90445061,2017,2017-04-28,9530,2017-04-16,1945,020583,,7,2,9,1900,0,3,5,,2,001,"SLAUSON AVE (1800 BLOCK)","HOLMES AVE.",10.00,E,N,A,-,Y,,,,,,,,,,N,4,0,1,2,A,-,11,21456,B,N,G,B,B,A,H,-,C,A,0,Y,,,,Y,,N,60,0,0,1,0,1,0,0,0,0,"- ","- ",33.989310000000003,-118.24099,"LOS ANGELES",UNINCORPORATED,-118.24115707999999,33.989549699999998
9044768,2020,2020-10-19,1970,2020-01-14,1204,169,2,2,5,4,1970,0,0,0,,0,002,"RT 110","FAIR OAKS AV",10.00,W,N,A,-,Y,LA,7,110,-,-,31.109,R,1,N,N,4,0,1,2,A,-,10,21950,A,N,G,B,B,A,H,-,A,A,0,Y,,,,Y,,A,07,0,0,1,0,1,0,0,0,0,"- ","- ",,,"LOS ANGELES","SOUTH PASADENA",-118.15154266357422,34.119159698486328
90448154,2017,2017-05-03,9530,2017-04-27,0720,018745,,4,1,4,1939,0,1,1,,2,400,"I-405 N/B FROM HAWTHORNE BLVD.","HAWTHORNE BLVD.",13.00,E,N,B,-,Y,,,405,,,,R,,N,N,4,0,1,2,A,-,05,21650,,N,B,G,A,A,H,-,A,A,0,,Y,,,Y,,L,04,0,0,1,0,0,0,1,0,0,"- ","- ",33.884970000000003,-118.3523,"LOS ANGELES",LAWNDALE,-118.3523,33.884970000000003
9044869,2020,2020-09-25,1941,2020-01-24,1801,5617,,5,5,7,1941,0,0,0,,0,,PCH,"MARTIN LUTHER KING JR BL",0.00,,Y,E,-,Y,LA,7,1,-,-,5.761,I,5,S,Y,2,0,1,4,A,-,12,21453,A,F,D,B,B,A,H,-,C,A,0,Y,,,,Y,Y,A,,1,0,0,0,1,0,0,0,0,"- ","- ",,,"LOS ANGELES","LONG BEACH",-118.18059539794922,33.789806365966797
90448766,2017,2017-05-04,9580,2017-04-22,0114,020832,,6,3,7,1942,0,1,2,,2,100,"US-101 N/B (VENTURA FREEWAY)","COLDWATER CANYON AVE",1000.00,N,N,A,-,Y,,,101,,,,,,N,Y,2,0,1,5,A,-,03,22350,,N,C,C,E,A,H,-,D,D,0,Y,,,,Y,Y,D,22,1,0,0,0,1,0,0,0,0,"- ","- ",34.156820000000003,-118.41706000000001,"LOS ANGELES","LOS ANGELES",-118.41705989,34.156845420000003
9044877,2020,2020-09-25,1941,2020-01-11,2023,10772,,6,5,7,1941,0,0,0,,0,,PCH,"LEWIS AV",14.00,N,N,A,-,Y,LA,7,1,-,-,5.710,H,-,S,Y,2,0,1,2,A,-,11,21954,A,N,-,B,D,A,H,-,C,D,0,Y,,,,Y,,N,,1,0,0,0,1,0,0,0,0,"- ","- ",,,"LOS ANGELES","LONG BEACH",-118.1796875,33.789806365966797
9044898,2020,2020-09-25,1942,2020-01-11,1315,38257,OLYMP,6,5,7,1942,0,0,0,,0,2093,NORMANDIE,"RT 10",0.00,,Y,A,-,Y,LA,7,10,-,R,13.198,R,3,W,N,4,0,1,2,A,-,10,21950,A,N,G,B,B,A,H,-,A,A,0,Y,,,,Y,,A,01,0,0,1,0,1,0,0,0,0,"- ","- ",,,"LOS ANGELES","LOS ANGELES",-118.30243682861328,34.037189483642578