CASE_ID,ACCIDENT_YEAR,PROC_DATE,JURIS,COLLISION_DATE,COLLISION_TIME,OFFICER_ID,REPORTING_DISTRICT,DAY_OF_WEEK,CHP_SHIFT,POPULATION,CNTY_CITY_LOC,SPECIAL_COND,BEAT_TYPE,CHP_BEAT_TYPE,CITY_DIVISION_LAPD,CHP_BEAT_CLASS,BEAT_NUMBER,PRIMARY_RD,SECONDARY_RD,DISTANCE,DIRECTION,INTERSECTION,WEATHER_1,WEATHER_2,STATE_HWY_IND,CALTRANS_COUNTY,CALTRANS_DISTRICT,STATE_ROUTE,ROUTE_SUFFIX,POSTMILE_PREFIX,POSTMILE,LOCATION_TYPE,RAMP_INTERSECTION,SIDE_OF_HWY,TOW_AWAY,COLLISION_SEVERITY,NUMBER_KILLED,NUMBER_INJURED,PARTY_COUNT,PRIMARY_COLL_FACTOR,PCF_CODE_OF_VIOL,PCF_VIOL_CATEGORY,PCF_VIOLATION,PCF_VIOL_SUBSECTION,HIT_AND_RUN,TYPE_OF_COLLISION,MVIW,PED_ACTION,ROAD_SURFACE,ROAD_COND_1,ROAD_COND_2,LIGHTING,CONTROL_DEVICE,CHP_ROAD_TYPE,PEDESTRIAN_ACCIDENT,BICYCLE_ACCIDENT,MOTORCYCLE_ACCIDENT,TRUCK_ACCIDENT,NOT_PRIVATE_PROPERTY,ALCOHOL_INVOLVED,STWD_VEHTYPE_AT_FAULT,CHP_VEHTYPE_AT_FAULT,COUNT_SEVERE_INJ,COUNT_VISIBLE_INJ,COUNT_COMPLAINT_PAIN,COUNT_PED_KILLED,COUNT_PED_INJURED,COUNT_BICYCLIST_KILLED,COUNT_BICYCLIST_INJURED,COUNT_MC_KILLED,COUNT_MC_INJURED,PRIMARY_RAMP,SECONDARY_RAMP,LATITUDE,LONGITUDE,COUNTY,CITY,POINT_X,POINT_Y
9044957,2020,2020-11-03,1972,2020-02-05,1732,21737,,3,5,6,1972,0,0,0,,0,,"208TH ST",WESTERN,0.00,,Y,A,-,Y,LA,7,213,-,-,8.731,I,6,S,N,4,0,1,2,A,-,09,21804,A,N,G,G,A,A,H,-,B,A,0,,Y,,,Y,,L,,0,0,1,0,0,0,1,0,0,"- ","- ",,,"LOS ANGELES",TORRANCE,-118.30929565429688,33.842205047607422
9044966,2020,2020-09-25,1942,2020-01-31,1530,43902,0503,5,5,7,1942,0,0,0,E,0,5A26,"PACIFIC COAST HWY","RT 110",4.00,E,N,A,-,Y,LA,7,110,-,-,3.925,R,3,S,N,3,0,1,2,A,-,08,22107,,N,H,G,A,A,H,-,A,A,0,,Y,,,Y,,A,01,0,1,0,0,0,0,1,0,0,"- ",SO,,,"LOS ANGELES","LOS ANGELES",-118.28169250488281,33.788631439208984
9045005,2020,2020-09-25,1976,2020-01-04,2220,269,,6,5,5,1976,0,0,0,,0,003,"COLIMA RD","RT 72",13.00,N,N,A,-,Y,LA,7,72,-,-,1.853,I,6,N,Y,4,0,1,2,A,-,01,23152,A,F,G,B,B,A,H,-,C,A,0,Y,,,,Y,Y,A,01,0,0,1,0,1,0,0,0,0,"- ","- ",,,"LOS ANGELES",WHITTIER,-118.00645446777344,33.948848724365234
90453511,2016,2017-05-10,9535,2016-12-19,2155,017781,,1,2,5,1901,0,1,1,,2,420,"I-10 (SAN BERNARDINO FREEWAY) E/B","GARFIELD AVE.",330.00,W,N,A,-,Y,,,10,,,,,,E,N,1,1,0,3,A,-,11,21954,A,M,G,B,E,A,H,-,C,D,0,Y,,,,Y,,N,60,0,0,0,1,0,0,0,0,0,"- ","- ",34.071510000000004,-118.1234,"LOS ANGELES",ALHAMBRA,-118.12339923,34.071450919999997
90453712,2017,2017-05-11,9580,2017-04-27,1145,020619,,4,1,7,1942,0,1,3,,2,171,"SR-170 S/B TO VICTORY BL E/B","VICTORY BLVD",5.00,S,N,A,-,Y,,,170,,,,R,,S,N,4,0,2,3,A,-,12,22450,A,N,D,G,A,A,H,-,A,A,0,,Y,,,Y,,A,01,0,0,2,0,0,0,2,0,0,"- ","- ",34.186590000000002,-118.40234,"LOS ANGELES","LOS ANGELES",-118.40234,34.186590000000002
90453918,2016,2017-05-11,9580,2016-11-29,1805,019544,,2,2,7,1942,0,1,1,,2,407,"I-405 S/B (SAN DIEGO FWY)","RAYMER STREET OVERHEAD",194.00,S,N,A,-,Y,,,405,,,,,,S,Y,1,1,3,4,A,-,08,22107,,N,E,I,F,A,H,-,D,D,0,Y,,,,Y,,A,01,2,0,1,1,2,0,0,0,0,"- ","- ",34.216180000000001,-118.47341,"LOS ANGELES","LOS ANGELES",-118.47337036,34.216179609999998
90455388,2017,2017-05-15,9550,2017-05-13,0310,021405,,6,3,6,1949,0,1,1,,2,501,"INTERSTATE 5 (SANTA ANA FREEWAY)","SHOEMAKER AVENUE",155.00,N,N,A,-,Y,,,5,,,,,,,N,4,0,1,2,A,-,08,22107,,F,G,B,E,A,H,-,D,D,0,Y,,,,Y,,A,01,0,0,1,0,1,0,0,0,0,"- ","- ",33.899259999999998,-118.05629,"LOS ANGELES",NORWALK,-118.05641104999999,33.89903743
90456311,2017,2017-05-16,9525,2017-05-14,1633,021393,,7,2,5,1906,0,1,1,,2,103,"I-10 W/B (SAN BERNARDINO FWY)","FRAZIER ST.",1300.00,E,N,A,-,Y,,,10,,,,,,W,Y,2,0,3,5,A,-,01,23152,A,N,C,E,E,A,H,-,A,D,0,Y,,,,Y,Y,A,01,2,0,1,0,2,0,0,0,0,"- ","- ",34.067019999999999,-117.98650000000001,"LOS ANGELES","BALDWIN PARK",-117.98649516,34.066983710000002
90457083,2017,2019-05-02,9590,2017-01-29,0617,021264,,7,1,7,1942,0,1,1,,2,080,"I-5 N/B (GOLDEN STATE FREEWAY)","I-10 E/B (SMF) TO BOYLE AVENUE",48.00,N,N,A,-,Y,,,5,,,,,,N,N,1,1,0,5,C,-,18,,,N,G,B,E,A,H,-,C,D,0,Y,,,,Y,,-,"- ",0,0,0,1,0,0,0,0,0,"- ","- ",34.034590000000001,-118.22002999999999,"LOS ANGELES","LOS ANGELES",-118.22039488,34.034725770000001
90457210,2017,2017-05-16,9590,2017-01-29,0616,021264,,7,1,7,1942,0,1,1,,2,080,"I-5 N/B (GOLDEN STATE FREEWAY)","I-10 E/B (SMF) TO BOYLE AVENUE",3.00,S,N,A,-,Y,,,5,,,,,,N,N,2,0,1,2,A,-,11,21954,A,N,G,B,E,A,H,-,C,D,0,Y,,,,Y,,N,60,1,0,0,0,1,0,0,0,0,"- ","- ",34.034590000000001,-118.22002999999999,"LOS ANGELES","LOS ANGELES",-118.22039488,34.034725770000001
90459575,2017,2018-11-19,9580,2017-05-13,1445,020836,,6,2,9,1900,0,3,5,,1,010,"TUNA CANYON RD","LAS FLORES HEIGHTS RD",100.00,S,N,A,-,Y,,,,,,,,,,N,2,0,1,2,A,-,11,21954,A,N,G,B,E,A,H,-,A,D,0,Y,,,,Y,,N,60,1,0,0,0,1,0,0,0,0,"- ","- ",34.066020000000002,-118.61717,"LOS ANGELES",UNINCORPORATED,-118.61716273,34.06599551
90459707,2017,2017-05-19,9545,2017-05-13,1715,017305,,6,2,6,1992,0,1,3,,2,011,"SR-14 N/B FROM AVENUE K W/B","AVENUE K",14.00,N,N,A,-,Y,,,14,,,,R,,N,N,2,0,1,2,A,-,05,21650,,N,G,G,A,A,H,-,A,D,0,,Y,,,Y,,L,04,1,0,0,0,0,0,1,0,0,"- ","- ",34.675089999999997,-118.15709,"LOS ANGELES",LANCASTER,-118.15709,34.675089999999997
90459708,2017,2017-05-19,9535,2017-01-28,0316,021515,,6,3,9,1900,0,1,3,,2,621,"SR-60 W/B (POMONA FREEWAY)","SANTA ANITA AVENUE",1650.00,W,N,A,-,Y,,,60,,,,,,W,N,1,1,0,2,A,-,00,21960,A,N,G,B,E,A,H,-,C,D,0,Y,,,Y,Y,,N,60,0,0,0,1,0,0,0,0,0,"- ","- ",34.040999999999997,-118.06399999999999,"LOS ANGELES",UNINCORPORATED,-118.0640008,34.041395870000002
90460655,2017,2017-05-22,9525,2017-05-15,0610,020951,,1,1,5,1990,0,1,3,,2,601,"SR-60 W/B TO BREA CANYON ROAD","BREA CANYON RD.",7.00,E,N,A,-,Y,,,60,,,,R,,W,N,4,0,1,2,A,-,10,21950,A,N,G,B,B,A,H,-,A,A,0,Y,,,,Y,,A,07,0,0,1,0,1,0,0,0,0,"- ","- ",34.001280000000001,-117.84517,"LOS ANGELES","DIAMOND BAR",-117.84517,34.001280000000001
90462725,2017,2017-05-24,9530,2017-05-12,1035,021582,,5,1,7,1942,0,1,1,,2,120,"I-110 S/B TO PACIFIC COAST HIGHWAY","PACIFIC COAST HWY.",8.00,N,N,A,-,Y,,,110,,,,R,,S,N,3,0,1,2,A,-,09,21804,A,N,D,G,A,A,H,-,A,A,0,,Y,,,Y,,L,04,0,1,0,0,0,0,1,0,0,"- ","- ",33.790700000000001,-118.28283,"LOS ANGELES","LOS ANGELES",-118.28283,33.790700000000001
90466204,2017,2017-05-29,9550,2017-05-20,1834,021410,,6,2,6,1949,0,1,1,,2,652,"I-605 (SAN GABRIEL RIVER FREEWAY) N/B","ALONDRA BLVD",5.00,N,N,A,-,Y,,,605,,,,,,N,N,3,0,1,2,A,-,05,21650,,N,G,G,A,A,H,-,A,D,0,,Y,,,Y,,L,04,0,1,0,0,0,0,1,0,0,"- ","- ",33.887650000000001,-118.10375999999999,"LOS ANGELES",NORWALK,-118.10426570999999,33.887627250000001
90466575,2017,2017-05-30,9540,2017-05-23,0140,021464,,2,3,9,1900,0,1,1,,2,512,"I-5 N/B (GOLDEN STATE FREEWAY)","VISTA DEL LAGO ROAD",6864.00,N,N,A,-,Y,,,5,,,,,,N,Y,4,0,1,3,A,-,08,22107,,N,C,E,E,A,H,-,D,D,0,Y,,,Y,Y,,G,25,0,0,1,0,1,0,0,0,0,"- ","- ",34.680970000000002,-118.78004,"LOS ANGELES",UNINCORPORATED,-118.78011709,34.680910390000001
90467295,2017,2017-05-30,9590,2017-01-21,0509,021317,,6,3,7,1942,0,1,3,,2,095,"SR-2 WESTBOUND (GLENDALE FREEWAY)","ROUND TOP DRIVE",403.00,E,N,A,-,Y,,,2,,,,,,W,N,1,1,0,2,A,-,11,21954,A,N,G,B,E,A,H,-,D,D,0,Y,,,,Y,,N,60,0,0,0,1,0,0,0,0,0,"- ","- ",34.133270000000003,-118.22975,"LOS ANGELES","LOS ANGELES",-118.22966409999999,34.133279170000002
90467814,2016,2017-05-31,9580,2016-06-05,2055,020396,,7,2,3,1989,0,1,2,,2,106,"US-101 N/B FROM LAS VIRGENES ROAD","LAS VIRGENES RD",8.00,N,N,A,-,Y,,,101,,,,R,,N,N,1,1,1,3,A,-,10,21950,A,F,G,B,B,A,H,-,C,A,0,Y,,,,Y,,D,22,1,0,0,1,1,0,0,0,0,"- ","- ",34.149450000000002,-118.69808999999999,"LOS ANGELES",CALABASAS,-118.69808999999999,34.149450000000002
90467841,2017,2017-05-31,9540,2017-05-24,1555,020504,,3,2,9,1900,0,1,1,,2,507,"I-5 S/B TO VALENCIA BLVD.","VALENCIA BLVD",4.00,N,N,A,-,Y,,,5,,,,R,,S,N,3,0,1,2,A,-,05,21650,,N,H,G,A,A,H,-,A,A,0,,Y,,,Y,,L,04,0,1,0,0,0,0,1,0,0,"- ","- ",34.40793,-118.57781,"LOS ANGELES",UNINCORPORATED,-118.57781,34.40793
90471940,2016,2018-09-26,9590,2016-10-02,0327,021236,,7,3,7,1942,0,1,1,,2,053,"I-110 SOUTHBOUND (HARBOR FREEWAY)","WASHINGTON BOULEVARD U/C",25.00,S,N,A,-,Y,,,110,,,,,,S,Y,1,1,1,3,A,-,01,23152,A,N,B,C,E,A,H,-,C,D,0,Y,,,,Y,Y,A,01,0,1,0,1,0,0,0,0,0,"- ","- ",34.034990000000001,-118.27454,"LOS ANGELES","LOS ANGELES",-118.27456537,34.034993620000002
90474058,2017,2017-07-11,9590,2017-06-08,0050,020527,,4,3,7,1942,0,1,2,,2,072,"US-101 N/B (HOLLYWOOD FREEWAY)","LANKERSHIM BLVD.",1700.00,S,N,C,-,Y,,,101,,,,,,N,N,2,0,1,2,A,-,11,21954,A,N,G,B,E,B,H,-,C,D,0,Y,,,,Y,,N,60,1,0,0,0,1,0,0,0,0,"- ","- ",34.134999999999998,-118.35813,"LOS ANGELES","LOS ANGELES",-118.35814825999999,34.134943640000003
90474263,2017,2017-06-09,9535,2017-05-14,2055,021505,,7,2,4,1907,0,1,1,,2,072,"I-710 NB FROM FLORENCE AVE.","FLORENCE AVE",20.00,N,N,A,-,Y,,,,,,,,,,N,4,0,1,2,A,-,09,21804,A,N,D,G,A,A,H,-,C,D,0,,Y,,,Y,,L,04,0,0,1,0,0,0,1,0,0,"- ","- ",33.949599999999997,-118.16827000000001,"LOS ANGELES",BELL,-118.16767283,33.968214519999997
90474915,2017,2017-06-09,9575,2017-05-24,1800,020620,,3,2,6,1953,0,1,1,,2,065,"I-210 W/B FROM SIERRA MADRE VILLA AVE.","SIERRA MADRE VILLA AVE.",8.00,W,N,A,-,Y,,,210,,,,R,,W,N,4,0,1,2,A,-,03,22350,,N,G,B,B,A,H,-,A,A,0,Y,,,,Y,,A,01,0,0,1,0,1,0,0,0,0,"- ","- ",34.148249999999997,-118.08241,"LOS ANGELES",PASADENA,-118.08241,34.148249999999997
90475970,2017,2017-06-12,9590,2017-05-07,0340,021671,,7,3,7,1942,0,1,2,,2,073,"US 101 S/B (HOLLYWOOD FREEWAY)","HELIOTROPE DR.",210.00,N,N,A,-,Y,,,,,,,,,,Y,4,0,1,4,A,-,03,22350,,N,A,C,E,B,C,-,C,D,0,Y,,,,Y,,A,01,0,0,1,0,1,0,0,0,0,"- ","- ",34.081510000000002,-118.29583,"LOS ANGELES","LOS ANGELES",-118.29588585,34.081499530000002
90476490,2017,2017-06-13,9540,2017-06-06,0445,021308,,2,3,9,1900,0,1,1,,2,508,"I-5 N/B (GOLDEN STATE FREEWAY)","LOWER CROSS",5280.00,N,N,A,-,Y,,,5,,,,,,N,Y,2,0,1,3,A,-,08,22107,,F,G,B,E,A,H,-,D,D,0,Y,,,,Y,,-,99,1,0,0,0,1,0,0,0,0,"- ","- ",34.511969999999998,-118.63563000000001,"LOS ANGELES",UNINCORPORATED,-118.6357357,34.511899049999997
90477505,2017,2017-06-14,9575,2017-06-01,2205,020393,,4,3,7,1942,0,1,1,,2,060,"I-210 W/B (FOOTHILL FREEWAY)","PAXTON ST.",175.00,W,N,A,-,Y,,,210,,,,,,W,N,3,0,1,2,A,-,11,21954,A,N,G,B,E,A,H,-,D,D,0,Y,,,,Y,Y,N,60,0,1,0,0,1,0,0,0,0,"- ","- ",34.288899999999998,-118.4081,"LOS ANGELES","LOS ANGELES",-118.40818052,34.288813879999999
9047789,2020,2020-10-08,1941,2020-02-02,2216,6174,,7,5,7,1941,0,0,0,,0,,"PARAMOUNT BL","RT 91",0.00,,Y,A,-,Y,LA,7,91,-,R,13.452,R,1,E,N,4,0,1,2,A,-,03,22350,,M,A,B,B,A,H,-,C,A,0,Y,,,,Y,,A,,0,0,1,0,1,0,0,0,0,"- ",EF,,,"LOS ANGELES","LONG BEACH",-118.16278076171875,33.876010894775391
90479506,2017,2017-06-16,9540,2017-06-08,0240,020678,,4,3,9,1900,0,1,1,,2,513,"I-5 S/B (GOLDEN STATE FWY)","SMOKEY BEAR RD",200.00,N,N,B,-,Y,,,5,,,,,,S,Y,2,0,4,5,A,-,08,22107,,N,C,E,E,A,H,-,D,D,0,Y,,,Y,Y,,G,26,1,0,3,0,2,0,0,0,0,"- ","- ",34.709580000000003,-118.7971,"LOS ANGELES",UNINCORPORATED,-118.79700647,34.709620710000003
90480780,2017,2017-06-19,9540,2017-06-16,0638,018208,,5,1,9,1900,0,1,3,,1,144,"SR-14 N/B (ANTELOPE VALLEY FREEWAY)","PLACERITA CANYON RD",2995.00,N,N,A,-,Y,,,14,,,,,,N,N,2,0,1,2,A,-,08,22107,,F,B,B,E,A,H,-,A,D,0,Y,,,,Y,,-,99,1,0,0,0,1,0,0,0,0,"- ","- ",34.383519999999997,-118.48644,"LOS ANGELES",UNINCORPORATED,-118.48648552,34.383587540000001
90481516,2017,2017-06-20,9535,2017-06-17,0100,020816,,6,3,9,1900,0,1,3,,2,620,"SR-60 E/B TO I-605",I-605,900.00,W,N,B,-,Y,,,60,,,,R,,E,Y,2,0,1,3,A,-,01,23152,A,N,C,E,E,A,H,-,C,D,0,Y,,,,Y,Y,A,01,1,0,0,0,1,0,0,0,0,"- ","- ",34.035249999999998,-118.03037,"LOS ANGELES",UNINCORPORATED,-118.03037,34.035249999999998
90482715,2017,2017-06-21,9590,2017-05-03,1830,020443,,3,2,7,1942,0,1,1,,2,084,"I-5 N/B (GSF) FROM LOS FELIZ BLVD N/B","RIVERSIDE DR",545.00,N,N,A,-,Y,,,5,,,,R,,N,N,3,0,1,2,D,-,00,,,N,G,B,C,A,H,-,B,D,0,Y,,,,Y,,-,"- ",0,1,0,0,1,0,0,0,0,"- ","- ",34.118490000000001,-118.27159,"LOS ANGELES","LOS ANGELES",-118.27159,34.118490000000001
90482821,2017,2017-06-21,9590,2017-04-21,0303,018997,,5,3,7,1942,0,1,1,,2,063,"I-10 W/B (SANTA MONICA FREEWAY)","HOOVER ST.",760.00,W,N,A,-,Y,,,10,,,,,,W,Y,3,0,1,2,C,-,18,,,N,E,C,E,A,H,-,C,D,0,Y,,,,Y,,-,"- ",0,1,0,0,1,0,0,0,0,"- ","- ",34.037300000000002,-118.31232,"LOS ANGELES","LOS ANGELES",-118.31231801,34.037250020000002
90483180,2017,2017-06-21,9580,2017-06-11,1115,021461,,7,1,9,1900,0,1,3,,1,121,"SR-1 S/B (PACIFIC COAST HWY.)","YELLOW HILL MTWY",400.00,S,N,B,-,Y,,,1,,,,,,S,N,3,0,1,1,A,-,08,22107,,N,F,A,A,A,H,-,A,D,0,,Y,,,Y,,L,04,0,1,0,0,0,0,1,0,0,"- ","- ",34.046340000000001,-118.94409,"LOS ANGELES",UNINCORPORATED,-118.94407511,34.046396190000003
90483225,2017,2017-08-08,9580,2017-03-17,2324,021187,,5,3,7,1942,0,1,1,,2,407,"I-405 SOUTHBOUND (SAN DIEGO FREEWAY)","ROSCOE BOULEVARD",303.00,S,N,A,-,Y,,,405,,,,,,S,N,1,1,0,2,A,-,11,21954,A,N,G,B,E,A,H,-,D,D,0,Y,,,,Y,,N,60,0,0,0,1,0,0,0,0,0,"- ","- ",34.220730000000003,-118.47333,"LOS ANGELES","LOS ANGELES",-118.47332480999999,34.220729949999999
90483734,2017,2017-06-22,9565,2017-05-15,1345,021575,,1,1,9,1900,0,3,5,,2,004,"LA CIENEGA BLVD","LENNOX BLVD",0.00,,Y,A,-,Y,,,,,,,,,,Y,4,0,2,4,A,-,09,21801,A,N,D,C,E,A,H,-,A,A,0,Y,,,,Y,,A,07,0,0,2,0,1,0,0,0,0,"- ","- ",33.93824,-118.36996000000001,"LOS ANGELES",UNINCORPORATED,-118.37013014,33.93817001
90489144,2017,2018-06-04,9525,2017-05-23,2210,019970,,2,3,1,1934,0,1,1,,2,651,"I-605 S/B (SAN GABRIEL RIVER FWY)","RAMONA BOULEVARD",33.00,N,N,B,-,Y,,,605,,,,,,S,Y,1,1,0,2,A,-,11,21954,A,N,G,B,E,A,H,-,D,D,0,Y,,,,Y,,N,60,0,0,0,1,0,0,0,0,0,"- ","- ",34.077800000000003,-117.99800999999999,"LOS ANGELES",IRWINDALE,-117.99819218,34.077820590000002
90489843,2017,2017-08-04,9590,2017-04-18,2300,020663,,2,3,7,1942,0,1,1,,2,050,"I-110 NORTHBOUND (HARBOR FREEWAY)","92ND STREET",350.00,S,N,A,-,Y,,,110,,,,,,N,N,1,1,0,2,A,-,11,21954,A,N,G,B,E,A,H,-,C,D,0,Y,,,,Y,Y,N,60,0,0,0,1,0,0,0,0,0,"- ","- ",33.952719999999999,-118.28041,"LOS ANGELES","LOS ANGELES",-118.28030570999999,33.952741009999997
90490181,2017,2017-08-24,9525,2017-06-10,0200,021250,,6,3,6,1975,0,1,1,,2,106,"I-10 E/B (SAN BERNARDINO FWY)","AZUSA AVE",1300.00,E,N,A,-,Y,,,10,,,,,,E,Y,2,0,1,5,A,-,03,22350,,N,C,C,E,A,D,E,C,D,0,Y,,,Y,Y,,A,01,1,0,0,0,1,0,0,0,0,"- ","- ",34.07197,-117.90049,"LOS ANGELES","WEST COVINA",-117.90048985999999,34.071983670000002
90491175,2017,2017-06-30,9590,2017-06-29,0145,021245,,4,3,7,1942,0,1,2,,2,073,"US-101 S/B (HOF)","HOLLYWOOD BLVD.",434.00,S,N,A,-,Y,,,101,,,,,,S,Y,2,0,1,2,A,-,11,21954,A,N,G,B,E,A,H,-,C,D,0,Y,,,,Y,,N,60,1,0,0,0,1,0,0,0,0,"- ","- ",34.100470000000001,-118.31605,"LOS ANGELES","LOS ANGELES",-118.31601747000001,34.100488980000002
90491176,2017,2017-06-30,9565,2017-06-20,1615,017060,,2,2,9,1900,0,1,1,,2,060,"I-405 S/B (SAN DIEGO FREEWAY)","LACIENEGA BLVD.",4.00,E,N,A,-,Y,,,,,,,,,,N,4,0,1,2,A,-,03,22350,,N,H,G,A,A,H,-,A,D,0,,Y,,,Y,,L,04,0,0,1,0,0,0,1,0,0,"- ","- ",33.932810000000003,-118.36989,"LOS ANGELES",UNINCORPORATED,-118.37096656999999,33.966589409999997
90491809,2017,2017-11-09,9580,2017-05-24,2035,019319,,3,2,7,1942,0,1,2,,2,105,"US-101 S/B TO WHITE OAK AVENUE","WHITE OAK AVE",5.00,N,N,A,-,Y,,,101,,,,R,,S,N,2,0,1,2,D,-,00,,,N,G,B,B,A,H,-,C,A,0,Y,,,,Y,,-,"- ",1,0,0,0,1,0,0,0,0,"- ","- ",34.170819999999999,-118.51872,"LOS ANGELES","LOS ANGELES",-118.51872,34.170819999999999
90493293,2017,2017-07-04,9565,2017-06-22,2325,020518,,4,3,4,1918,0,1,1,,2,061,"I-405 N/B","JEFFERSON BLVD",500.00,S,N,A,-,Y,,,405,,,,,,N,Y,3,0,1,3,A,-,03,22350,,N,C,C,E,A,H,-,C,D,0,Y,,,,Y,,D,22,0,1,0,0,1,0,0,0,0,"- ","- ",33.986289999999997,-118.39779,"LOS ANGELES","CULVER CITY",-118.3978188,33.986267239999997
90493395,2017,2017-07-04,9565,2017-06-26,1845,021251,,1,2,6,1933,0,1,1,,2,060,"I-405 N/B FROM IMPERIAL HWY.","IMPERIAL HWY.",110.00,N,N,A,-,Y,,,,,,,,,,N,3,0,1,2,A,-,08,22107,,F,C,G,A,A,H,-,A,D,0,,Y,,,Y,,A,01,0,1,0,0,0,0,1,0,0,"- ","- ",33.931370000000001,-118.36687999999999,"LOS ANGELES",INGLEWOOD,-118.36825476,33.931301449999999
90496994,2017,2017-07-10,9565,2017-06-27,0906,021576,,2,1,7,1942,0,1,1,,2,010,"I-105 W/B TO LA CIENEGA BLVD.","IMPERIAL HWY.",5.00,S,N,A,-,Y,,,105,,,,R,,W,N,3,0,1,2,A,-,12,21453,A,N,H,G,A,A,H,-,A,A,0,,Y,,,Y,,D,22,0,1,0,0,0,0,1,0,0,"- ","- ",33.930900000000001,-118.37503,"LOS ANGELES","LOS ANGELES",-118.37503,33.930900000000001
9049724,2020,2020-10-08,1976,2020-02-10,0854,447,,1,5,5,1976,0,0,0,,0,001,"WHITTIER BL","ESPERANZA AV",0.00,,Y,A,-,Y,LA,7,72,-,-,6.766,I,5,N,N,3,0,1,2,D,-,00,,,N,G,B,E,A,H,-,A,A,0,Y,,,Y,Y,,-,"- ",0,1,0,0,1,0,0,0,0,"- ","- ",,,"LOS ANGELES",WHITTIER,-118.0706787109375,33.994461059570312
90502772,2017,2017-07-18,9535,2017-07-06,2356,020825,,4,3,5,1952,0,1,1,,2,074,"I-710 NB TO ROSECRANS AVENUE OFF RAMP","ROSECRANS AVENUE",690.00,S,N,A,-,Y,,,710,,,,R,,N,Y,2,0,1,2,A,-,00,21960,A,N,G,B,E,A,H,-,D,D,0,Y,,,,Y,,N,60,1,0,0,0,1,0,0,0,0,"- ","- ",33.902119999999996,-118.18545,"LOS ANGELES",PARAMOUNT,-118.18545,33.902119999999996
90505238,2017,2017-07-20,9580,2017-07-12,1820,018322,,3,2,7,1942,0,1,1,,2,406,"I-405 N/B FROM NORDHOFF ST.","NORDHOFF ST",9.00,N,N,A,-,Y,,,405,,,,R,,N,N,3,0,1,2,A,-,05,21650,,N,D,G,A,A,H,-,A,A,0,,Y,,,Y,,L,04,0,1,0,0,0,0,1,0,0,"- ","- ",34.235700000000001,-118.4725,"LOS ANGELES","LOS ANGELES",-118.4725,34.235700000000001
90506798,2017,2017-07-24,9580,2017-07-03,1945,021079,,1,2,7,1942,0,1,1,,2,407,"I-405 S/B (SAN DIEGO FWY)","DEVONSHIRE ST",900.00,S,N,A,-,Y,,,405,,,,,,S,Y,2,0,3,4,A,-,03,22350,,N,C,C,E,A,H,-,A,D,0,Y,,,,Y,Y,D,22,2,1,0,0,2,0,0,0,0,"- ","- ",34.254130000000004,-118.47224,"LOS ANGELES","LOS ANGELES",-118.47239403,34.254131190000003
90507228,2017,2017-07-24,9590,2017-07-23,2233,021201,,7,3,7,1942,0,1,1,,2,052,"I-110 N/B (HARBOR FREEWAY)","4TH STREET",50.00,N,N,A,-,Y,,,110,,,,,,N,Y,2,0,1,2,A,-,11,21954,A,N,G,B,E,A,H,-,C,D,0,Y,,,,Y,,N,60,1,0,0,0,1,0,0,0,0,"- ","- ",34.054900000000004,-118.2568,"LOS ANGELES","LOS ANGELES",-118.25692909999999,34.055010899999999
90507816,2017,2017-07-25,9525,2017-07-04,0500,021229,,2,3,6,1975,0,1,1,,2,104,"I-10 E/B (SAN BERNARDINO FWY)","VINCENT AVE",600.00,W,N,A,-,Y,,,10,,,,,,E,Y,4,0,1,2,A,-,11,21954,A,N,E,I,E,A,D,E,B,D,0,Y,,,,Y,,N,60,0,0,1,0,0,0,0,0,0,"- ","- ",34.071959999999997,-117.93138999999999,"LOS ANGELES","WEST COVINA",-117.93138537999999,34.072266579999997
90507850,2017,2017-07-25,9565,2017-06-27,0820,021453,,2,1,9,1900,0,1,1,,2,060,"I-405 N/B FROM IMPERIAL HWY. W/B","LA CIENEGA BLVD.",400.00,E,N,A,-,Y,,,405,,,,R,,N,N,3,0,1,2,A,-,05,21202,A,N,D,G,A,A,H,-,A,A,0,,Y,,,Y,,L,04,0,1,0,0,0,0,1,0,0,"- ","- ",33.931130000000003,-118.36635,"LOS ANGELES",UNINCORPORATED,-118.36635,33.931130000000003
90508374,2017,2017-07-26,9590,2017-07-24,0238,021245,,1,3,7,1942,0,1,2,,2,043,"US-101 S/B (SAF)","7TH ST.",319.00,N,N,A,-,Y,,,101,,,,,,S,N,2,0,1,2,A,-,11,21954,A,N,G,B,E,A,H,-,C,D,0,Y,,,,Y,,N,60,1,0,0,0,1,0,0,0,0,"- ","- ",34.03519,-118.22178,"LOS ANGELES","LOS ANGELES",-118.22170745,34.035206119999998