CASE_ID,ACCIDENT_YEAR,PROC_DATE,JURIS,COLLISION_DATE,COLLISION_TIME,OFFICER_ID,REPORTING_DISTRICT,DAY_OF_WEEK,CHP_SHIFT,POPULATION,CNTY_CITY_LOC,SPECIAL_COND,BEAT_TYPE,CHP_BEAT_TYPE,CITY_DIVISION_LAPD,CHP_BEAT_CLASS,BEAT_NUMBER,PRIMARY_RD,SECONDARY_RD,DISTANCE,DIRECTION,INTERSECTION,WEATHER_1,WEATHER_2,STATE_HWY_IND,CALTRANS_COUNTY,CALTRANS_DISTRICT,STATE_ROUTE,ROUTE_SUFFIX,POSTMILE_PREFIX,POSTMILE,LOCATION_TYPE,RAMP_INTERSECTION,SIDE_OF_HWY,TOW_AWAY,COLLISION_SEVERITY,NUMBER_KILLED,NUMBER_INJURED,PARTY_COUNT,PRIMARY_COLL_FACTOR,PCF_CODE_OF_VIOL,PCF_VIOL_CATEGORY,PCF_VIOLATION,PCF_VIOL_SUBSECTION,HIT_AND_RUN,TYPE_OF_COLLISION,MVIW,PED_ACTION,ROAD_SURFACE,ROAD_COND_1,ROAD_COND_2,LIGHTING,CONTROL_DEVICE,CHP_ROAD_TYPE,PEDESTRIAN_ACCIDENT,BICYCLE_ACCIDENT,MOTORCYCLE_ACCIDENT,TRUCK_ACCIDENT,NOT_PRIVATE_PROPERTY,ALCOHOL_INVOLVED,STWD_VEHTYPE_AT_FAULT,CHP_VEHTYPE_AT_FAULT,COUNT_SEVERE_INJ,COUNT_VISIBLE_INJ,COUNT_COMPLAINT_PAIN,COUNT_PED_KILLED,COUNT_PED_INJURED,COUNT_BICYCLIST_KILLED,COUNT_BICYCLIST_INJURED,COUNT_MC_KILLED,COUNT_MC_INJURED,PRIMARY_RAMP,SECONDARY_RAMP,LATITUDE,LONGITUDE,COUNTY,CITY,POINT_X,POINT_Y
90508735,2017,2017-07-26,9530,2017-05-01,2148,020307,,1,2,6,1972,0,1,1,,2,400,"I-405 S/B (SAN DIEGO FREEWAY)","YUKON AVE.",620.00,N,N,A,-,Y,,,405,,,,,,S,Y,1,1,0,6,A,-,08,22107,,F,G,B,E,A,H,-,C,D,0,Y,,,,Y,,A,01,0,0,0,1,0,0,0,0,0,"- ","- ",33.867699999999999,-118.33710000000001,"LOS ANGELES",TORRANCE,-118.3370753,33.86775085
90509156,2017,2017-07-27,9590,2017-07-02,0211,019110,,7,3,7,1942,0,1,1,,2,052,"I-110 NORTHBOUND (HARBOR FREEWAY)","FIGUEROA STREET",190.00,S,N,A,-,Y,,,110,,,,,,N,Y,1,1,0,3,A,-,01,23152,A,N,G,B,E,A,E,G,C,D,0,Y,,,,Y,Y,A,01,0,0,0,1,0,0,0,0,0,"- ","- ",34.029719999999998,-118.27441,"LOS ANGELES","LOS ANGELES",-118.27431236,34.029726740000001
90515815,2016,2017-08-03,9580,2016-08-12,2317,020353,,5,3,7,1942,0,1,3,,2,116,"SR-118 E/B (RONALD REAGAN FWY.)","ENCINO AVE",291.00,E,N,A,-,Y,,,118,,,,,,E,Y,1,1,2,5,C,-,18,,,N,B,C,E,A,H,-,D,D,0,Y,,,,Y,Y,-,"- ",0,0,2,1,0,0,0,0,0,"- ","- ",34.277940000000001,-118.51424,"LOS ANGELES","LOS ANGELES",-118.51423536,34.277679970000001
90516628,2017,2017-08-04,9545,2017-06-09,2148,019345,,5,2,9,1900,0,1,3,,1,042,SR-138,"85TH ST  E",36.00,W,N,A,-,Y,,,138,,,,,,,Y,1,1,0,2,A,-,11,21954,A,N,G,B,D,A,H,-,D,D,0,Y,,,,Y,,N,60,0,0,0,1,0,0,0,0,0,"- ","- ",34.521189999999997,-117.97946,"LOS ANGELES",UNINCORPORATED,-117.97946,34.521132919999999
9052000,2020,2020-10-13,1942,2020-02-06,1145,41510,1454,4,5,7,1942,0,0,0,N,0,14A45,"LINCOLN BL","BALI WY",443.00,S,N,A,-,Y,LA,7,1,-,-,31.030,H,-,S,N,3,0,1,2,A,-,08,22107,,N,B,G,A,A,H,-,A,A,0,,Y,,,Y,Y,L,04,0,1,0,0,0,0,1,0,0,"- ","- ",,,"LOS ANGELES","LOS ANGELES",-118.44027709960938,33.981555938720703
90520096,2017,2018-03-15,9590,2017-06-03,0426,021086,,6,3,7,1942,0,1,2,,2,071,"US-101 SOUTHBOUND (HOLLYWOOD FREEWAY)","VERMONT AVENUE",800.00,S,N,A,-,Y,,,101,,,,,,S,N,1,1,0,2,A,-,11,21954,A,F,G,B,E,A,H,-,D,D,0,Y,,,,Y,,N,60,0,0,0,1,0,0,0,0,0,"- ","- ",34.07855,-118.28979,"LOS ANGELES","LOS ANGELES",-118.28980596,34.078489949999998
90520600,2017,2017-08-10,9550,2017-07-31,0355,020861,,1,3,9,1900,0,3,5,,2,005,"SR-60 E/B FROM NOGALES STREET N/B","LABIN COURT",290.00,N,N,A,-,Y,,,60,,,,R,,E,N,4,0,1,2,A,-,11,21954,A,F,G,B,D,A,H,-,C,D,0,Y,,,,Y,,N,60,0,0,1,0,1,0,0,0,0,"- ","- ",33.992750000000001,-117.88865,"LOS ANGELES",UNINCORPORATED,-117.88865,33.992750000000001
90520919,2017,2017-08-10,9540,2017-08-06,2055,20862,,7,2,6,1985,0,1,3,,1,144,"SR-14 NORTHBOUND (ANTELOPE VALLEY FWY)","GOLDEN VALLEY RD",5.00,N,N,A,-,Y,,,14,,,,,,N,N,4,0,1,2,A,-,11,21456,A,N,G,B,B,A,H,-,C,A,0,Y,,,,Y,,N,60,0,0,1,0,1,0,0,0,0,"- ","- ",34.39199,-118.47157,"LOS ANGELES","SANTA CLARITA",-118.47197418,34.392712009999997
90522282,2017,2017-08-14,9535,2017-08-07,2030,013989,,1,2,5,1906,0,1,1,,2,650,"I-605 N/B TO I-10 E/B TRANSITION ROAD",I-10,800.00,S,N,A,-,Y,,,605,,,,R,,N,Y,3,0,2,2,A,-,00,21960,A,N,G,B,E,A,H,-,C,D,0,Y,,Y,,Y,,N,60,0,2,0,0,1,0,0,0,1,"- ","- ",34.06297,-117.99987,"LOS ANGELES","BALDWIN PARK",-117.99987,34.06297
90522788,2017,2017-08-14,9535,2017-08-12,2140,020943,,6,2,3,1914,0,1,1,,2,501,"I-5 S/B FROM E/B WASHINGTON BLVD.","WASHINGTON BLVD.",50.00,S,N,A,-,Y,,,5,,,,R,,S,N,3,0,2,2,A,-,11,21950,B,N,G,B,C,A,H,-,C,D,0,Y,,Y,,Y,,N,60,0,1,1,0,1,0,0,0,1,"- ","- ",33.995649999999998,-118.14673000000001,"LOS ANGELES",COMMERCE,-118.14673000000001,33.995649999999998
90523288,2016,2017-08-15,9590,2016-09-14,0309,019363,,3,3,7,1942,0,1,S,,2,904,"US-101 (SANTA ANA FREEWAY) N/B","4TH STREET NORTH EDGE",40.00,S,N,B,-,Y,,,101,,,,,,N,N,1,1,0,2,A,-,00,21960,,N,G,B,E,A,H,-,D,D,0,Y,,,,Y,,N,60,0,0,0,1,0,0,0,0,0,"- ","- ",34.042999999999999,-118.22101000000001,"LOS ANGELES","LOS ANGELES",-118.22100263,34.042999809999998
9052335,2019,2020-05-29,1965,2019-06-24,0952,3178,0B1G,1,5,5,1965,0,0,0,,0,B001,"RT 10","4TH ST N",5.00,E,N,B,-,Y,LA,7,1,-,R,34.686,R,4,N,N,3,0,1,2,A,-,10,21950,A,N,G,B,B,A,H,-,A,A,0,Y,,,,Y,,A,07,0,1,0,0,1,0,0,0,0,WF,"- ",37.004081726074219,-121.01428985595703,"LOS ANGELES","SANTA MONICA",-118.48756408691406,34.013866424560547
90525872,2017,2017-08-17,9590,2017-06-12,2045,021606,,1,2,7,1942,0,1,1,,2,040,"I-5 N/B (SANTA ANA FREEWAY)","GRANDE VISTA AVE.",100.00,S,N,A,-,Y,,,5,,,,,,N,N,3,0,1,2,A,-,11,21954,A,N,G,B,E,A,H,-,C,D,0,Y,,,,Y,,N,60,0,1,0,0,1,0,0,0,0,"- ","- ",34.025889999999997,-118.20677999999999,"LOS ANGELES","LOS ANGELES",-118.20680168,34.025826840000001
90526248,2017,2017-09-05,9580,2017-08-06,1230,021592,,7,1,9,1900,0,1,3,,1,120,"SR-1 S/B (PACIFIC COAST HWY.)","SR-27 N/B (TOPANGA CYN. BLVD.)",1800.00,S,N,A,-,Y,,,1,,,,,,S,N,4,0,1,2,A,-,08,22107,,M,B,G,A,A,H,-,A,D,0,,Y,,,Y,,-,99,0,0,1,0,0,0,1,0,0,"- ","- ",34.041609999999999,-118.57256,"LOS ANGELES",UNINCORPORATED,-118.5725636,34.041619990000001
90529844,2017,2017-08-24,9590,2017-07-16,0450,021635,,7,3,7,1942,0,1,2,,2,070,"I-101 N/B (HOF)","HOOVER ST. U/C",70.00,S,N,A,-,Y,,,,,,,,,,N,2,0,1,2,A,-,11,21954,A,F,G,B,E,A,H,-,C,D,0,Y,,,,Y,,N,60,1,0,0,0,1,0,0,0,0,"- ","- ",34.439999999999998,-118.17283,"LOS ANGELES","LOS ANGELES",-118.28417768,34.077848699999997
90530107,2017,2017-09-29,9530,2017-06-12,2250,020930,,1,3,5,1977,0,1,3,,2,310,"SR-91 W/B (ARTESIA FREEWAY)","AVALON BLVD.",244.00,W,N,A,-,Y,,,91,,,,,,W,Y,1,1,1,2,C,-,18,,,N,G,B,E,A,H,-,C,D,0,Y,,,,Y,Y,-,"- ",0,1,0,1,0,0,0,0,0,"- ","- ",33.873179999999998,-118.26701,"LOS ANGELES",CARSON,-118.26702096,33.873257240000001
90530636,2017,2017-08-25,9550,2017-08-14,0020,021261,,1,3,6,1920,0,1,1,,2,150,"I-105 E/B (CENTURY FREEWAY)","CLARK AVE",10.00,W,N,A,-,Y,,,105,,,,,,E,Y,2,0,2,3,A,-,03,22350,,F,D,C,E,A,H,-,C,D,0,Y,,,,Y,,-,99,2,0,0,0,1,0,0,0,0,"- ","- ",33.912909999999997,-118.13428999999999,"LOS ANGELES",DOWNEY,-118.13429007000001,33.912961600000003
90535472,2017,2017-08-28,9530,2017-08-27,0556,021642,,7,3,7,1942,0,1,1,,2,110,"I-110 N/B (HARBOR FREEWAY)","182ND ST.",420.00,S,N,A,-,Y,,,110,,,,,,N,Y,3,0,2,3,A,-,01,23152,A,N,E,I,E,A,H,-,C,D,0,Y,,,,Y,Y,A,01,0,2,0,0,1,0,0,0,0,"- ","- ",33.868200000000002,-118.28505,"LOS ANGELES","LOS ANGELES",-118.28481413,33.868200260000002
90536284,2017,2017-08-29,9550,2017-08-22,1603,017998,,2,2,6,1949,0,1,1,,2,650,"INTERSTATE 105 (CENTURY FREEWAY)","SAN GABRIEL RIVER",340.00,E,N,A,-,Y,,,105,,,,,,,Y,3,0,3,4,A,-,08,22107,,N,E,I,F,A,H,-,A,D,0,Y,,,,Y,,A,01,0,1,2,0,3,0,0,0,0,"- ","- ",33.914050000000003,-118.10963,"LOS ANGELES",NORWALK,-118.10962919000001,33.914000059999999
90536555,2017,2017-08-29,9580,2017-08-18,2105,020983,,5,2,7,1942,0,1,3,,2,117,"SR-118 W/B (RONALD REAGAN FWY.)","HAYVENHURST AVE",100.00,E,N,A,-,Y,,,118,,,,,,W,Y,2,0,2,4,A,-,03,22350,,N,C,C,E,A,H,-,C,D,0,Y,,,,Y,,A,01,1,0,1,0,1,0,0,0,0,"- ","- ",34.274880000000003,-118.49324,"LOS ANGELES","LOS ANGELES",-118.49327940000001,34.274830360000003
90536706,2017,2017-08-30,9575,2017-08-18,1015,020887,,5,1,9,1900,0,3,5,,2,002,"LAKE AVE (2300 BLOCK)","MENDOCINO ST",197.00,N,N,A,-,Y,,,,,,,,,,N,4,0,1,3,A,-,08,22107,,N,D,G,A,A,H,-,A,D,0,,Y,,,Y,,A,01,0,0,1,0,0,0,1,0,0,"- ","- ",34.186459999999997,-118.13160000000001,"LOS ANGELES",UNINCORPORATED,-118.13147844,34.186379549999998
90537033,2017,2017-08-30,9580,2017-06-21,2337,020334,,3,3,7,1942,0,1,2,,2,103,"US-101 S/B (VENTURA FREEWAY)","US-101 N/B TO HASKELL AVE",1342.00,N,N,A,-,Y,,,101,,,,,,S,Y,1,1,0,2,A,-,11,21954,A,N,G,B,E,A,H,-,D,D,0,Y,,,,Y,,N,60,0,0,0,1,0,0,0,0,0,"- ","- ",34.16527,-118.4774,"LOS ANGELES","LOS ANGELES",-118.4774,34.165270100000001
9053724,2020,2020-09-25,1976,2020-01-24,1045,499,1976,5,5,5,1976,0,0,0,,0,003,"WHITTIER BL","MICHIGAN AV",4.00,W,N,A,-,Y,LA,7,72,-,-,3.227,I,5,N,N,4,0,1,2,A,-,10,21950,A,N,G,B,B,A,H,-,A,A,0,Y,,,,Y,,A,01,0,0,1,0,1,0,0,0,0,"- ","- ",,,"LOS ANGELES",WHITTIER,-118.02658081054688,33.959651947021484
90537637,2017,2017-08-31,9525,2017-08-21,1830,019379,,1,2,5,1926,0,1,1,,2,206,"I-210 E/B (FOOTHILL FWY)","BONNIE COVE AVE",528.00,W,N,F,-,Y,,,210,,,,,,E,N,3,0,1,1,C,-,18,,,N,E,I,A,A,H,-,A,D,0,,Y,,,Y,,-,"- ",0,1,0,0,0,0,1,0,0,"- ","- ",34.117170000000002,-117.85702000000001,"LOS ANGELES",GLENDORA,-117.8570333,34.117266039999997
90538982,2017,2017-09-01,9580,2017-08-25,1900,021475,,5,2,7,1942,0,1,2,,2,102,"US-101 N/B TO BALBOA BLVD","BALBOA BLVD",1.00,S,N,A,-,Y,,,101,,,,R,,N,N,4,0,1,2,A,-,05,21650,,N,D,G,A,A,H,-,A,A,0,,Y,,,Y,,L,04,0,0,1,0,0,0,1,0,0,"- ","- ",34.170909999999999,-118.50103,"LOS ANGELES","LOS ANGELES",-118.50103,34.170909999999999
90540683,2017,2017-09-05,9580,2017-09-02,1130,019511,,6,1,9,1900,0,1,3,,1,271,"SR-27 S/B (TOPANGA CYN. BLVD.)","FALLS DR",3960.00,S,N,A,-,Y,,,27,,,,,,S,N,4,0,1,1,A,-,03,22350,,N,F,A,A,A,H,-,A,D,0,,Y,,,Y,,L,04,0,0,1,0,0,0,1,0,0,"- ","- ",34.059019999999997,-118.58409,"LOS ANGELES",UNINCORPORATED,-118.58407437,34.059023160000002
90542255,2017,2017-09-06,9580,2017-08-26,1605,021498,,6,2,7,1942,0,1,3,,2,170,"SR-170 N/B (HOLLYWOOD FWY.)","VANOWEN ST",300.00,S,N,A,-,Y,,,170,,,,,,N,N,3,0,2,4,A,-,08,22107,,N,C,E,E,A,H,-,A,D,0,Y,,,,Y,,A,01,0,1,1,0,2,0,0,0,0,"- ","- ",34.193170000000002,-118.40217,"LOS ANGELES","LOS ANGELES",-118.40223919,34.193160890000001
90544138,2017,2017-09-11,9530,2017-09-04,0001,021108,,1,3,7,1941,0,1,1,,2,072,"I-710 S/B TO I-405 N/B","CARSON ST.",444.00,S,N,B,-,Y,,,710,,,,R,,S,N,3,0,1,2,A,-,11,21954,A,N,B,B,E,B,H,-,C,D,0,Y,,,,Y,,N,60,0,1,0,0,1,0,0,0,0,"- ","- ",33.83052,-118.2089,"LOS ANGELES","LONG BEACH",-118.2089,33.83052
90544250,2017,2017-09-11,9535,2017-09-01,0920,021638,,5,1,9,1900,0,2,4,,2,011,"EASTERN AVE","RAMONA BOULEVARD",0.00,,Y,A,-,Y,,,,,,,,,,N,4,0,1,2,A,-,10,21950,A,M,G,B,B,A,H,-,A,A,0,Y,,,,Y,,A,01,0,0,1,0,1,0,0,0,0,"- ","- ",34.059429999999999,-118.17298,"LOS ANGELES",UNINCORPORATED,-118.17286003,34.059570030000003
90544715,2017,2017-09-11,9565,2017-08-19,0047,021578,,6,3,7,1942,0,1,1,,2,062,"I-405 N/B (SANDIEGO FWY.)","NATIONAL BLVD.",80.00,S,N,A,-,Y,,,405,,,,,,N,Y,4,0,2,3,A,-,03,22350,,N,C,C,E,A,H,-,C,D,0,Y,,,,Y,,A,01,0,0,2,0,1,0,0,0,0,"- ","- ",34.026440000000001,-118.42966,"LOS ANGELES","LOS ANGELES",-118.42961664000001,34.026474309999998
90546060,2017,2018-03-21,9535,2017-06-09,0055,017308,,5,3,5,1947,0,1,3,,2,601,"SR-60 (POMONA FREEWAY) W/B","FINDLAY AVENUE",235.00,E,N,B,-,Y,,,60,,,,,,W,N,1,1,0,2,C,-,18,,,N,G,B,E,A,H,-,C,D,0,Y,,,Y,Y,,-,"- ",0,0,0,1,0,0,0,0,0,"- ","- ",34.033450000000002,-118.14122,"LOS ANGELES",MONTEBELLO,-118.14121511,34.033097310000002
90548180,2017,2017-09-14,9565,2017-09-01,0005,021761,,5,3,7,1942,0,1,1,,2,082,"I-10 E/B (SANTA MONICA FWY)","WESTWOOD BLVD",300.00,W,N,A,-,Y,,,10,,,,,,E,Y,4,0,1,5,A,-,03,22350,,N,C,C,E,A,H,-,D,D,0,Y,,,,Y,,A,01,0,0,1,0,0,0,0,0,0,"- ","- ",34.031570000000002,-118.42252000000001,"LOS ANGELES","LOS ANGELES",-118.42251992,34.031661700000001
90549049,2017,2017-09-15,9535,2017-09-08,1930,021538,,5,2,5,1901,0,1,1,,2,070,"I-710 (LB FREEWAY) N/B TO VALLEY BLVD.","VALLEY BLVD.",5.00,S,N,A,-,Y,,,710,,,,R,,N,N,4,0,1,2,A,-,09,21804,A,N,D,G,A,A,H,-,B,A,0,,Y,,,Y,,L,04,0,0,1,0,0,0,1,0,0,"- ","- ",34.075119999999998,-118.16074999999999,"LOS ANGELES",ALHAMBRA,-118.16074999999999,34.075119999999998
90549594,2017,2017-09-18,9540,2017-09-09,0715,021395,,6,1,9,1900,0,2,4,,1,102,"ROCKPORT WAY","QUINCY ST",5.00,W,N,A,-,Y,,,,,,,,,,N,2,0,1,2,A,-,10,21950,A,N,G,B,B,A,H,-,B,A,0,Y,,,,Y,,A,01,1,0,0,0,1,0,0,0,0,"- ","- ",34.451650000000001,-118.62115,"LOS ANGELES",UNINCORPORATED,-118.62118653,34.451629189999998
90550519,2017,2017-09-19,9575,2017-09-01,0547,020702,,5,3,7,1942,0,1,3,,2,070,"I-5 N/B TO SR-118 E/B","LAUREL CANYON BLVD.",1000.00,E,N,A,-,Y,,,,,,,,,,N,3,0,1,2,A,-,11,21954,A,N,G,B,E,A,H,-,C,D,0,Y,,,,Y,,N,60,0,1,0,0,1,0,0,0,0,"- ","- ",34.267519999999998,-118.43765999999999,"LOS ANGELES","LOS ANGELES",-118.40011679,34.231084199999998
90550675,2017,2017-09-19,9530,2017-09-12,0649,018887,,2,1,5,1915,0,1,3,,2,320,"SR-91 E/B FROM SANTA FE AVENUE","SANTA FE AVE.",24.00,E,N,B,-,Y,,,91,,,,R,,E,N,3,0,1,2,A,-,10,21950,A,N,E,B,B,A,H,-,A,D,0,Y,,,,Y,,A,01,0,1,0,0,1,0,0,0,0,"- ","- ",33.872970000000002,-118.21402999999999,"LOS ANGELES",COMPTON,-118.21402999999999,33.872970000000002
90552370,2017,2017-09-20,9565,2017-05-03,0356,021383,,3,3,5,1965,0,1,3,,2,080,"STATE ROUTE-1 SOUTHBOUND","MCCLURE TUNNEL",100.00,S,N,A,-,Y,,,1,,,,,,S,N,1,1,0,2,A,-,05,21202,A,F,C,G,A,A,H,-,C,D,0,,Y,,,Y,,L,04,0,0,0,0,0,1,0,0,0,"- ","- ",34.011479999999999,-118.49422,"LOS ANGELES","SANTA MONICA",-118.49421431,34.011456770000002
90552491,2017,2017-09-20,9525,2017-09-06,0411,015988,,3,3,6,1955,0,1,1,,2,120,"I-10 E/B (SAN BERNARDINO FWY)","TOWNE AVE",2640.00,E,N,A,-,Y,,,10,,,,,,E,Y,2,0,2,4,A,-,03,22350,,F,G,B,E,A,C,-,D,A,0,Y,,,,Y,Y,-,99,1,0,1,0,2,0,0,0,0,"- ","- ",34.08117,-117.73326,"LOS ANGELES",POMONA,-117.73328415,34.08129392
90553268,2017,2017-09-21,9550,2017-08-05,1440,021202,,6,2,5,1919,0,1,1,,2,652,"NORTHBOUND INTERSTATE 605","SOUTH STREET",1670.00,N,N,A,-,Y,,,605,,,,,,,N,1,1,0,2,A,-,11,21954,A,N,G,B,E,A,H,-,A,D,0,Y,,,,Y,,N,60,0,0,0,1,0,0,0,0,0,"- ","- ",33.863010000000003,-118.09739999999999,"LOS ANGELES",CERRITOS,-118.09745919,33.862988219999998
90555197,2017,2017-09-25,9580,2017-09-16,2205,021015,,6,3,7,1942,0,1,2,,2,104,"US-101 N/B FROM RESEDA BLVD.","RESEDA BLVD",8.00,N,N,A,-,Y,,,101,,,,R,,N,N,4,0,1,2,D,-,00,,,N,G,B,B,A,H,-,C,A,0,Y,,,,Y,,-,"- ",0,0,1,0,1,0,0,0,0,"- ","- ",34.173690000000001,-118.53906000000001,"LOS ANGELES","LOS ANGELES",-118.53906000000001,34.173690000000001
90561353,2017,2017-10-02,9550,2017-09-24,0105,021150,,7,3,5,1908,0,1,3,,2,091,"STATE ROUTE 91 (ARTESIA FREEWAY)",BELLFLOWER,250.00,W,N,A,-,Y,,,91,,,,,,,Y,4,0,2,3,A,-,03,22350,,N,D,C,E,A,H,-,D,D,0,Y,,,,Y,Y,A,01,0,0,2,0,1,0,0,0,0,"- ","- ",33.876350000000002,-118.12618999999999,"LOS ANGELES",BELLFLOWER,-118.12618964000001,33.876285359999997
90562042,2017,2017-10-03,9565,2017-09-07,1135,020113,,4,1,9,1900,0,1,1,,2,012,"I-105 W/B (CENTURY FWY.)","NORMANDIE AVE",150.00,W,N,A,-,Y,,,105,,,,,,W,N,3,0,1,2,A,-,11,21954,A,N,G,B,E,A,H,-,A,D,0,Y,,,,Y,,N,60,0,1,0,0,1,0,0,0,0,"- ","- ",33.927579999999999,-118.30108,"LOS ANGELES",UNINCORPORATED,-118.30106311,33.927503520000002
90566397,2017,2017-10-10,9575,2017-10-02,2010,020729,,1,2,9,1900,0,3,5,,2,002,"EL MOLINO AVE (2400 BLOCK)","MENDOCINO STREET",4.00,N,N,A,-,Y,,,,,,,,,,N,2,0,1,2,A,-,10,21950,A,N,G,B,B,A,H,-,C,D,0,Y,,,,Y,,A,01,1,0,0,0,1,0,0,0,0,"- ","- ",34.18582,-118.13382,"LOS ANGELES",UNINCORPORATED,-118.13372518,34.185960209999998
90567060,2017,2017-10-10,9590,2017-09-30,0140,021757,,6,3,7,1942,0,1,1,,2,051,"I-110 S/B (HARBOR FREEWAY)","MANCHESTER AVE",1370.00,S,N,A,-,Y,,,110,,,,,,S,N,3,0,1,1,A,-,03,22350,,N,F,J,A,A,G,-,D,D,0,,Y,,,Y,,L,04,0,1,0,0,0,0,1,0,0,"- ","- ",33.956200000000003,-118.28121,"LOS ANGELES","LOS ANGELES",-118.28092871,33.956202240000003
90567619,2017,2017-10-11,9535,2017-09-29,2235,020416,,5,3,3,1968,0,1,3,,2,621,"SR-60 W/B TO SANTA ANITA AVE.","COGSWELL RD.",100.00,W,N,A,-,Y,,,60,,,,R,,W,N,2,0,1,2,A,-,11,21954,A,N,G,B,E,A,H,-,D,D,0,Y,,,Y,Y,,N,60,1,0,0,0,1,0,0,0,0,"- ","- ",34.039349999999999,-118.04872,"LOS ANGELES","SOUTH EL MONTE",-118.04872,34.039349999999999
90568581,2017,2017-10-11,9565,2017-10-01,2105,021575,,7,2,9,1900,0,1,1,,2,060,"I-405 NORTHBOUND FROM IMPERIAL HIGHWAY","IMPERIAL HIGHWAY",300.00,N,N,A,-,Y,,,405,,,,R,,N,Y,4,0,1,2,A,-,11,21950,B,M,G,B,E,A,H,-,D,D,0,Y,,Y,,Y,,N,60,0,0,1,0,0,0,0,0,1,"- ","- ",33.931350000000002,-118.36678999999999,"LOS ANGELES",UNINCORPORATED,-118.36678999999999,33.931350000000002
90569525,2017,2017-10-12,9550,2017-09-01,2330,020553,,5,3,5,1919,0,1,3,,2,091,"STATE ROUTE 91 E/B (ARTESIA FREEWAY)","GRIDLEY ROAD OVER-CROSSING",380.00,E,N,A,-,Y,,,91,,,,,,E,Y,1,1,0,2,A,-,11,21954,A,N,G,B,E,A,H,-,D,D,0,Y,,,,Y,,N,60,0,0,0,1,0,0,0,0,0,"- ","- ",33.876339999999999,-118.09023000000001,"LOS ANGELES",CERRITOS,-118.09023034000001,33.876423940000002
90573496,2017,2018-06-04,9525,2017-05-07,0051,021355,,7,3,9,1900,0,1,1,,2,105,"I-10 W/B (SAN BERNARDINO FWY)","VIA VERDE",2471.00,E,N,B,C,Y,,,10,,,,,,W,Y,1,1,0,2,A,-,11,21954,A,N,G,B,E,B,D,E,D,D,0,Y,,,,Y,,N,60,0,0,0,1,0,0,0,0,0,"- ","- ",34.068350000000002,-117.84737,"LOS ANGELES",UNINCORPORATED,-117.84737023,34.068333420000002
90574719,2017,2017-10-20,9550,2017-10-18,0550,018408,,3,3,9,1900,0,1,1,,2,650,"I-605 S/B FROM SLAUSON AVE.","SLAUSON AVENUE",18.00,S,N,A,-,Y,,,605,,,,R,,S,Y,3,0,1,2,A,-,09,21804,A,N,D,G,A,A,H,-,C,D,0,,Y,,,Y,,L,04,0,1,0,0,0,0,1,0,0,"- ","- ",33.966999999999999,-118.08499999999999,"LOS ANGELES",UNINCORPORATED,-118.08499999999999,33.966999999999999
90575305,2017,2017-10-20,9530,2017-10-10,0805,021842,,2,1,9,1900,0,3,5,,2,001,"67TH ST.","HOOPER AVE.",4.00,E,N,A,-,Y,,,,,,,,,,N,4,0,1,2,A,-,10,21950,A,N,G,B,B,A,H,-,A,A,0,Y,,,,Y,,A,01,0,0,1,0,1,0,0,0,0,"- ","- ",33.979230000000001,-118.25196,"LOS ANGELES",UNINCORPORATED,-118.25204683,33.97921006
90576279,2017,2017-10-23,9590,2017-08-07,0420,021480,,1,3,7,1942,0,1,3,,2,094,"SR-2 E/B (GLENDALE FREEWAY)","COLORADO BLVD.",1500.00,W,N,A,-,Y,,,2,,,,,,E,Y,4,0,1,2,A,-,08,22107,,F,G,C,E,A,H,-,C,D,0,Y,,,,Y,,-,99,0,0,1,0,1,0,0,0,0,"- ","- ",34.136209999999998,-118.22901,"LOS ANGELES","LOS ANGELES",-118.2291424,34.136243149999999
90579296,2017,2017-10-26,9525,2017-10-21,1110,019966,,6,1,9,1900,0,1,3,,1,024,"SR-39 (SAN GABRIEL CANYON RD.)","NORTH FORK RD.",21648.00,N,N,A,-,Y,,,39,,,,,,,N,3,0,1,1,A,-,03,22350,,N,F,I,A,B,H,-,A,D,0,,Y,,,Y,,L,04,0,1,0,0,0,0,1,0,0,"- ","- ",34.300890000000003,-117.84390999999999,"LOS ANGELES",UNINCORPORATED,-117.84391721999999,34.300899719999997