CASE_ID,ACCIDENT_YEAR,PROC_DATE,JURIS,COLLISION_DATE,COLLISION_TIME,OFFICER_ID,REPORTING_DISTRICT,DAY_OF_WEEK,CHP_SHIFT,POPULATION,CNTY_CITY_LOC,SPECIAL_COND,BEAT_TYPE,CHP_BEAT_TYPE,CITY_DIVISION_LAPD,CHP_BEAT_CLASS,BEAT_NUMBER,PRIMARY_RD,SECONDARY_RD,DISTANCE,DIRECTION,INTERSECTION,WEATHER_1,WEATHER_2,STATE_HWY_IND,CALTRANS_COUNTY,CALTRANS_DISTRICT,STATE_ROUTE,ROUTE_SUFFIX,POSTMILE_PREFIX,POSTMILE,LOCATION_TYPE,RAMP_INTERSECTION,SIDE_OF_HWY,TOW_AWAY,COLLISION_SEVERITY,NUMBER_KILLED,NUMBER_INJURED,PARTY_COUNT,PRIMARY_COLL_FACTOR,PCF_CODE_OF_VIOL,PCF_VIOL_CATEGORY,PCF_VIOLATION,PCF_VIOL_SUBSECTION,HIT_AND_RUN,TYPE_OF_COLLISION,MVIW,PED_ACTION,ROAD_SURFACE,ROAD_COND_1,ROAD_COND_2,LIGHTING,CONTROL_DEVICE,CHP_ROAD_TYPE,PEDESTRIAN_ACCIDENT,BICYCLE_ACCIDENT,MOTORCYCLE_ACCIDENT,TRUCK_ACCIDENT,NOT_PRIVATE_PROPERTY,ALCOHOL_INVOLVED,STWD_VEHTYPE_AT_FAULT,CHP_VEHTYPE_AT_FAULT,COUNT_SEVERE_INJ,COUNT_VISIBLE_INJ,COUNT_COMPLAINT_PAIN,COUNT_PED_KILLED,COUNT_PED_INJURED,COUNT_BICYCLIST_KILLED,COUNT_BICYCLIST_INJURED,COUNT_MC_KILLED,COUNT_MC_INJURED,PRIMARY_RAMP,SECONDARY_RAMP,LATITUDE,LONGITUDE,COUNTY,CITY,POINT_X,POINT_Y
90581584,2017,2017-10-27,9530,2017-10-14,0050,021094,,6,3,2,1967,0,1,1,,2,420,"I-405 S/B (SAN DIEGO FREEWAY)","WALNUT AVE.",90.00,N,N,A,-,Y,,,405,,,,,,S,Y,3,0,1,3,A,-,08,22107,,F,C,E,E,A,H,-,D,D,0,Y,,,,Y,Y,A,01,0,1,0,0,1,0,0,0,0,"- ","- ",33.814100000000003,-118.17231,"LOS ANGELES","SIGNAL HILL",-118.17231028,33.814201930000003
9058190,2020,2020-07-29,1942,2020-04-09,1505,43826,0503,4,5,7,1942,0,0,0,E,0,05A1,"PACIFIC COAST HWY","PINE CREEK TER",500.00,,N,C,-,Y,,,,,,,,,,,3,0,1,2,A,-,09,21804,,N,B,G,A,B,H,-,A,D,0,,Y,,,Y,,L,04,0,1,0,0,0,0,1,0,0,"- ","- ",,,"LOS ANGELES","LOS ANGELES",-118.28556060791016,33.790939331054688
90582113,2017,2017-10-30,9535,2017-10-09,0250,020825,,1,3,6,1922,0,1,1,,2,400,"I-10 E/B (SAN BERNARDINO FWY)","TEMPLE CITY BOULEVARD",1232.00,W,N,A,-,Y,,,10,,,,,,E,Y,2,0,5,4,A,-,08,22107,,N,E,I,E,A,H,-,C,D,0,Y,,,,Y,,A,07,2,1,2,0,1,0,0,0,0,"- ","- ",34.072119999999998,-118.06262,"LOS ANGELES","EL MONTE",-118.0626207,34.072217369999997
9058378,2020,2020-11-20,1942,2020-04-23,0830,40404,0514,4,5,7,1942,0,0,0,E,0,5A15,"WILMINGTON BL","W PACIFIC COAST HWY",0.00,,Y,A,-,Y,LA,7,1,-,-,11.208,I,5,N,N,2,0,1,2,A,-,09,21801,A,N,D,G,A,A,H,-,A,A,0,,Y,,,Y,Y,D,22,1,0,0,0,0,0,1,0,0,"- ","- ",,,"LOS ANGELES","LOS ANGELES",-118.27509307861328,33.790592193603516
90585921,2017,2017-11-02,9580,2017-10-24,0046,020828,,2,3,7,1942,0,1,2,,2,102,"US-101 N/B (VENTURA FREEWAY)",I-405,2000.00,N,N,A,-,Y,,,101,,,,,,N,Y,2,0,1,3,A,-,03,22350,,F,B,C,E,A,H,-,C,D,0,Y,,,,Y,,-,99,1,0,0,0,1,0,0,0,0,"- ","- ",34.164619999999999,-118.47360999999999,"LOS ANGELES","LOS ANGELES",-118.47356322,34.164713120000002
90586292,2017,2017-11-08,9590,2017-08-09,0107,020409,,3,3,7,1942,0,1,1,,2,080,"I-5 NORTHBOUND TO CESAR CHAVEZ AVENUE","CESAR CHAVEZ AVENUE",616.00,S,N,A,-,Y,,,5,,,,R,,N,N,1,1,0,2,A,-,11,21954,A,N,G,B,E,A,H,-,C,D,0,Y,,,,Y,,N,60,0,0,0,1,0,0,0,0,0,"- ","- ",34.047739999999997,-118.21429999999999,"LOS ANGELES","LOS ANGELES",-118.21429999999999,34.047739999999997
90589951,2017,2017-11-08,9550,2017-11-02,0650,020594,,4,1,9,1900,0,3,5,,2,002,"MEYER ROAD","HASTINGS DR.",10.00,E,N,B,-,Y,,,,,,,,,,N,3,0,1,2,A,-,10,21950,A,N,G,B,B,A,H,-,B,D,0,Y,,,,Y,,A,01,0,1,0,0,1,0,0,0,0,"- ","- ",33.9221,-118.0407,"LOS ANGELES",UNINCORPORATED,-118.04078969,33.921989349999997
90590795,2017,2018-02-21,9550,2017-03-11,0109,021054,,6,3,5,1919,0,1,1,,2,652,"INTERSTATE 605 SOUTHBOUND","STATE ROUTE 91 WESTBOUND",58.20,N,N,A,-,Y,,,605,,,,,,S,Y,1,1,2,3,A,-,03,22350,,N,D,C,E,A,H,-,D,D,0,Y,,,,Y,Y,A,01,1,1,0,1,0,0,0,0,0,"- ","- ",33.876080000000002,-118.10241000000001,"LOS ANGELES",CERRITOS,-118.10252079,33.876043459999998
90590797,2017,2018-03-22,9550,2017-03-11,0111,021054,,6,3,5,1919,0,1,1,,2,652,"INTERSTATE 605 SOUTHBOUND","STATE ROUTE 91 SOUTH EDGE",18.30,N,N,A,-,Y,,,605,,,,,,S,Y,1,1,1,4,A,-,01,23152,A,N,D,C,E,A,H,-,D,D,0,Y,,,,Y,Y,A,01,1,0,0,1,0,0,0,0,0,"- ","- ",33.876080000000002,-118.10241000000001,"LOS ANGELES",CERRITOS,-118.10252079,33.876043459999998
90591394,2017,2017-11-09,9525,2017-11-08,1915,019379,,3,2,5,1926,0,1,1,,2,206,"I-210 E/B TO GRAND AVE","GRAND AVE.",5.00,W,N,A,-,Y,,,210,,,,R,,E,N,4,0,1,2,A,-,05,21650,,N,D,C,A,A,H,-,D,D,0,,Y,,,Y,,L,04,0,0,1,0,0,0,1,0,0,"- ","- ",34.119979999999998,-117.87282999999999,"LOS ANGELES",GLENDORA,-117.87282999999999,34.119979999999998
90591426,2017,2018-01-09,9590,2017-10-13,2218,021643,,5,3,7,1942,0,1,3,,2,094,"SR-2 E/B (GLENDALE FREEWAY)","ESTARA AVENUE",490.00,W,N,A,-,Y,,,2,,,,,,E,N,2,0,1,2,A,-,03,22350,,N,G,B,E,A,H,-,C,D,0,Y,,,,Y,,A,01,1,0,0,0,1,0,0,0,0,"- ","- ",34.114989999999999,-118.24061,"LOS ANGELES","LOS ANGELES",-118.24062922,34.11503759
90592432,2017,2017-11-13,9535,2017-11-02,1635,021554,,4,2,6,1922,0,1,1,,2,400,"I-10 E/B TO PECK RD N/B","PECK ROAD",18.00,E,N,B,-,Y,,,10,,,,R,,E,N,3,0,1,2,A,-,09,21804,A,N,D,G,A,A,H,-,A,A,0,,Y,,,Y,,L,04,0,1,0,0,0,0,1,0,0,"- ","- ",34.067450000000001,-118.02922,"LOS ANGELES","EL MONTE",-118.02922,34.067450000000001
90593270,2017,2017-11-13,9565,2017-10-25,0400,021576,,3,3,5,1965,0,1,1,,2,081,"I-10 W/B (SANTA MONICA FWY.)","11TH ST.",600.00,W,N,A,-,Y,,,10,,,,,,W,N,2,0,1,2,C,-,18,,,N,G,B,E,A,H,-,D,D,0,Y,,,,Y,,-,"- ",1,0,0,0,1,0,0,0,0,"- ","- ",34.015810000000002,-118.48447,"LOS ANGELES","SANTA MONICA",-118.48446611999999,34.015803750000003
90594670,2017,2017-11-15,9580,2017-11-05,1225,021015,,7,1,9,1900,0,1,3,,1,271,"SR-27 S/B (TOPANGA CYN. BLVD.)","SR-1 (PACIFIC COAST HWY)",3168.00,N,N,A,-,Y,,,27,,,,,,S,N,3,0,1,1,A,-,03,22350,,N,F,A,A,A,G,-,A,D,0,,Y,,,Y,,L,04,0,1,0,0,0,0,1,0,0,"- ","- ",34.047690000000003,-118.57902,"LOS ANGELES",UNINCORPORATED,-118.57900708,34.04775678
90595194,2017,2018-03-07,9590,2017-11-02,0500,016127,,4,3,7,1942,0,1,1,,2,041,"I-5 S/B (SANTA ANA FREEWAY)","INDIANA STREET",350.00,N,N,B,-,Y,,,5,,,,,,S,Y,2,0,2,4,A,-,03,22350,,N,C,C,E,A,H,-,C,D,0,Y,,,,Y,,D,22,1,0,1,0,1,0,0,0,0,"- ","- ",34.02008,-118.19123,"LOS ANGELES","LOS ANGELES",-118.19123112,34.020062780000003
90595212,2017,2017-11-15,9565,2017-10-25,0358,021576,,3,3,5,1965,0,1,1,,2,081,"I-10 W/B (SANTA MONICA FWY.)","11TH ST.",550.00,W,N,A,-,Y,,,10,,,,,,W,N,2,0,1,2,A,-,00,21960,A,F,G,B,E,A,H,-,D,D,0,Y,,,,Y,,N,60,1,0,0,0,1,0,0,0,0,"- ","- ",34.015810000000002,-118.48447,"LOS ANGELES","SANTA MONICA",-118.48446611999999,34.015803750000003
90595964,2017,2018-05-09,9550,2017-05-18,1622,018854,,4,2,6,1949,0,1,1,,2,651,"INTERSTATE 605 SOUTHBOUND","FIRESTONE BOULEVARD",82.00,N,N,A,-,Y,,,,,,,,,,Y,1,1,1,3,A,-,08,22107,,N,E,I,F,A,H,-,A,D,0,Y,,,,Y,,A,07,0,1,0,1,0,0,0,0,0,"- ","- ",33.553280000000001,-118.61512999999999,"LOS ANGELES",NORWALK,-118.10421452,33.92495289
90598197,2017,2017-11-20,9525,2017-11-10,0015,020636,,5,3,5,1990,0,1,3,,2,602,"SR-60 E/B (POMONA FWY)","BREA CANYON RD.",550.00,W,N,A,-,Y,,,60,,,,,,E,Y,3,0,2,3,A,-,03,22350,,N,C,C,E,A,H,-,D,D,0,Y,,,,Y,,A,01,0,2,0,0,1,0,0,0,0,"- ","- ",33.999139999999997,-117.85187999999999,"LOS ANGELES","DIAMOND BAR",-117.85188475,33.999171189999998
90598730,2017,2017-11-20,9575,2017-11-10,0450,020393,,5,3,6,1953,0,1,1,,2,064,"I-210 W/B TO SR-710 S/B","SR-134 W/B FROM MAPLE ST O/C",213.00,W,N,B,-,Y,,,210,,,,R,,W,Y,2,0,1,2,A,-,11,21954,A,N,G,B,E,A,H,-,D,D,0,Y,,,,Y,,N,60,1,0,0,0,1,0,0,0,0,"- ","- ",34.151620000000001,-118.15321,"LOS ANGELES",PASADENA,-118.15321,34.151620000000001
90605071,2017,2017-11-29,9535,2017-11-18,0950,016915,,6,1,9,1900,0,3,5,,2,001,"GAGE AVE (100 N. BLOCK)","1ST ST",115.00,N,N,A,-,Y,,,,,,,,,,N,3,0,1,2,A,-,10,21952,,N,G,B,F,A,H,-,A,D,0,Y,,,,Y,,A,01,0,1,0,0,1,0,0,0,0,"- ","- ",34.036430000000003,-118.18472,"LOS ANGELES",UNINCORPORATED,-118.18464152,34.036345359999999
90608373,2017,2017-12-01,9550,2017-11-17,2349,021386,,5,3,6,1920,0,1,1,,2,651,"I-605 NB","FLORENCE AVENUE",2000.00,S,N,A,-,Y,,,605,,,,,,N,Y,3,0,1,2,A,-,11,21954,A,N,F,A,E,A,H,-,D,D,0,Y,,Y,,Y,,N,60,0,1,0,0,0,0,0,0,1,"- ","- ",33.933230000000002,-118.10048999999999,"LOS ANGELES",DOWNEY,-118.1005839,33.933276050000003
90608830,2016,2017-12-04,9545,2016-09-01,1134,019006,,4,1,9,1900,0,1,3,,2,031,"STATE ROUTE 14 S/B","CROWN VALLEY ROAD",4224.00,S,N,A,-,Y,,,14,,,,,,S,N,1,1,0,3,A,-,08,22107,,N,G,B,E,A,H,-,A,D,0,Y,,,Y,Y,,G,25,0,0,0,1,0,0,0,0,0,"- ","- ",34.494540000000001,-118.21307,"LOS ANGELES",UNINCORPORATED,-118.21307109999999,34.494537029999996
90610831,2017,2017-12-05,9535,2017-11-26,1340,020767,,7,1,5,1901,0,1,1,,2,420,"I-10 EB TO ATLANTIC BLVD NB","ATLANTIC BLVD.",4.00,E,N,A,-,Y,,,10,,,,R,,E,N,4,0,1,2,A,-,10,21950,A,M,G,B,B,A,H,-,A,A,0,Y,,,,Y,,A,01,0,0,1,0,1,0,0,0,0,"- ","- ",34.070399999999999,-118.13428999999999,"LOS ANGELES",ALHAMBRA,-118.13428999999999,34.070399999999999
90611653,2017,2017-12-06,9535,2017-11-25,1130,021052,,6,1,5,1901,0,1,1,,2,421,"I-10 W/B FROM S/B NEW AVE. ON-RAMP","NEW AVE.",25.00,W,N,A,-,Y,,,10,,,,R,,W,N,4,0,1,2,A,-,09,21804,A,N,D,G,A,A,H,-,A,D,0,,Y,,,Y,,L,04,0,0,1,0,0,0,1,0,0,"- ","- ",34.072899999999997,-118.108,"LOS ANGELES",ALHAMBRA,-118.108,34.072899999999997
90611698,2017,2017-12-06,9535,2017-11-25,0650,017595,,6,1,4,1907,0,1,1,,2,072,"I-710 N/B FROM FLORENCE AVE. W/B","FLORENCE AVE.",25.00,N,N,A,-,Y,,,710,,,,R,,N,N,3,0,1,2,A,-,10,21950,A,F,D,G,A,A,H,-,A,A,0,,Y,,,Y,,A,07,0,1,0,0,0,0,1,0,0,"- ","- ",33.968040000000002,-118.16564,"LOS ANGELES",BELL,-118.16564,33.968040000000002
90612263,2017,2018-06-04,9525,2017-10-12,2310,019970,,4,3,6,1955,0,1,3,,2,615,"SR-60 WESTBOUND (POMONA FREEWAY)","GAREY AVENUE",319.00,W,N,B,-,Y,,,60,,,,,,W,Y,1,1,2,2,A,-,11,21954,A,N,G,B,E,A,H,-,D,D,0,Y,,,,Y,Y,N,60,0,0,2,1,0,0,0,0,0,"- ","- ",34.023350000000001,-117.75028,"LOS ANGELES",POMONA,-117.7502781,34.023370710000002
90613832,2017,2017-12-11,9550,2017-12-09,2140,021500,,6,2,5,1935,0,1,1,,2,652,"INTERSTATE 605 NORTH BOUND","WARDLOW ROAD",1432.00,N,N,B,-,Y,,,,,,,,,,Y,2,0,1,3,A,-,01,23152,A,F,B,C,E,A,H,-,D,D,0,Y,,,,Y,Y,D,22,1,0,0,0,1,0,0,0,0,"- ","- ",33.821820000000002,-118.08123000000001,"LOS ANGELES",LAKEWOOD,-118.08138728,33.821593819999997
90618257,2017,2017-12-15,9525,2017-12-13,2304,020989,,3,3,4,1960,0,1,3,,2,572,"SR-57 N/B (ORANGE FWY)","VIA VERDE AVE",1584.00,S,N,A,-,Y,,,57,,,,,,N,Y,2,0,3,5,A,-,01,23152,A,N,C,C,E,A,H,-,C,D,0,Y,,,,Y,Y,A,01,2,1,0,0,2,0,0,0,0,"- ","- ",34.074249999999999,-117.81014,"LOS ANGELES","SAN DIMAS",-117.81022229,34.074178259999996
90620217,2017,2017-12-19,9545,2017-12-15,0300,020547,,5,3,9,1900,0,1,3,,2,021,"SR-14 N/B","BARREL SPRINGS RD",1426.00,N,N,A,-,Y,,,14,,,,,,N,N,2,0,1,2,A,-,03,22350,,F,G,B,E,A,H,-,C,D,0,Y,,,,Y,,-,99,1,0,0,0,1,0,0,0,0,"- ","- ",34.550179999999997,-118.13145,"LOS ANGELES",UNINCORPORATED,-118.13152976000001,34.550163920000003
9062091,2020,2020-09-30,1941,2020-02-28,1735,11405,,5,5,7,1941,0,0,0,,0,,"ATLANTIC AV","RT 91",0.00,,Y,A,-,Y,LA,7,91,-,R,12.242,R,1,W,N,4,0,1,2,D,-,00,,,N,G,B,B,A,H,-,A,A,0,Y,,,,Y,,-,"- ",0,0,1,0,1,0,0,0,0,"- ",WF,,,"LOS ANGELES","LONG BEACH",-118.1837158203125,33.876850128173828
90621286,2017,2017-12-20,9550,2017-12-09,1800,021533,,6,2,9,1900,0,3,5,,2,001,"INTERSTATE 605 NB","WHITTIER BOULEVARD",36.00,N,N,A,-,Y,,,,,,,,,,N,4,0,1,2,A,-,09,21804,A,N,G,G,A,A,H,-,C,D,0,,Y,,,Y,,L,04,0,0,1,0,0,0,1,0,0,"- ","- ",33.99333,-118.06479,"LOS ANGELES",UNINCORPORATED,-118.06913422,33.99346628
90622904,2017,2017-12-21,9530,2017-12-01,1715,021642,,5,2,7,1942,1,4,S,,2,901,"FLORENCE AVE. (900 BLOCK)","WADSWORTH AVE.",275.00,E,N,A,-,Y,,,,,,,,,,N,2,0,1,2,A,-,05,21650,,N,A,G,A,A,H,-,B,D,0,,Y,,,Y,,L,04,1,0,0,0,0,0,1,0,0,"- ","- ",33.974699999999999,-118.25767999999999,"LOS ANGELES","LOS ANGELES",-118.25776481,33.974744299999998
90626863,2017,2017-12-26,9545,2017-12-17,2500,021695,,7,4,9,1900,0,3,5,,2,004,"120TH STREET EAST","AVENUE F",1584.00,S,N,A,-,Y,,,,,,,,,,N,2,0,1,2,A,-,11,21954,A,F,G,B,E,A,H,-,A,D,0,Y,,,,Y,,N,60,1,0,0,0,1,0,0,0,0,"- ","- ",34.747799999999998,-117.91638,"LOS ANGELES",UNINCORPORATED,-117.916355,34.744787789999997
90627131,2017,2017-12-26,9565,2017-12-20,1930,019355,,3,2,9,1900,0,1,1,,2,012,"I-105 W/B (CENTURY FREEWAY)","VAN NESS AVE.",155.00,E,N,A,-,Y,,,,,,,,,,N,3,0,1,2,A,-,11,21954,A,N,G,B,E,A,H,-,C,D,0,Y,,,,Y,Y,N,60,0,1,0,0,1,0,0,0,0,"- ","- ",33.925699999999999,-118.31717999999999,"LOS ANGELES",UNINCORPORATED,-118.31729015000001,33.925621059999997
90630696,2017,2018-01-02,9530,2017-12-17,0011,021490,,7,3,9,1900,0,1,1,,2,120,"I-110 N/B (HARBOR FREEWAY)","LOMITA BLVD.",130.00,S,N,A,-,Y,,,110,,,,,,N,Y,2,0,3,3,A,-,08,22107,,N,G,B,E,A,H,-,D,D,0,Y,,,,Y,,A,07,2,1,0,0,1,0,0,0,0,"- ","- ",33.79898,-118.28776999999999,"LOS ANGELES",UNINCORPORATED,-118.28778521,33.798970060000002
90636217,2017,2018-01-09,9530,2017-09-14,1745,021541,,4,2,7,1942,0,1,1,,2,200,"I-105 E/B (GLENN ANDERSON FWY)","CENTRAL AVE.",200.00,W,N,A,-,Y,,,105,,,,,,E,N,4,0,1,2,A,-,21,22106,,F,G,B,E,A,H,-,A,D,0,Y,,,,Y,,-,99,0,0,1,0,1,0,0,0,0,"- ","- ",33.92774,-118.25519,"LOS ANGELES","LOS ANGELES",-118.25519839,33.927803570000002
90637662,2017,2018-01-10,9535,2017-12-28,2035,021638,,4,2,9,1900,0,3,5,,2,002,"VIA CORONA STREET (5000 BLOCK)","GERHART AVE",304.00,W,N,A,-,Y,,,,,,,,,,Y,3,0,1,2,A,-,09,21801,A,N,H,G,A,A,H,-,C,D,0,,Y,,,Y,,A,01,0,1,0,0,0,0,1,0,0,"- ","- ",34.026220000000002,-118.14552,"LOS ANGELES",UNINCORPORATED,-118.14548963,34.026160390000001
9063888,2020,2020-10-13,1941,2020-02-29,2300,11571,,6,5,7,1941,0,0,0,,0,,"PACIFIC COAST HWY","CHESTNUT AV",0.00,,Y,A,-,Y,LA,7,1,-,-,6.680,H,-,N,N,3,0,1,2,A,-,11,21955,,F,A,B,D,A,H,-,C,D,0,Y,,,,Y,Y,N,,0,1,0,0,1,0,0,0,0,"- ","- ",,,"LOS ANGELES","LONG BEACH",-118.196533203125,33.7899169921875
90641245,2017,2018-01-17,9565,2017-12-19,1823,020604,,2,2,5,1928,0,1,1,,2,012,"I-105 W/B TO HAWTHORNE BOULEVARD","PRAIRIE AVENUE",533.00,W,N,A,-,Y,,,105,,,,R,,W,N,1,1,0,2,A,-,00,21461,,N,G,B,E,A,H,-,D,D,0,Y,,,,Y,,N,60,0,0,0,1,0,0,0,0,0,"- ","- ",33.931429999999999,-118.34542999999999,"LOS ANGELES",HAWTHORNE,-118.34542999999999,33.931429999999999
90641336,2018,2018-01-17,9540,2018-01-09,0608,021214,,2,1,7,1942,0,1,1,,2,213,"I-210 E/B (FOOTHILL FREEWAY)","POLK ST",10.00,E,N,B,C,Y,,,210,,,,,,E,N,2,0,1,2,A,-,10,21950,A,N,E,B,B,B,H,-,C,A,0,Y,,,,Y,,A,01,1,0,0,0,1,0,0,0,0,"- ","- ",34.316089630126953,-118.44019317626953,"LOS ANGELES","LOS ANGELES",-118.43997192382812,34.316368103027344
90642162,2018,2018-01-17,9565,2018-01-04,2320,021915,,4,3,7,1942,0,1,1,,2,062,"I-405 S/B (SAN DIEGO FWY)","PICO BLVD",271.00,N,N,A,-,Y,,,405,,,,,,S,Y,2,0,1,2,A,-,08,22107,,N,G,B,E,A,H,-,D,D,0,Y,,,,Y,,A,01,1,0,0,0,1,0,0,0,0,"- ","- ",34.03594970703125,-118.43846130371094,"LOS ANGELES","LOS ANGELES",-118.43834686279297,34.036003112792969
90642264,2018,2018-01-18,9535,2018-01-08,1745,020818,,1,2,5,1948,0,1,3,,2,600,"SR-60 E/B FROM ATLANTIC BLVD. S/B","ATLANTIC BLVD.",19.00,W,N,C,-,Y,,,60,,,,R,,E,N,3,0,1,2,A,-,10,21950,A,N,G,B,C,B,H,-,D,D,0,Y,,,,Y,,D,22,0,1,0,0,1,0,0,0,0,"- ","- ",34.034568786621094,-118.15131378173828,"LOS ANGELES","MONTEREY PARK",-118.15131378173828,34.034568786621094
90643259,2018,2018-01-19,9530,2018-01-11,1550,020236,,4,2,9,1900,0,3,5,,2,001,"66TH ST. (1450 BLOCK)","COMPTON AVE.",3.00,E,N,A,-,Y,,,,,,,,,,N,4,0,1,2,A,-,09,21804,,N,D,G,A,A,H,-,A,A,0,,Y,,,Y,,L,04,0,0,1,0,0,0,1,0,0,"- ","- ",33.979999542236328,-118.24680328369141,"LOS ANGELES",UNINCORPORATED,-118.24770355224609,33.980018615722656
90644586,2018,2018-01-22,9525,2018-01-09,0404,021393,,2,3,5,1990,0,1,3,,2,574,"SR-57 N/B (ORANGE FWY)","DIAMOND BAR BLVD.",1056.00,N,N,B,C,Y,,,57,,,,,,N,N,2,0,1,2,A,-,11,21954,A,N,G,B,E,B,H,-,D,D,0,Y,,,,Y,,N,60,1,0,0,0,1,0,0,0,0,"- ","- ",33.973739624023438,-117.84458923339844,"LOS ANGELES","DIAMOND BAR",-117.84454345703125,33.973705291748047
90646271,2018,2018-01-24,9550,2018-01-17,0010,015329,,3,3,3,1903,0,1,3,,2,092,"STATE ROUTE 91 W/B FROM NORWALK BLVD.","NORWALK BOULEVARD",15.00,W,N,A,-,Y,,,91,,,,R,,W,N,2,0,1,1,A,-,03,22350,,N,E,I,A,A,H,-,C,D,0,,Y,,,Y,,L,04,1,0,0,0,0,0,1,0,0,"- ","- ",33.877128601074219,-118.07285308837891,"LOS ANGELES",ARTESIA,-118.07285308837891,33.877128601074219
90646360,2018,2018-01-24,9535,2018-01-12,2218,021148,,5,3,5,1901,0,1,1,,2,420,"I-10 E/B FROM ATLANTIC BLVD N/B","ATLANTIC BLVD",22.00,E,N,A,-,Y,,,10,,,,R,,E,N,2,0,1,2,A,-,09,21804,A,N,H,G,A,A,H,-,C,A,0,,Y,,,Y,,L,04,1,0,0,0,0,0,1,0,0,"- ","- ",34.069969177246094,-118.13426208496094,"LOS ANGELES",ALHAMBRA,-118.13426208496094,34.069969177246094
90647005,2018,2018-01-25,9535,2018-01-15,1400,017944,,1,2,1,1973,0,1,1,,2,073,"I-710 SB TO BANDINI BLVD.",I-710,466.00,W,N,A,-,Y,,,710,,,,R,,S,N,2,0,1,2,A,-,10,21950,A,N,G,B,C,A,H,-,A,A,0,Y,,,,Y,,D,22,1,0,0,0,1,0,0,0,0,"- ","- ",33.999080657958984,-118.17787933349609,"LOS ANGELES",VERNON,-118.17787933349609,33.999080657958984
90647681,2017,2018-06-04,9525,2017-12-04,1923,020216,,1,2,1,1934,0,1,1,,2,651,"I-605 SOUTHBOUND (SAN GABRIEL RVR FWY)","RAMONA BOULEVARD",675.00,N,N,A,-,Y,,,605,,,,,,S,N,1,1,0,3,A,-,05,21202,A,N,B,G,A,A,H,-,C,D,0,,Y,,,Y,,L,04,0,0,0,0,0,1,0,0,0,"- ","- ",34.079560000000001,-117.99809,"LOS ANGELES",IRWINDALE,-117.99806167,34.07955785
90647699,2018,2018-01-25,9590,2018-01-22,0755,016689,,1,1,7,1942,0,1,2,,2,072,"US-101 N/B","SUNSET BOULEVARD",250.00,N,N,B,-,Y,,,101,,,,,,N,N,4,0,1,2,A,-,11,21954,A,N,B,B,E,A,H,-,A,D,0,Y,,,,Y,,N,60,0,0,1,0,1,0,0,0,0,"- ","- ",34.098781585693359,-118.31478881835938,"LOS ANGELES","LOS ANGELES",-118.31479644775391,34.098773956298828
90647794,2017,2018-05-07,9525,2017-06-17,0243,020823,,6,3,5,1990,0,1,3,,2,603,"SR-60 W/B (POMONA FWY)","DIAMOND BAR BLVD.",457.00,E,N,A,-,Y,,,60,,,,,,W,Y,1,1,0,3,A,-,03,22350,,N,C,C,E,A,H,-,C,D,0,Y,,,,Y,Y,A,01,0,0,0,1,0,0,0,0,0,"- ","- ",34.024149999999999,-117.81025,"LOS ANGELES","DIAMOND BAR",-117.81028176,34.024211870000002
90649774,2018,2018-01-29,9575,2018-01-21,1158,021784,,7,1,9,1900,0,1,3,,2,300,"SR-2 (ANGELES CREST HIGHWAY)","3000 FT. ELEVATION",10560.00,E,N,A,-,Y,,,2,,,,,,,N,3,0,1,1,A,-,08,22107,,N,F,A,A,A,H,-,A,D,0,,Y,,,Y,,L,04,0,1,0,0,0,0,1,0,0,"- ","- ",34.269718170166016,-118.16758728027344,"LOS ANGELES",UNINCORPORATED,-118.16758728027344,34.26971435546875
90650824,2018,2018-01-30,9575,2018-01-20,1958,021340,,6,2,9,1900,0,2,4,,2,020,"ALTADENA DR. (E 1000 BLOCK)","MAIDEN LN",8.00,W,N,A,-,Y,,,,,,,,,,N,2,0,1,2,A,-,10,21950,A,N,G,B,B,A,H,-,C,D,0,Y,,,,Y,,A,07,1,0,0,0,1,0,0,0,0,"- ","- ",34.190380096435547,-118.12875366210938,"LOS ANGELES",UNINCORPORATED,-118.12862396240234,34.190330505371094
90653722,2018,2018-02-02,9525,2018-01-31,0230,019854,,3,3,6,1955,0,1,1,,2,110,"I-10 E/B (SAN BERNARDINO FWY)","TOWNE AVE",1320.00,E,N,A,-,Y,,,10,,,,,,E,N,4,0,1,2,A,-,11,21954,A,N,G,B,E,A,H,-,D,D,0,Y,,,,Y,,N,60,0,0,1,0,1,0,0,0,0,"- ","- ",34.079730987548828,-117.73764038085938,"LOS ANGELES",POMONA,-117.73765563964844,34.07977294921875