CASE_ID,ACCIDENT_YEAR,PROC_DATE,JURIS,COLLISION_DATE,COLLISION_TIME,OFFICER_ID,REPORTING_DISTRICT,DAY_OF_WEEK,CHP_SHIFT,POPULATION,CNTY_CITY_LOC,SPECIAL_COND,BEAT_TYPE,CHP_BEAT_TYPE,CITY_DIVISION_LAPD,CHP_BEAT_CLASS,BEAT_NUMBER,PRIMARY_RD,SECONDARY_RD,DISTANCE,DIRECTION,INTERSECTION,WEATHER_1,WEATHER_2,STATE_HWY_IND,CALTRANS_COUNTY,CALTRANS_DISTRICT,STATE_ROUTE,ROUTE_SUFFIX,POSTMILE_PREFIX,POSTMILE,LOCATION_TYPE,RAMP_INTERSECTION,SIDE_OF_HWY,TOW_AWAY,COLLISION_SEVERITY,NUMBER_KILLED,NUMBER_INJURED,PARTY_COUNT,PRIMARY_COLL_FACTOR,PCF_CODE_OF_VIOL,PCF_VIOL_CATEGORY,PCF_VIOLATION,PCF_VIOL_SUBSECTION,HIT_AND_RUN,TYPE_OF_COLLISION,MVIW,PED_ACTION,ROAD_SURFACE,ROAD_COND_1,ROAD_COND_2,LIGHTING,CONTROL_DEVICE,CHP_ROAD_TYPE,PEDESTRIAN_ACCIDENT,BICYCLE_ACCIDENT,MOTORCYCLE_ACCIDENT,TRUCK_ACCIDENT,NOT_PRIVATE_PROPERTY,ALCOHOL_INVOLVED,STWD_VEHTYPE_AT_FAULT,CHP_VEHTYPE_AT_FAULT,COUNT_SEVERE_INJ,COUNT_VISIBLE_INJ,COUNT_COMPLAINT_PAIN,COUNT_PED_KILLED,COUNT_PED_INJURED,COUNT_BICYCLIST_KILLED,COUNT_BICYCLIST_INJURED,COUNT_MC_KILLED,COUNT_MC_INJURED,PRIMARY_RAMP,SECONDARY_RAMP,LATITUDE,LONGITUDE,COUNTY,CITY,POINT_X,POINT_Y
9071298,2020,2020-11-30,1942,2020-06-09,0920,42451,1444,2,5,7,1942,0,0,0,N,0,14A45,"LINCOLN BL","GRANT AV",92.00,S,N,A,-,Y,LA,7,1,-,-,31.850,H,-,N,N,4,0,1,2,C,-,18,,,N,H,G,A,A,H,-,A,D,0,,Y,,,Y,,-,"- ",0,0,1,0,0,0,1,0,0,"- ","- ",,,"LOS ANGELES","LOS ANGELES",-118.44850921630859,33.991355895996094
90718127,2018,2018-05-02,9535,2018-04-21,1930,021305,,6,2,9,1900,0,1,1,,2,070,"I-710 (LONG BEACH FREEWAY) N/B","SR-60 (POMONA FREEWAY) E/B",500.00,S,N,A,-,Y,,,710,,,,,,N,N,3,0,2,4,A,-,08,22107,,N,B,C,E,A,H,-,C,D,0,Y,,,,Y,,A,01,0,2,0,0,1,0,0,0,0,"- ","- ",34.034900665283203,-118.16989135742188,"LOS ANGELES",UNINCORPORATED,-118.16989135742188,34.034900665283203
9071860,2020,2020-09-30,1941,2020-03-02,1709,5754,,1,5,7,1941,0,0,0,,0,,"PACIFIC COAST HWY","LONG BEACH BL",0.00,,Y,A,-,Y,LA,7,1,-,-,6.511,I,5,N,N,4,0,1,2,A,-,10,21950,A,N,D,B,B,A,H,-,A,A,0,Y,,,,Y,,A,,0,0,1,0,1,0,0,0,0,"- ","- ",,,"LOS ANGELES","LONG BEACH",-118.19361877441406,33.7899169921875
90719458,2018,2018-05-03,9525,2018-05-01,1421,019291,,2,2,9,1900,0,3,5,,2,004,"CALIFORNIA AVE","TEMPLE AVE",0.00,,Y,B,-,Y,,,,,,,,,,Y,3,0,1,2,A,-,08,22107,,F,B,G,A,A,H,-,A,A,0,,Y,,,Y,,A,01,0,1,0,0,0,0,1,0,0,"- ","- ",34.037220001220703,-117.9632568359375,"LOS ANGELES",UNINCORPORATED,-117.96331787109375,34.037189483642578
90719558,2018,2018-05-03,9580,2018-04-20,0730,014592,,5,1,7,1942,0,1,1,,2,407,"I-405 S/B FROM NORDHOFF ST.","NORDHOFF ST",5.00,S,N,A,-,Y,,,405,,,,R,,S,N,3,0,1,2,A,-,08,22107,,N,G,B,B,A,H,-,A,A,0,Y,,,,Y,,A,01,0,1,0,0,1,0,0,0,0,"- ","- ",34.235519409179688,-118.47357177734375,"LOS ANGELES","LOS ANGELES",-118.47357177734375,34.235519409179688
90720237,2018,2018-05-04,9525,2018-05-01,1716,019291,,2,2,9,1900,0,3,5,,2,004,"BASETDALE AVE","PECKAM DR",115.00,S,N,B,-,Y,,,,,,,,,,N,2,0,1,2,A,-,17,21200,,N,B,E,A,A,H,-,A,D,0,,Y,,,Y,Y,L,04,1,0,0,0,0,0,1,0,0,"- ","- ",34.042289733886719,-118.00543212890625,"LOS ANGELES",UNINCORPORATED,-118.00541687011719,34.042247772216797
90720385,2018,2018-05-04,9590,2018-04-23,2045,021671,,1,2,7,1942,0,1,1,,2,052,"I-110 N/B FROM 5TH STREET","5TH STREET",42.00,N,N,A,-,Y,,,110,,,,R,,N,N,3,0,1,2,A,-,11,21954,A,N,G,B,D,A,H,-,C,D,0,Y,,,,Y,,A,01,0,1,0,0,1,0,0,0,0,"- ","- ",34.052829742431641,-118.25785064697266,"LOS ANGELES","LOS ANGELES",-118.25785064697266,34.052829742431641
90720593,2018,2018-05-07,9590,2018-05-04,1150,019008,,5,1,7,1942,0,1,2,,2,073,"US-101 SB (HOF) TO HOLLYWOOD BLVD","HOLLYWOOD BLVD",20.00,N,N,A,-,Y,,,101,,,,R,,S,N,4,0,1,2,A,-,10,21950,C,F,G,B,E,A,H,-,A,D,0,Y,,,,Y,,A,01,0,0,1,0,1,0,0,0,0,"- ","- ",34.101871490478516,-118.31713104248047,"LOS ANGELES","LOS ANGELES",-118.31713104248047,34.101871490478516
90720787,2018,2018-05-07,9550,2018-04-26,1630,021410,,4,2,9,1900,0,1,3,,2,602,"SR-60 W/B FROM NOGALES ST. S/B","GALE AVENUE",1000.00,S,N,A,-,Y,,,60,,,,R,,W,N,4,0,1,2,A,-,09,21804,A,F,H,G,A,A,H,-,A,D,0,,Y,,,Y,,L,04,0,0,1,0,0,0,1,0,0,"- ","- ",33.995559692382812,-117.88864898681641,"LOS ANGELES",UNINCORPORATED,-117.88864898681641,33.995559692382812
90722427,2018,2018-05-08,9580,2018-04-26,1832,020402,,4,2,7,1942,0,1,3,,2,170,"SR-170 N/B FROM MAGNOLIA BLVD.","MAGNOLIA BLVD",3.00,N,N,A,-,Y,,,170,,,,R,,N,N,4,0,1,2,A,-,08,22107,,N,G,B,B,A,H,-,B,A,0,Y,,,,Y,,D,22,0,0,1,0,1,0,0,0,0,"- ","- ",34.165279388427734,-118.38227844238281,"LOS ANGELES","LOS ANGELES",-118.38227844238281,34.165279388427734
90723095,2018,2018-05-09,9590,2018-05-05,0225,021998,,6,3,7,1942,0,1,1,,2,040,"I-5 N/B (SANTA ANA FREEWAY)","ESPERANZA ST.",1000.00,N,N,A,-,Y,,,5,,,,,,N,Y,3,0,3,4,A,-,03,22350,,N,C,C,E,A,H,-,C,D,0,Y,,,,Y,,A,01,0,3,0,0,1,0,0,0,0,"- ","- ",34.022670745849609,-118.19889831542969,"LOS ANGELES","LOS ANGELES",-118.19891357421875,34.022632598876953
90725063,2017,2018-05-14,9535,2017-12-10,1849,021131,,7,2,5,1906,0,1,1,,2,650,"I-605 (SAN GABRIEL RIVER FREEWAY) N/B","VALLEY BOULEVARD",1550.00,N,N,A,-,Y,,,605,,,,,,N,Y,1,1,0,2,A,-,00,21960,,N,G,B,E,A,H,-,C,D,0,Y,,,,Y,,N,60,0,0,0,1,0,0,0,0,0,"- ","- ",34.058160000000001,-118.00201,"LOS ANGELES","BALDWIN PARK",-118.00200192,34.058155999999997
90725705,2018,2018-05-14,9535,2018-05-03,1434,020347,,4,2,9,1900,0,2,4,,2,025,"ATLANTIC BLVD (400 BLOCK)","4TH ST  E",300.00,S,N,A,-,Y,,,,,,,,,,N,4,0,1,2,A,-,05,21650,,N,H,G,A,A,H,-,A,D,0,,Y,,,Y,,L,04,0,0,1,0,0,0,1,0,0,"- ","- ",34.028800964355469,-118.15470123291016,"LOS ANGELES",UNINCORPORATED,-118.15480804443359,34.028591156005859
90728268,2018,2018-05-17,9525,2018-05-07,2100,018651,,1,2,6,1955,0,1,1,,2,109,"I-10 E/B (SAN BERNARDINO FWY)","TOWNE AVE.",500.00,E,N,A,-,Y,,,10,,,,,,E,Y,3,0,3,4,A,-,03,22350,,N,C,C,E,A,H,-,C,D,0,Y,,,,Y,Y,A,01,0,2,1,0,2,0,0,0,0,"- ","- ",34.07952880859375,-117.73808288574219,"LOS ANGELES",POMONA,-117.73810577392578,34.079586029052734
90728338,2018,2018-05-17,9525,2018-05-09,0857,016677,,3,1,6,1955,0,1,3,,2,572,"SR-57 N/B (ORANGE FWY)","TEMPLE AVE",5.00,S,N,A,-,Y,,,57,,,,,,N,N,3,0,1,2,A,-,05,21650,,N,D,G,A,A,D,-,A,A,0,,Y,,,Y,,L,04,0,1,0,0,0,0,1,0,0,"- ","- ",34.043178558349609,-117.80084991455078,"LOS ANGELES",POMONA,-117.80084991455078,34.043182373046875
90729439,2018,2018-05-18,9535,2018-05-08,2030,021970,,2,2,5,1959,0,1,1,,2,400,"I-10 E/B FROM SAN GABRIEL BLVD N/B ON","SAN GABRIEL BLVD",25.00,E,N,A,-,Y,,,,,,,,,,N,4,0,1,2,A,-,10,21950,A,M,G,G,A,A,H,-,C,D,0,,Y,,,Y,Y,D,22,0,0,1,0,0,0,1,0,0,"- ","- ",34.412818908691406,-118.52561187744141,"LOS ANGELES",ROSEMEAD,-118.09054565429688,34.071872711181641
90735524,2018,2018-05-28,9530,2018-05-24,1210,020375,,4,1,9,1900,0,3,5,,2,002,"WILLOWBROOK AVE (12000 BLOCK)","120TH ST.",176.00,S,N,A,-,Y,,,,,,,,,,N,2,0,1,2,A,-,11,21954,A,N,G,B,E,A,H,-,A,D,0,Y,,,,Y,,N,60,1,0,0,0,1,0,0,0,0,"- ","- ",33.92266845703125,-118.23506927490234,"LOS ANGELES",UNINCORPORATED,-118.23542785644531,33.923328399658203
90735851,2018,2018-05-29,9525,2018-05-12,2035,021280,,6,2,4,1905,0,1,1,,2,204,"I-210 E/B (FOOTHILL FWY)","AZUSA AVE",1056.00,E,N,A,-,Y,,,210,,,,,,E,N,3,0,1,2,A,-,11,21954,A,N,G,B,E,A,H,-,C,D,0,Y,,,,Y,,N,60,0,1,0,0,1,0,0,0,0,"- ","- ",34.121028900146484,-117.90062713623047,"LOS ANGELES",AZUSA,-117.90062713623047,34.120994567871094
90736180,2018,2018-05-29,9590,2018-01-31,0042,020344,,3,3,7,1942,0,1,1,,2,051,"I-110 S/B (HARBOR FWY.) TO 51ST STREET","49TH STREET",110.00,N,N,A,-,Y,,,110,,,,R,,S,N,1,1,0,2,C,-,18,,,F,G,B,E,A,H,-,C,D,0,Y,,,,Y,,-,"- ",0,0,0,1,0,0,0,0,0,"- ","- ",33.998790740966797,-118.28108978271484,"LOS ANGELES","LOS ANGELES",-118.28108978271484,33.998790740966797
90737675,2018,2018-05-30,9580,2018-05-29,0640,015926,,2,1,9,1900,0,1,3,,1,270,"SR-27 N/B (TOPANGA CYN. BLVD.)","GRAND VIEW DRIVE",5808.00,S,N,A,-,Y,,,27,,,,,,N,N,4,0,1,2,A,-,03,22350,,N,C,G,A,A,H,-,A,D,0,,Y,,,Y,,A,01,0,0,1,0,0,0,1,0,0,"- ","- ",34.074150085449219,-118.58834075927734,"LOS ANGELES",UNINCORPORATED,-118.58841705322266,34.074119567871094
90737868,2018,2018-05-31,9535,2018-03-11,1920,021119,,7,2,5,1969,0,1,1,,2,075,"I-710 (LONG BEACH FREEWAY) S/B","SOUTHGATE RAILROAD UNDERPASS",355.00,S,N,A,-,Y,,,710,,,,,,S,N,1,1,0,2,A,-,11,21954,A,N,G,B,E,A,H,-,C,D,0,Y,,,,Y,,N,60,0,0,0,1,0,0,0,0,0,"- ","- ",33.949779510498047,-118.17051696777344,"LOS ANGELES","SOUTH GATE",-118.17050170898438,33.949779510498047
90739922,2017,2018-08-03,9525,2017-01-21,2010,020572,,6,2,9,1900,0,1,1,,2,105,"I-10 W/B (SAN BERNARDINO FWY)","VIA VERDE",1443.00,W,N,B,-,Y,,,10,,,,,,W,Y,2,0,2,3,A,-,08,22107,,N,G,B,E,A,D,E,C,D,0,Y,,,,Y,,A,01,1,0,1,0,2,0,0,0,0,"- ","- ",34.068779999999997,-117.8439,"LOS ANGELES",UNINCORPORATED,-117.84388362,34.068691020000003
90740396,2018,2018-06-04,9550,2018-01-01,0240,021141,,1,3,7,1941,0,1,1,,2,653,"INTERSTATE 605 NORTHBOUND","SPRING STREET",1308.00,N,N,E,-,Y,,,605,,,,,,N,N,1,1,0,2,A,-,11,21954,A,F,G,B,E,A,H,-,C,D,0,Y,,,,Y,,N,60,0,0,0,1,0,0,0,0,0,"- ","- ",33.813800811767578,-118.08123779296875,"LOS ANGELES","LONG BEACH",-118.08132171630859,33.813800811767578
90740922,2018,2018-06-05,9530,2018-04-07,1820,021493,,6,2,5,1943,0,1,1,,2,210,"I-105 W/B (GLENN ANDERSON FWY)","LONG BEACH BLVD.",5280.00,E,N,A,-,Y,,,105,,,,,,W,N,4,0,1,3,A,-,06,21755,,F,C,B,E,A,H,-,A,D,0,Y,,Y,,Y,,A,01,0,0,1,0,1,0,0,0,0,"- ","- ",33.918899536132812,-118.19593048095703,"LOS ANGELES",LYNWOOD,-118.1959228515625,33.918914794921875
90741484,2018,2018-06-05,9535,2018-03-04,1555,020033,,7,2,9,1900,0,1,1,,2,070,"I-710 NORTHBOUND TO I-10 WESTBOUND","CAMPUS ROAD",132.00,W,N,A,-,Y,,,,,,,,,,N,1,1,0,2,A,-,00,21960,A,N,G,B,E,A,H,-,A,D,0,Y,,,Y,Y,,N,60,0,0,0,1,0,0,0,0,0,"- ","- ",34.061668395996094,-118.17178344726562,"LOS ANGELES",UNINCORPORATED,-118.17168426513672,34.061363220214844
90743787,2018,2018-06-07,9525,2018-05-13,0340,021748,,7,3,4,1913,0,1,1,,2,110,"I-10 E/B (SAN BERNARDINO FWY)","INDIAN HILL BLVD",735.00,W,N,A,-,Y,,,10,,,,,,E,Y,4,0,4,6,A,-,03,22350,,N,D,C,E,A,H,-,C,D,0,Y,,,,Y,,A,01,0,0,4,0,4,0,0,0,0,"- ","- ",34.081558227539062,-117.72181701660156,"LOS ANGELES",CLAREMONT,-117.72181701660156,34.081600189208984
90744350,2017,2018-11-13,9580,2017-11-21,0545,016003,,2,3,9,1900,0,1,3,,2,119,"SR-118 W/B (RONALD REAGAN FWY.)","SR-27 N/B (TOPANGA CYN. BLVD.)",888.00,E,N,A,-,Y,,,118,,,,,,W,Y,1,1,4,6,A,-,03,22350,,N,C,C,E,A,H,-,C,D,0,Y,,Y,,Y,,A,01,0,1,3,1,0,0,0,0,1,"- ","- ",34.276960000000003,-118.60234,"LOS ANGELES",UNINCORPORATED,-118.60231394,34.277029980000002
90746164,2018,2018-06-12,9530,2018-06-08,0102,021108,,5,3,7,1942,0,1,1,,2,110,"I-110 S/B TO I-405","182ND ST.",60.00,N,N,A,-,Y,,,110,,,,R,,S,Y,3,0,1,4,A,-,08,22107,,M,D,E,E,A,H,-,C,D,0,Y,,,,Y,,A,01,0,1,0,0,1,0,0,0,0,"- ","- ",33.869541168212891,-118.28530120849609,"LOS ANGELES","LOS ANGELES",-118.28530120849609,33.869541168212891
90751866,2018,2018-06-20,9530,2018-06-13,2205,014413,,3,3,7,1941,0,1,3,,2,320,"SR 91 W/B FROM ATLANTIC AVENUE","ATLANTIC AVENUE",12.00,W,N,A,-,Y,,,91,,,,R,,W,N,3,0,1,2,A,-,11,21950,B,N,G,B,B,A,H,-,D,A,0,Y,,,,Y,Y,N,60,0,1,0,0,1,0,0,0,0,"- ","- ",33.877239227294922,-118.18624114990234,"LOS ANGELES","LONG BEACH",-118.18624114990234,33.877239227294922
90752083,2018,2018-06-20,9590,2018-06-13,1625,016692,,3,2,7,1942,0,1,2,,2,070,"US-101 N/B (HOLLYWOOD FWY.)","VENDOME ST. U.C",20.00,N,N,A,-,Y,,,101,,,,,,N,N,3,0,1,2,A,-,11,21954,A,N,G,B,E,A,H,-,A,D,0,Y,,,,Y,,N,60,0,1,0,0,1,0,0,0,0,"- ","- ",34.076690673828125,-118.27913665771484,"LOS ANGELES","LOS ANGELES",-118.27915191650391,34.076652526855469
90752738,2017,2018-06-21,9580,2017-07-24,0224,020095,,1,3,3,1994,0,1,2,,2,109,"US-101 S/B (VENTURA FREEWAY)","KANAN RD",2806.00,S,N,A,-,Y,,,101,,,,,,S,Y,1,1,0,2,A,-,11,21954,A,N,G,B,E,A,H,-,D,D,0,Y,,,,Y,,N,60,0,0,0,1,0,0,0,0,0,"- ","- ",34.14452,-118.752,"LOS ANGELES","AGOURA HILLS",-118.75200149,34.144511540000003
90753309,2018,2018-06-21,9580,2018-06-09,1000,020462,,6,1,9,1900,0,1,3,,1,120,"SR-1 N/B (PACIFIC COAST HWY.)","COASTLINE DR",3.00,N,N,A,-,Y,,,1,,,,,,N,N,3,0,1,2,A,-,10,21950,A,N,G,B,B,A,H,-,A,A,0,Y,,,,Y,,D,22,0,1,0,0,1,0,0,0,0,"- ","- ",34.041881561279297,-118.56771087646484,"LOS ANGELES",UNINCORPORATED,-118.56771087646484,34.041877746582031
90753441,2018,2018-06-21,9535,2018-06-13,0532,022017,,3,3,5,1952,0,1,1,,2,075,"I-710 S/B TO ROSECRANS AVE.",I-710,350.00,W,N,B,-,Y,,,710,,,,R,,S,N,4,0,1,2,A,-,11,21950,B,N,D,G,A,A,H,-,A,A,0,,Y,,,Y,,L,04,0,0,1,0,0,0,1,0,0,"- ","- ",33.903690338134766,-118.18678283691406,"LOS ANGELES",PARAMOUNT,-118.18678283691406,33.903690338134766
90757630,2018,2018-06-28,9565,2018-06-22,1755,020958,,5,2,9,1900,0,3,5,,2,004,"EL SEGUNDO BOULEVARD E/B","SHOUP AVENUE",2.00,W,N,B,-,Y,,,,,,,,,,N,3,0,1,2,A,-,17,21451,A,N,D,G,A,A,H,-,A,A,0,,Y,,,Y,,A,07,0,1,0,0,0,0,1,0,0,"- ","- ",33.916301727294922,-118.36427307128906,"LOS ANGELES",UNINCORPORATED,-118.36421966552734,33.916400909423828
90763461,2018,2018-07-05,9550,2018-06-26,1055,017637,,2,1,5,1919,0,1,3,,2,092,"SR-91 E/B (ARTESIA FREEWAY)","STUDEBAKER RD",80.00,E,N,A,-,Y,,,91,,,,,,E,N,4,0,1,2,A,-,21,22106,,N,G,B,E,A,H,-,A,D,0,Y,,,Y,Y,,G,26,0,0,1,0,1,0,0,0,0,"- ","- ",33.869159698486328,-118.05500030517578,"LOS ANGELES",CERRITOS,-118.05476379394531,33.8695068359375
9076468,2020,2020-10-13,1942,2020-01-05,0830,40289,1179,7,5,7,1942,0,0,0,K,0,11A89,"E AVENUE43","CARLOTA BL",0.00,,Y,A,-,Y,LA,7,110,-,-,27.179,R,4,S,N,3,0,1,2,A,-,12,22450,A,N,B,G,A,A,H,-,A,A,0,,Y,,,Y,,L,04,0,1,0,0,0,0,1,0,0,"- ","- ",,,"LOS ANGELES","LOS ANGELES",-118.20622253417969,34.094261169433594
9076583,2020,2020-10-13,1942,2020-02-27,1048,33465,0463,4,5,7,1942,0,0,0,D,0,4A53,"4TH ST","STATE ST",261.00,E,N,A,-,Y,LA,7,5,-,-,17.741,R,1,S,N,3,0,1,2,A,-,11,21456,B,N,G,B,B,A,H,-,A,A,0,Y,,,,Y,,N,60,0,1,0,0,1,0,0,0,0,"- ","- ",,,"LOS ANGELES","LOS ANGELES",-118.21581268310547,34.045219421386719
90766223,2018,2020-04-28,9590,2018-02-01,2249,021346,,4,3,7,1942,0,1,1,,2,050,"I-110 NORTHBOUND (HARBOR FREEWAY)","SLAUSON AVENUE",667.00,S,N,A,-,Y,,,110,,,,,,N,N,1,1,0,3,A,-,11,21954,A,N,G,B,E,A,H,-,C,D,0,Y,,,,Y,,N,60,0,0,0,1,0,0,0,0,0,"- ","- ",33.987159729003906,-118.28016662597656,"LOS ANGELES","LOS ANGELES",-118.28041076660156,33.987159729003906
90766565,2018,2018-07-10,9550,2018-06-25,1045,019346,,1,1,6,1949,0,1,1,,2,150,"I-105 EB FROM HOXIE AVE.","HOXIE AVENUE",250.00,E,N,A,-,Y,,,105,,,,R,,E,N,3,0,1,3,A,-,03,22350,,N,H,B,E,A,H,-,A,D,0,Y,Y,,,Y,,L,04,0,1,0,0,0,0,1,0,0,"- ","- ",33.914230346679688,-118.10249328613281,"LOS ANGELES",NORWALK,-118.10249328613281,33.914230346679688
90766982,2018,2018-07-11,9565,2018-06-28,0934,019138,,4,1,7,1942,0,1,1,,2,062,"I-405 SB PHILIP D. ORTIZ MEMORIAL FWY","PALMS BLVD",750.00,S,N,A,-,Y,,,405,,,,,,S,Y,4,0,1,2,A,-,01,23152,F,F,G,B,E,A,H,-,A,D,0,Y,,,,Y,,A,01,0,0,1,0,1,0,0,0,0,"- ","- ",34.016948699951172,-118.42259216308594,"LOS ANGELES","LOS ANGELES",-118.42244720458984,34.017063140869141
90768465,2018,2018-07-13,9550,2018-07-10,2347,020617,,2,3,5,1919,0,1,3,,2,091,"STATE ROUTE 91 EASTBOUND","GRIDLEY ROAD",188.00,E,N,A,-,Y,,,91,,,,,,E,Y,1,1,3,6,A,-,01,23152,A,N,B,E,E,A,H,-,D,D,0,Y,,,Y,Y,Y,A,07,1,1,1,1,2,0,0,0,0,"- ","- ",33.876201629638672,-118.08999633789062,"LOS ANGELES",CERRITOS,-118.09000396728516,33.876426696777344
90768587,2018,2018-07-13,9530,2018-07-02,0036,022084,,1,3,7,1941,0,1,1,,2,072,"I-710 S/B (LONG BEACH FREEWAY)","PACIFIC COAST HWY.",1444.00,N,N,A,-,Y,,,710,,,,,,S,Y,2,0,2,4,A,-,01,23152,A,N,D,E,E,A,H,-,C,D,0,Y,,,,Y,Y,A,01,2,0,0,0,2,0,0,0,0,"- ","- ",33.798110961914062,-118.20716094970703,"LOS ANGELES","LONG BEACH",-118.20702362060547,33.798107147216797
90769789,2018,2018-07-16,9580,2018-07-05,1235,022090,,4,1,7,1942,0,1,2,,2,101,"US 101 S/B TO LAUREL CYN BLVD.","LAUREL CANYON BLVD",10.00,S,N,A,-,Y,,,,,,,,,,N,4,0,1,2,A,-,21,22106,,N,G,B,B,A,H,-,A,A,0,Y,,,,Y,,A,01,0,0,1,0,1,0,0,0,0,"- ","- ",34.153968811035156,-118.39665222167969,"LOS ANGELES","LOS ANGELES",-118.39646911621094,34.154350280761719
90770566,2018,2018-07-17,9530,2018-07-05,1745,022083,,4,2,9,1900,0,3,5,,2,001,"SLAUSON AVE. (1800 BLOCK)","HOLMES AVE.",20.00,E,N,A,-,Y,,,,,,,,,,N,3,0,1,3,A,-,11,21954,A,N,G,B,D,A,H,-,A,D,0,Y,,,,Y,,N,60,0,1,0,0,1,0,0,0,0,"- ","- ",33.989238739013672,-118.24082946777344,"LOS ANGELES",UNINCORPORATED,-118.24112701416016,33.989547729492188
90773845,2018,2018-07-20,9590,2018-07-15,0245,021848,,7,3,7,1942,0,1,1,,2,013,"SR-110 S/B (ARROYO SECO PARKWAY)","AVENUE 60",300.00,S,N,A,-,Y,,,110,,,,,,S,N,3,0,1,2,A,-,11,21956,,N,G,B,E,A,H,-,C,D,0,Y,,,,Y,,N,60,0,1,0,0,1,0,0,0,0,"- ","- ",34.107151031494141,-118.1868896484375,"LOS ANGELES","LOS ANGELES",-118.18687438964844,34.107131958007812
90776142,2018,2018-07-25,9535,2018-07-15,0402,020767,,7,3,5,1901,0,1,1,,2,420,"I-10 (SAN BERNARDINO FREEWAY) E/B","ATLANTIC BOULEVARD",75.00,E,N,A,-,Y,,,10,,,,,,E,N,2,0,1,2,A,-,00,21960,A,N,C,G,A,A,H,-,D,D,0,,Y,,,Y,,L,04,1,0,0,0,0,0,1,0,0,"- ","- ",34.07135009765625,-118.13385772705078,"LOS ANGELES",ALHAMBRA,-118.13385772705078,34.071315765380859
90776962,2018,2019-07-01,9525,2018-07-18,1754,021156,,3,2,9,1900,0,3,5,,2,001,"WILDFLOWER RD. (11100 BLOCK)","TYLER AVE",500.00,W,N,A,-,Y,,,,,,,,,,N,3,0,1,2,A,-,21,22106,,F,G,B,E,A,H,-,A,D,0,Y,,,,Y,,A,08,0,1,0,0,1,0,0,0,0,"- ","- ",34.102630615234375,-118.0257568359375,"LOS ANGELES",UNINCORPORATED,-118.02637481689453,34.102523803710938
9077864,2020,2020-11-30,1942,2020-04-02,2200,42901,1444,4,5,7,1942,0,0,0,N,0,,"LINCOLN BL","MAXELLA AV",140.00,S,N,A,-,Y,LA,7,1,-,-,31.340,H,-,N,Y,3,0,1,2,A,-,11,21954,A,N,G,B,D,A,H,-,C,D,0,Y,,,,Y,,N,60,0,1,0,0,1,0,0,0,0,"- ","- ",,,"LOS ANGELES","LOS ANGELES",-118.44316864013672,33.985347747802734
90778652,2018,2018-07-27,9575,2018-07-17,1230,017354,,2,1,6,1912,0,1,3,,2,044,"SR-134 W/B (VENTURA FREEWAY)","FORMAN AVE. U/C",600.00,E,N,A,-,Y,,,134,,,,,,W,Y,3,0,2,4,A,-,03,22350,,N,C,C,E,A,H,-,A,D,0,Y,,,,Y,,A,08,0,1,1,0,1,0,0,0,0,"- ","- ",34.153629302978516,-118.35011291503906,"LOS ANGELES",BURBANK,-118.35009765625,34.153568267822266
9077877,2020,2020-11-30,1942,2020-04-03,0030,40105,,5,5,7,1942,0,0,0,,0,25T33,"S CENTRAL AVE","W IMPERIAL HWY",300.00,S,N,A,-,Y,LA,7,105,-,R,9.089,R,1,W,N,2,0,1,2,A,-,12,21453,A,M,H,A,A,A,H,-,C,A,0,,Y,,,Y,,-,99,1,0,0,0,0,0,1,0,0,"- ","- ",,,"LOS ANGELES","LOS ANGELES",-118.25112915039062,33.928638458251953
9077899,2020,2020-08-25,1942,2020-04-01,1215,37336,1444,3,5,7,1942,0,0,0,N,0,27TL41,"LINCOLN BL","MAXELLA AV",330.00,N,N,A,-,Y,LA,7,1,-,-,31.430,H,-,N,N,3,0,1,2,A,-,08,22102,,N,G,B,E,A,H,-,A,D,0,Y,,,,Y,,A,01,0,1,0,0,1,0,0,0,0,"- ","- ",,,"LOS ANGELES","LOS ANGELES",-118.44403839111328,33.986465454101562