CASE_ID,ACCIDENT_YEAR,PROC_DATE,JURIS,COLLISION_DATE,COLLISION_TIME,OFFICER_ID,REPORTING_DISTRICT,DAY_OF_WEEK,CHP_SHIFT,POPULATION,CNTY_CITY_LOC,SPECIAL_COND,BEAT_TYPE,CHP_BEAT_TYPE,CITY_DIVISION_LAPD,CHP_BEAT_CLASS,BEAT_NUMBER,PRIMARY_RD,SECONDARY_RD,DISTANCE,DIRECTION,INTERSECTION,WEATHER_1,WEATHER_2,STATE_HWY_IND,CALTRANS_COUNTY,CALTRANS_DISTRICT,STATE_ROUTE,ROUTE_SUFFIX,POSTMILE_PREFIX,POSTMILE,LOCATION_TYPE,RAMP_INTERSECTION,SIDE_OF_HWY,TOW_AWAY,COLLISION_SEVERITY,NUMBER_KILLED,NUMBER_INJURED,PARTY_COUNT,PRIMARY_COLL_FACTOR,PCF_CODE_OF_VIOL,PCF_VIOL_CATEGORY,PCF_VIOLATION,PCF_VIOL_SUBSECTION,HIT_AND_RUN,TYPE_OF_COLLISION,MVIW,PED_ACTION,ROAD_SURFACE,ROAD_COND_1,ROAD_COND_2,LIGHTING,CONTROL_DEVICE,CHP_ROAD_TYPE,PEDESTRIAN_ACCIDENT,BICYCLE_ACCIDENT,MOTORCYCLE_ACCIDENT,TRUCK_ACCIDENT,NOT_PRIVATE_PROPERTY,ALCOHOL_INVOLVED,STWD_VEHTYPE_AT_FAULT,CHP_VEHTYPE_AT_FAULT,COUNT_SEVERE_INJ,COUNT_VISIBLE_INJ,COUNT_COMPLAINT_PAIN,COUNT_PED_KILLED,COUNT_PED_INJURED,COUNT_BICYCLIST_KILLED,COUNT_BICYCLIST_INJURED,COUNT_MC_KILLED,COUNT_MC_INJURED,PRIMARY_RAMP,SECONDARY_RAMP,LATITUDE,LONGITUDE,COUNTY,CITY,POINT_X,POINT_Y
90849842,2018,2018-10-31,9565,2018-10-24,0825,017713,,3,1,9,1900,0,3,5,,2,004,"104TH ST.","PRAIRIE AVE.",540.00,W,N,A,-,Y,,,,,,,,,,N,3,0,1,3,A,-,08,22107,,F,G,B,E,A,H,-,A,D,0,Y,,,,Y,,A,01,0,1,0,0,1,0,0,0,0,"- ","- ",33.941810607910156,-118.34584045410156,"LOS ANGELES",UNINCORPORATED,-118.34571838378906,33.941806793212891
90849903,2018,2018-10-31,9535,2018-10-25,0730,016175,,4,1,5,1901,0,1,1,,2,421,"I-10 W/B TO NEW AVE. S/B","NEW AVE",5.00,W,N,B,-,Y,,,10,,,,R,,W,N,3,0,1,2,A,-,11,21950,B,N,G,B,B,A,H,-,A,A,0,Y,,,,Y,,N,60,0,1,0,0,1,0,0,0,0,"- ","- ",34.073158264160156,-118.10833740234375,"LOS ANGELES",ALHAMBRA,-118.10833740234375,34.073158264160156
90850173,2018,2018-10-31,9535,2018-10-29,1615,020943,,1,2,9,1900,0,1,1,,2,420,"I-10 E/B TO EASTERN AVE.","EASTERN AVE.",10.00,W,N,B,-,Y,,,10,,,,R,,E,N,4,0,1,2,A,-,10,21950,A,N,G,B,B,A,H,-,A,A,0,Y,,,,Y,,A,01,0,0,1,0,1,0,0,0,0,"- ","- ",34.059429168701172,-118.17304229736328,"LOS ANGELES",UNINCORPORATED,-118.17304229736328,34.059429168701172
90855441,2018,2018-11-07,9525,2018-10-28,0200,022009,,7,3,5,1906,0,1,1,,2,104,"I-10 E/B (SAN BERNARDINO FWY)","BALDWIN PARK BLVD",528.00,W,N,A,-,Y,,,10,,,,,,E,N,4,0,1,2,A,-,08,22107,,F,G,B,E,A,H,-,C,D,0,Y,,,,Y,,A,01,0,0,1,0,1,0,0,0,0,"- ","- ",34.066940307617188,-117.98464965820312,"LOS ANGELES","BALDWIN PARK",-117.98467254638672,34.067085266113281
90856446,2018,2018-11-08,9580,2018-10-29,1130,021491,,1,1,7,1942,0,1,1,,2,407,"I-405 S/B TO NORDHOFF ST.","NORDHOFF ST",3.00,N,N,A,-,Y,,,405,,,,R,,S,N,3,0,1,2,A,-,17,21208,A,N,G,B,A,A,H,-,A,A,0,,Y,,,Y,,L,04,0,1,0,0,0,0,1,0,0,"- ","- ",34.235591888427734,-118.47357940673828,"LOS ANGELES","LOS ANGELES",-118.47357940673828,34.235591888427734
90859420,2018,2019-01-16,9530,2018-06-23,0205,021642,,6,3,7,1941,0,1,1,,2,071,"INTERSTATE 710 N/B (LONG BEACH FREEWAY)","DEL AMO BLVD.",847.00,N,N,B,-,Y,,,710,,,,,,N,Y,1,1,3,3,A,-,11,21954,A,N,G,B,E,B,H,-,D,D,0,Y,,,,Y,Y,N,60,1,2,0,1,1,0,0,0,0,"- ","- ",33.848838806152344,-118.20526885986328,"LOS ANGELES","LONG BEACH",-118.20523834228516,33.848838806152344
9086031,2020,2020-11-20,1929,2020-04-09,1549,158,SOUTH,4,5,3,1929,0,0,0,,0,003,PCH,"16TH ST",0.00,,Y,C,-,Y,LA,7,1,-,-,21.461,I,5,S,N,3,0,1,2,A,-,12,21453,A,N,G,B,B,B,H,-,A,A,0,Y,,,,Y,,A,01,0,1,0,0,1,0,0,0,0,"- ","- ",33.866531372070312,-118.39356994628906,"LOS ANGELES","HERMOSA BEACH",-118.39360809326172,33.866550445556641
90862935,2018,2018-11-19,9565,2018-11-14,1620,020370,,3,2,9,1900,0,3,5,,2,004,"I-405 S/B TO LA CIENEGA BLVD.","IMPERIAL HWY.",500.00,N,N,A,-,Y,,,405,,,,R,,S,N,3,0,1,2,A,-,10,21950,A,N,D,B,B,A,H,-,A,A,0,Y,,,,Y,,A,01,0,1,0,0,1,0,0,0,0,"- ","- ",33.932849884033203,-118.36985015869141,"LOS ANGELES",UNINCORPORATED,-118.36985015869141,33.932849884033203
90863598,2018,2018-11-20,9590,2018-11-09,1820,021622,,5,2,7,1942,0,1,1,,2,061,"I-10 W/B (SMF) TO WESTERN AVENUE","WESTERN AVENUE",900.00,E,N,A,-,Y,,,10,,,,R,,W,N,2,0,1,2,A,-,08,22107,,F,G,B,E,A,H,-,C,D,0,Y,,,,Y,,-,99,1,0,0,0,1,0,0,0,0,"- ","- ",34.037509918212891,-118.30592346191406,"LOS ANGELES","LOS ANGELES",-118.30592346191406,34.037509918212891
90864566,2018,2018-11-21,9530,2018-11-08,2223,021108,,4,3,6,1972,0,1,1,,2,400,"I-405 S/B (SAN DIEGO FREEWAY)","HAWTHORNE BLVD.",42.00,S,N,A,-,Y,,,,,,,,,,N,2,0,1,2,A,-,11,21954,A,N,G,B,E,A,H,-,C,D,0,Y,,,Y,Y,Y,N,60,1,0,0,0,1,0,0,0,0,"- ","- ",33.884521484375,-118.35266876220703,"LOS ANGELES",TORRANCE,-118.35261535644531,33.884571075439453
90864931,2018,2018-11-21,9550,2018-11-05,0125,021943,,1,3,3,1964,0,1,1,,2,651,"INTERSTATE 605 N/B","FLORENCE AVENUE",325.00,N,N,A,-,Y,,,605,,,,,,N,Y,2,0,2,4,A,-,03,22350,,N,A,C,E,A,H,-,C,D,0,Y,,,,Y,,A,08,2,0,0,0,1,0,0,0,0,"- ","- ",33.938999176025391,-118.09760284423828,"LOS ANGELES","SANTA FE SPRINGS",-118.09764862060547,33.93902587890625
90864937,2018,2018-11-21,9550,2018-11-05,0126,021943,,1,3,3,1964,0,1,1,,2,651,"INTERSTATE 605 N/B","FLORENCE AVENUE",345.00,N,N,A,-,Y,,,605,,,,,,N,Y,2,0,1,3,A,-,03,22350,,N,D,C,E,A,H,-,C,D,0,Y,,,,Y,,D,22,1,0,0,0,1,0,0,0,0,"- ","- ",33.939201354980469,-118.09750366210938,"LOS ANGELES","SANTA FE SPRINGS",-118.09754943847656,33.939224243164062
90866453,2018,2018-11-26,9530,2018-11-10,1122,021004,,6,1,6,1972,0,1,1,,2,400,"I-405 S/B FROM NORMANDIE AVENUE","NORMANDIE AVE.",8.00,N,N,A,-,Y,,,,,,,,,,N,4,0,1,2,A,-,09,21804,A,N,D,G,A,A,H,-,A,D,0,,Y,,,Y,,L,04,0,0,1,0,0,0,1,0,0,"- ","- ",33.859359741210938,-118.29910278320312,"LOS ANGELES",TORRANCE,-118.29924011230469,33.859729766845703
90867117,2018,2018-11-26,9565,2018-11-13,1833,018804,,2,2,7,1942,0,1,1,,2,060,"I-405 N/B TO LA TIJERA BLVD.","LA TIJERA BLVD.",290.00,S,N,A,-,Y,,,405,,,,R,,N,N,2,0,1,3,A,-,03,22350,,N,C,C,E,A,H,-,D,D,0,Y,,,,Y,,A,01,1,0,0,0,1,0,0,0,0,"- ","- ",33.971588134765625,-118.37677001953125,"LOS ANGELES","LOS ANGELES",-118.37677001953125,33.971588134765625
90867730,2018,2018-11-27,9575,2018-11-15,1145,021302,,4,1,7,1942,0,1,1,,2,053,"I-5 N/B (GOLDEN STATE FREEWAY)","OSBORNE ST",1.00,S,N,A,-,Y,,,,,,,,,,N,4,0,1,2,A,-,10,21950,A,N,A,B,B,A,H,-,A,A,0,Y,,,,Y,,J,48,0,0,1,0,1,0,0,0,0,"- ","- ",34.245380401611328,-118.42134094238281,"LOS ANGELES","LOS ANGELES",-118.42227935791016,34.244838714599609
90870157,2017,2019-01-24,9565,2017-12-11,2345,021576,,1,3,7,1942,0,1,1,,2,063,"I-405 N/B (SAN DIEGO FWY.)","SANTA MONICA BLVD.",0.00,,N,A,-,Y,,,405,,,,,,N,Y,2,0,2,4,A,-,01,23152,A,N,C,C,E,A,H,-,D,D,0,Y,,,,Y,Y,A,01,1,1,0,0,1,0,0,0,0,"- ","- ",34.04542,-118.44504999999999,"LOS ANGELES","LOS ANGELES",-118.44513489000001,34.045346850000001
90870388,2018,2018-11-29,9525,2018-11-19,0602,020544,,1,1,1,1934,0,1,1,,2,652,"I-605 N/B (SAN GABRIEL RIVER FWY)","LOWER AZUSA RD.",2112.00,S,N,A,-,Y,,,605,,,,,,N,N,2,0,1,2,A,-,03,22350,,F,G,B,D,A,H,-,C,D,0,Y,,,,Y,,-,99,1,0,0,0,1,0,0,0,0,"- ","- ",34.083400726318359,-117.99720001220703,"LOS ANGELES",IRWINDALE,-117.9970703125,34.083358764648438
90873293,2018,2018-12-03,9530,2018-11-19,0420,021273,,1,3,7,1942,0,1,1,,2,110,"I-110 S/B FROM ROSECRANS AVENUE","ROSECRANS AVE.",6.00,S,N,A,-,Y,,,110,,,,R,,S,N,3,0,1,2,A,-,09,21804,A,F,H,G,A,A,H,-,C,A,0,,Y,,,Y,,L,04,0,1,0,0,0,0,1,0,0,"- ","- ",33.901748657226562,-118.28717041015625,"LOS ANGELES","LOS ANGELES",-118.28717041015625,33.901748657226562
9087361,2020,2020-10-13,1972,2020-02-04,1825,21879,,2,5,6,1972,0,0,0,,0,,"WESTERN AV","W 206TH ST",0.00,,Y,A,-,Y,LA,7,213,-,-,8.852,I,5,S,N,3,0,1,2,A,-,11,21954,A,N,G,B,D,A,H,-,C,D,0,Y,,,,Y,Y,N,,0,1,0,0,1,0,0,0,0,"- ","- ",,,"LOS ANGELES",TORRANCE,-118.309326171875,33.843925476074219
90873769,2018,2018-12-03,9590,2018-11-20,1655,021124,,2,2,7,1942,0,1,1,,2,061,"I-10 W/B (SMF) TO ARLINGTON AVE.","ARLINGTON AVENUE (2100 S. BLOCK)",14.00,E,N,A,-,Y,,,10,,,,R,,W,N,3,0,1,2,A,-,03,22350,,N,G,B,B,A,H,-,C,A,0,Y,,,,Y,,A,01,0,1,0,0,1,0,0,0,0,"- ","- ",34.0377197265625,-118.308837890625,"LOS ANGELES","LOS ANGELES",-118.308837890625,34.0377197265625
90873866,2018,2018-12-03,9590,2018-11-20,1735,022127,,2,2,7,1942,0,1,2,,2,070,"US-101 N/B (HOLLYWOOD FREEWAY)","GLENDALE BLVD.",1.00,S,N,A,-,Y,,,101,,,,,,N,N,2,0,1,2,A,-,11,21954,A,N,G,B,E,A,H,-,C,D,0,Y,,,,Y,,N,60,1,0,0,0,1,0,0,0,0,"- ","- ",34.069728851318359,-118.26114654541016,"LOS ANGELES","LOS ANGELES",-118.26113891601562,34.06976318359375
90875701,2018,2018-12-05,9575,2018-11-29,0025,020950,,4,3,9,1900,0,1,3,,2,090,"SR-2 W/B (GLENDALE FREEWAY)","COLORADO BLVD.",240.00,E,N,B,C,Y,,,,,,,,,,Y,2,0,1,4,A,-,03,22350,,N,B,C,E,B,H,-,C,D,0,Y,,,,Y,Y,A,01,1,0,0,0,1,0,0,0,0,"- ","- ",34.143581390380859,-118.22721862792969,"LOS ANGELES",UNINCORPORATED,-118.22737121582031,34.143409729003906
9087630,2020,2020-11-06,1942,2020-03-28,1905,34426,0211,6,5,7,1942,0,0,0,B,0,2A1,"VERMONT AV","CLINTON ST",405.00,S,N,A,-,Y,LA,7,101,-,-,4.291,R,1,N,N,3,0,1,2,A,-,10,21950,A,N,G,B,B,A,H,-,C,A,0,Y,,,,Y,,A,07,0,1,0,0,1,0,0,0,0,"- ","- ",,,"LOS ANGELES","LOS ANGELES",-118.29019165039062,34.079441070556641
90877178,2018,2018-12-06,9575,2018-11-30,2053,020702,,5,2,7,1942,0,1,1,,2,053,"I-5 N/B TO SR-118 E/B","LAUREL CANYON BLVD.",250.00,W,N,A,-,Y,,,5,,,,R,,N,N,4,0,1,2,A,-,11,21954,A,N,B,B,E,A,H,-,C,D,0,Y,,,,Y,,N,60,0,0,1,0,1,0,0,0,0,"- ","- ",34.265510559082031,-118.44077301025391,"LOS ANGELES","LOS ANGELES",-118.44077301025391,34.265510559082031
90878154,2018,2018-12-07,9535,2018-04-22,0258,021119,,7,3,4,1907,0,1,1,,2,073,"INTERSTATE 710 SOUTHBOUND","SLAUSON AVENUE",97.00,S,N,A,-,Y,,,710,,,,,,S,Y,1,1,0,2,A,-,11,21954,A,N,G,B,E,A,H,-,D,D,0,Y,,,,Y,,N,60,0,0,0,1,0,0,0,0,0,"- ","- ",33.985698699951172,-118.16929626464844,"LOS ANGELES",BELL,-118.1693115234375,33.985694885253906
90880234,2018,2018-12-11,9565,2018-11-28,0025,021694,,3,3,5,1928,0,1,1,,2,012,"I-105 E/B","WILTON PL",336.00,W,N,A,-,Y,,,105,,,,,,E,Y,2,0,2,3,A,-,01,23152,A,N,C,C,E,A,H,-,D,D,0,Y,,,,Y,Y,A,07,2,0,0,0,1,0,0,0,0,"- ","- ",33.925289154052734,-118.31426239013672,"LOS ANGELES",HAWTHORNE,-118.31426239013672,33.925247192382812
90882158,2018,2018-12-13,9590,2018-12-03,0011,021906,,1,3,7,1942,0,1,1,,2,051,"I-110 S/B (HARBOR FREEWAY)","83RD STREET",400.00,N,N,A,-,Y,,,110,,,,,,S,N,4,0,1,3,A,-,03,22350,,N,C,C,E,A,H,-,C,D,0,Y,,,,Y,,A,07,0,0,1,0,1,0,0,0,0,"- ","- ",33.965358734130859,-118.28108978271484,"LOS ANGELES","LOS ANGELES",-118.28093719482422,33.965358734130859
90883081,2018,2018-12-14,9550,2018-11-24,0410,021986,,6,3,6,1920,0,1,1,,2,500,"I-5 S/B","FLORENCE AVENUE",120.00,N,N,A,-,Y,,,5,,,,,,S,N,2,0,1,2,A,-,11,21950,B,F,G,B,E,A,H,-,C,D,0,Y,,,,Y,,N,60,1,0,0,0,1,0,0,0,0,"- ","- ",33.936748504638672,-118.09385681152344,"LOS ANGELES",DOWNEY,-118.09381103515625,33.936782836914062
90883085,2018,2018-12-14,9550,2018-11-24,0411,021986,,6,3,6,1920,0,1,1,,2,500,"I-5 S/B","FLORENCE AVENUE",125.00,N,N,A,-,Y,,,5,,,,,,S,N,2,0,1,2,A,-,03,22350,,N,E,B,E,A,H,-,D,D,0,Y,,,Y,Y,,G,25,1,0,0,0,1,0,0,0,0,"- ","- ",33.936748504638672,-118.09385681152344,"LOS ANGELES",DOWNEY,-118.09381103515625,33.936782836914062
90883262,2018,2018-12-14,9580,2018-12-05,0345,018718,,3,3,7,1942,0,1,2,,2,100,"US-101 N/B (VENTURA FREEWAY)","TUJUNGA AVE.",745.00,N,N,B,C,Y,,,101,,,,,,N,N,2,0,1,1,A,-,17,21200,,N,F,A,A,B,H,-,D,D,0,,Y,,,Y,Y,L,04,1,0,0,0,0,0,1,0,0,"- ","- ",34.154731750488281,-118.38033294677734,"LOS ANGELES","LOS ANGELES",-118.38032531738281,34.154590606689453
90883578,2017,2018-12-14,9580,2017-06-28,0231,021187,,3,3,7,1942,0,1,1,,2,404,"I-405 N/B (SAN DIEGO FWY)","VICTORY BLVD",1350.00,N,N,A,-,Y,,,405,,,,,,N,Y,1,1,3,5,C,-,18,,,N,D,C,E,A,H,-,C,D,0,Y,,,,Y,,-,"- ",2,0,1,1,2,0,0,0,0,"- ","- ",34.189880000000002,-118.47413,"LOS ANGELES","LOS ANGELES",-118.47411996,34.189880160000001
90886924,2018,2018-12-20,9580,2018-12-17,2328,020791,,1,3,7,1942,0,1,1,,2,407,"I-405 S/B TO ROSCOE BLVD.","ROSCOE BLVD",5.00,N,N,B,-,Y,,,405,,,,R,,S,N,3,0,1,2,A,-,11,21453,D,N,G,B,B,A,H,-,C,A,0,Y,,,Y,Y,,N,60,0,1,0,0,1,0,0,0,0,"- ","- ",34.221519470214844,-118.47377777099609,"LOS ANGELES","LOS ANGELES",-118.47377777099609,34.221519470214844
90887939,2018,2018-12-21,9535,2018-12-13,1541,022142,,4,2,5,1901,0,1,1,,2,421,"I-10 W/B FROM NEW AVENUE S/B","NEW AVE",32.00,W,N,A,-,Y,,,10,,,,R,,W,N,3,0,1,2,A,-,10,21950,A,N,G,B,C,A,H,-,A,D,0,Y,,,,Y,,A,08,0,1,0,0,1,0,0,0,0,"- ","- ",34.073440551757812,-118.10842895507812,"LOS ANGELES",ALHAMBRA,-118.10842895507812,34.073440551757812
90890512,2018,2018-12-26,9530,2018-12-15,1907,022030,,6,2,9,1900,0,3,5,,2,001,"COMPTON AVENUE 7023 BLOCK","70TH ST.",44.80,S,N,A,-,Y,,,,,,,,,,N,2,0,1,2,A,-,11,21950,B,N,G,B,E,A,H,-,E,D,0,Y,,,,Y,,N,60,1,0,0,0,1,0,0,0,0,"- ","- ",33.976200103759766,-118.24759674072266,"LOS ANGELES",UNINCORPORATED,-118.24768829345703,33.976577758789062
90893600,2018,2018-12-28,9580,2018-03-09,0608,021554,,5,1,7,1942,0,1,2,,2,101,"US-101 S/B (VENTURA FREEWAY)","RADFORD AVENUE",92.00,S,N,A,-,Y,,,101,,,,,,S,Y,1,1,0,2,A,-,11,21954,A,N,G,B,E,A,H,-,B,D,0,Y,,,,Y,Y,N,60,0,0,0,1,0,0,0,0,0,"- ","- ",34.154411315917969,-118.39166259765625,"LOS ANGELES","LOS ANGELES",-118.39166259765625,34.154354095458984
90895551,2018,2019-01-02,9565,2018-12-19,0535,020209,,3,3,9,1900,0,2,4,,2,021,"I-105 W/B FROM VERMONT AVE","VERMONT AVE",10.00,W,N,A,-,Y,,,105,,,,R,,W,N,4,0,1,3,A,-,10,21950,A,F,G,B,B,A,H,-,A,D,0,Y,,,,Y,,A,01,0,0,1,0,1,0,0,0,0,"- ","- ",33.929298400878906,-118.29208374023438,"LOS ANGELES",UNINCORPORATED,-118.29208374023438,33.929298400878906
90896230,2018,2019-01-02,9565,2018-12-20,1900,021473,,4,2,4,1918,0,1,1,,2,061,"I-405 N/B TO SR-90 WB","JEFFERSON BLVD",100.00,S,N,A,-,Y,,,405,,,,R,,N,N,3,0,1,2,A,-,17,21461,,N,G,B,E,A,H,-,C,D,0,Y,,,,Y,Y,N,60,0,1,0,0,1,0,0,0,0,"- ","- ",33.987819671630859,-118.39791107177734,"LOS ANGELES","CULVER CITY",-118.39791107177734,33.987819671630859
90896712,2018,2019-01-03,9530,2018-12-23,0330,021191,,7,3,9,1900,0,1,3,,2,310,"SR-91 E/B (ARTESIA FREEWAY)","MAIN ST.",200.00,W,N,E,-,Y,,,,,,,,,,N,2,0,1,2,A,-,08,22107,,F,B,B,E,B,H,-,D,D,0,Y,,,,Y,,-,99,1,0,0,0,1,0,0,0,0,"- ","- ",33.872531890869141,-118.27683258056641,"LOS ANGELES",UNINCORPORATED,-118.27614593505859,33.872592926025391
90898714,2018,2019-01-11,9575,2018-12-27,1610,016603,,4,2,7,1942,0,1,1,,2,052,"I-5 N/B (GOLDEN STATE FREEWAY)","SHELDON STREET",364.00,S,N,A,-,Y,,,5,,,,,,N,Y,2,0,3,3,A,-,11,21954,A,N,G,B,E,A,H,-,A,D,0,Y,,,,Y,,N,60,1,0,2,0,1,0,0,0,0,"- ","- ",34.231319427490234,-118.40184020996094,"LOS ANGELES","LOS ANGELES",-118.40184020996094,34.231338500976562
9090387,2020,2020-11-04,1976,2020-01-08,1500,516,,3,5,5,1976,0,0,0,,0,,"WHITTIER BL","VIRGINIA AV",168.00,W,N,-,-,Y,LA,7,72,-,-,0.800,H,-,S,N,4,0,1,2,A,-,09,21804,A,N,H,G,A,A,H,-,A,D,0,,Y,,,Y,,A,01,0,0,1,0,0,0,1,0,0,"- ","- ",,,"LOS ANGELES",WHITTIER,-117.98961639404297,33.942863464355469
9090395,2020,2020-11-04,1942,2020-03-19,1940,44214,0514,4,5,7,1942,0,0,0,E,0,5A12,"BAYVIEW AV","PACIFIC COAST HWY",0.00,,Y,B,-,Y,LA,7,1,-,-,10.963,I,5,N,N,4,0,1,2,A,-,05,21650,1,F,D,G,A,A,H,-,C,A,0,,Y,,,Y,,L,04,0,0,1,0,0,0,1,0,0,"- ","- ",,,"LOS ANGELES","LOS ANGELES",-118.27081298828125,33.790824890136719
90904997,2018,2019-01-15,9530,2018-11-30,0510,021004,,5,3,7,1941,0,1,1,,2,071,"I-710 S/B TO SR-91 E/B","ARTESIA BLVD.",629.00,N,N,B,-,Y,,,710,,,,R,,S,Y,2,0,1,5,A,-,03,22350,,F,C,C,E,B,H,-,C,D,0,Y,,,,Y,,D,22,1,0,0,0,1,0,0,0,0,"- ","- ",33.876171112060547,-118.19277191162109,"LOS ANGELES","LONG BEACH",-118.19277191162109,33.876171112060547
90905051,2019,2019-01-15,9580,2019-01-06,1130,020334,,7,1,7,1942,0,1,3,,2,170,"SR-170 N/B TO SHERMAN WAY W/B","SR-170 N/B (HOLLYWOOD FWY.)",50.00,E,N,A,-,Y,,,170,,,,R,,N,N,4,0,1,2,A,-,10,21950,A,N,D,G,A,A,H,-,D,D,0,,Y,,,Y,,A,01,0,0,1,0,0,0,1,0,0,"- ","- ",34.221828460693359,-118.40923309326172,"LOS ANGELES","LOS ANGELES",-118.40923309326172,34.221828460693359
9090752,2020,2020-10-13,1942,2020-02-28,0620,38876,1651,5,5,7,1942,0,0,0,P,0,19A79,"OSBORNE ST","RT 5",9.00,E,N,A,-,Y,LA,7,5,-,-,37.281,R,1,N,N,3,0,1,2,A,-,09,21804,A,N,D,G,A,A,H,-,C,A,0,,Y,,,Y,,A,01,0,1,0,0,0,0,1,0,0,"- ",NF,,,"LOS ANGELES","LOS ANGELES",-118.42072296142578,34.24322509765625
90909737,2019,2019-01-23,9530,2019-01-13,0727,021994,,7,1,5,1943,0,1,1,,2,210,"I-105 E/B (GLENN ANDERSON FWY)","SCHOOL STREET",60.00,E,N,A,-,Y,,,105,,,,,,E,Y,3,0,3,5,A,-,03,22350,,N,C,C,E,A,H,-,A,D,0,Y,,,,Y,,A,01,0,1,2,0,2,0,0,0,0,"- ","- ",33.922939300537109,-118.20614624023438,"LOS ANGELES",LYNWOOD,-118.20610809326172,33.923027038574219
90913452,2018,2019-01-28,9530,2018-12-07,0434,021108,,5,3,7,1941,0,1,3,,2,320,"SR-91 W/B TO I-710 N/B","I-710 N/B (LONG BEACH FREEWAY)",500.00,E,N,A,-,Y,,,91,,,,R,,W,N,2,0,1,2,A,-,08,22107,,F,G,B,E,A,H,-,C,D,0,Y,,,,Y,,-,99,1,0,0,0,1,0,0,0,0,"- ","- ",33.877521514892578,-118.19074249267578,"LOS ANGELES","LONG BEACH",-118.19074249267578,33.877521514892578
90915048,2019,2019-01-29,9580,2019-01-28,0735,020400,,1,1,7,1942,0,1,3,,2,115,"SR-118 W/B TO SEPULVEDA BLVD","SEPULVEDA BLVD",5.00,E,N,A,-,Y,,,118,,,,R,,W,N,4,0,1,2,A,-,05,21202,A,N,D,G,A,A,H,-,A,D,0,,Y,,,Y,,L,04,0,0,1,0,0,0,1,0,0,"- ","- ",34.266349792480469,-118.46710205078125,"LOS ANGELES","LOS ANGELES",-118.46710205078125,34.266349792480469
90915284,2019,2019-04-16,9530,2019-01-18,1750,022122,,5,2,7,1942,0,1,1,,2,200,"I-105 E/B FROM CENTRAL AVENUE","CENTRAL AVE.",8.00,E,N,A,-,Y,,,105,,,,R,,E,N,2,0,1,2,A,-,12,21453,A,N,D,G,A,A,H,-,C,A,0,,Y,,,Y,,L,04,1,0,0,0,0,0,1,0,0,"- ","- ",33.927631378173828,-118.25414276123047,"LOS ANGELES","LOS ANGELES",-118.25414276123047,33.927631378173828
90915615,2019,2019-01-30,9535,2019-01-18,0550,015506,,5,3,9,1900,0,1,1,,2,650,"I-605 N/B (SAN GABRIEL RIVER FREEWAY)","W/B SR-60",1800.00,N,N,A,-,Y,,,605,,,,,,N,N,4,0,1,3,A,-,08,22107,,M,B,E,E,A,H,-,C,D,0,Y,,,Y,Y,Y,D,22,0,0,1,0,1,0,0,0,0,"- ","- ",34.040618896484375,-118.01537322998047,"LOS ANGELES",UNINCORPORATED,-118.01539611816406,34.040699005126953
90917112,2019,2019-02-01,9530,2019-01-23,0030,020714,,3,3,5,1977,0,1,3,,2,310,"SR-91 E/B (ARTESIA FREEWAY)","AVALON BLVD.",500.00,W,N,A,-,Y,,,91,,,,,,E,N,2,0,1,2,A,-,11,21954,A,N,G,B,E,A,H,-,C,D,0,Y,,,,Y,,N,60,1,0,0,0,1,0,0,0,0,"- ","- ",33.872810363769531,-118.26825714111328,"LOS ANGELES",CARSON,-118.26826477050781,33.872848510742188
90920125,2019,2019-02-06,9550,2019-01-28,1630,022180,,1,2,9,1900,0,2,4,,1,021,"WALNUT STREET","NORWALK BOULEVARD",5.00,W,N,A,-,Y,,,,,,,,,,N,3,0,1,2,A,-,05,21650,,F,D,G,A,A,H,-,C,A,0,,Y,,,Y,,L,04,0,1,0,0,0,0,1,0,0,"- ","- ",33.962108612060547,-118.07061004638672,"LOS ANGELES",UNINCORPORATED,-118.07064819335938,33.962070465087891