CASE_ID,ACCIDENT_YEAR,PROC_DATE,JURIS,COLLISION_DATE,COLLISION_TIME,OFFICER_ID,REPORTING_DISTRICT,DAY_OF_WEEK,CHP_SHIFT,POPULATION,CNTY_CITY_LOC,SPECIAL_COND,BEAT_TYPE,CHP_BEAT_TYPE,CITY_DIVISION_LAPD,CHP_BEAT_CLASS,BEAT_NUMBER,PRIMARY_RD,SECONDARY_RD,DISTANCE,DIRECTION,INTERSECTION,WEATHER_1,WEATHER_2,STATE_HWY_IND,CALTRANS_COUNTY,CALTRANS_DISTRICT,STATE_ROUTE,ROUTE_SUFFIX,POSTMILE_PREFIX,POSTMILE,LOCATION_TYPE,RAMP_INTERSECTION,SIDE_OF_HWY,TOW_AWAY,COLLISION_SEVERITY,NUMBER_KILLED,NUMBER_INJURED,PARTY_COUNT,PRIMARY_COLL_FACTOR,PCF_CODE_OF_VIOL,PCF_VIOL_CATEGORY,PCF_VIOLATION,PCF_VIOL_SUBSECTION,HIT_AND_RUN,TYPE_OF_COLLISION,MVIW,PED_ACTION,ROAD_SURFACE,ROAD_COND_1,ROAD_COND_2,LIGHTING,CONTROL_DEVICE,CHP_ROAD_TYPE,PEDESTRIAN_ACCIDENT,BICYCLE_ACCIDENT,MOTORCYCLE_ACCIDENT,TRUCK_ACCIDENT,NOT_PRIVATE_PROPERTY,ALCOHOL_INVOLVED,STWD_VEHTYPE_AT_FAULT,CHP_VEHTYPE_AT_FAULT,COUNT_SEVERE_INJ,COUNT_VISIBLE_INJ,COUNT_COMPLAINT_PAIN,COUNT_PED_KILLED,COUNT_PED_INJURED,COUNT_BICYCLIST_KILLED,COUNT_BICYCLIST_INJURED,COUNT_MC_KILLED,COUNT_MC_INJURED,PRIMARY_RAMP,SECONDARY_RAMP,LATITUDE,LONGITUDE,COUNTY,CITY,POINT_X,POINT_Y
91132770,2019,2019-12-02,9580,2019-11-17,0107,021963,,7,3,7,1942,0,1,3,,2,117,"SR-118 W/B (RONALD REAGAN FWY.)","TAMPA AVE",1056.00,E,N,A,-,Y,,,118,,,,,,W,N,2,0,1,2,C,-,18,,,N,G,B,E,A,H,-,C,D,0,Y,,,,Y,Y,-,"- ",1,0,0,0,1,0,0,0,0,"- ","- ",34.272968292236328,-118.55101776123047,"LOS ANGELES","LOS ANGELES",-118.55104827880859,34.273059844970703
91132992,2019,2019-12-02,9530,2019-11-21,0620,022438,,4,1,7,1942,0,3,5,,2,001,"FIRESTONE BLVD. (1700 BLOCK)","GRAHAM AVE.",14.00,W,N,A,-,Y,,,,,,,,,,N,4,0,1,2,A,-,10,21950,A,N,G,B,B,A,H,-,A,A,0,Y,,,,Y,,A,01,0,0,1,0,1,0,0,0,0,"- ","- ",33.960300445556641,-118.24310302734375,"LOS ANGELES","LOS ANGELES",-118.24314880371094,33.960151672363281
91133306,2019,2019-12-02,9550,2019-11-21,0128,020014,,4,3,7,1941,0,1,1,,2,653,"INTERSTATE 605 (SAN GABRIEL RIVER FREEW","SPRING STREET",300.00,N,N,B,-,Y,,,605,,,,,,,N,3,0,1,1,A,-,08,22107,,N,E,I,A,A,H,-,A,D,0,,Y,,,Y,,L,04,0,1,0,0,0,0,1,0,0,"- ","- ",33.814529418945312,-118.08112335205078,"LOS ANGELES","LONG BEACH",-118.08132171630859,33.814529418945312
91135190,2019,2019-12-04,9545,2019-11-29,0715,018058,,5,1,6,1950,0,1,3,,2,021,"SR-14 N/B ANTELOPE VALLEY FREEWAY","AVENUE O-8",158.00,N,N,A,-,Y,,,14,,,,,,N,Y,3,0,3,3,A,-,08,22107,,N,E,I,E,C,H,-,A,D,0,Y,,,,Y,,A,01,0,1,2,0,2,0,0,0,0,"- ","- ",34.609798431396484,-118.15228271484375,"LOS ANGELES",PALMDALE,-118.15215301513672,34.609874725341797
91137530,2019,2019-12-06,9535,2019-11-26,1710,021551,,2,2,9,1900,0,2,4,,2,024,"WHITTIER BLVD.","DITMAN AVE.",0.00,,Y,A,-,Y,,,,,,,,,,N,3,0,1,2,A,-,10,21950,A,N,B,B,B,A,H,-,C,A,0,Y,,,,Y,,D,22,0,1,0,0,1,0,0,0,0,"- ","- ",34.023941040039062,-118.18948364257812,"LOS ANGELES",UNINCORPORATED,-118.18927764892578,34.023921966552734
91138408,2019,2019-12-10,9530,2019-11-22,0730,022438,,5,1,7,1942,0,3,5,,2,001,"83RD ST. (1300 BLOCK)","COMPTON AVE.",6.00,W,N,A,-,Y,,,,,,,,,,N,4,0,1,2,A,-,09,21804,A,N,H,G,A,A,H,-,A,A,0,,Y,,,Y,,L,04,0,0,1,0,0,0,1,0,0,"- ","- ",33.963298797607422,-118.24770355224609,"LOS ANGELES","LOS ANGELES",-118.24771118164062,33.963291168212891
91139643,2019,2019-12-10,9525,2019-11-30,0840,020216,,6,1,6,1955,0,1,3,,2,571,"SR-57 S/B (ORANGE FWY)","TEMPLE AVE.",1056.00,N,N,B,-,Y,,,57,,,,,,S,N,3,0,1,2,C,-,18,,,N,E,J,E,A,C,-,A,D,0,Y,,,,Y,,-,"- ",0,1,0,0,1,0,0,0,0,"- ","- ",34.047401428222656,-117.80119323730469,"LOS ANGELES",POMONA,-117.80111694335938,34.04742431640625
91140731,2019,2019-12-11,9530,2019-11-29,1150,020938,,5,1,7,1941,0,1,3,,2,320,"SR-91 E/B TO LONG BEACH BLVD","LONG BEACH BLVD.",400.00,W,N,A,-,Y,,,91,,,,R,,E,Y,3,0,1,3,A,-,03,22350,,N,C,C,E,A,H,-,A,D,0,Y,,,,Y,,D,22,0,1,0,0,1,0,0,0,0,"- ","- ",33.871730804443359,-118.20342254638672,"LOS ANGELES","LONG BEACH",-118.20342254638672,33.871730804443359
91142235,2019,2019-12-12,9565,2019-06-01,2353,021905,,6,3,7,1942,0,1,1,,2,062,"I-405 S/B","PALMS BOULEVARD",50.00,N,N,A,-,Y,,,405,,,,,,S,Y,1,1,2,5,A,-,01,23152,A,N,C,C,E,A,H,-,D,D,0,Y,,,,Y,Y,D,22,1,0,1,1,1,0,0,0,0,"- ","- ",34.018260955810547,-118.42362213134766,"LOS ANGELES","LOS ANGELES",-118.42348480224609,34.018367767333984
91142442,2019,2020-01-16,9525,2019-12-11,1100,016679,,3,1,9,1900,0,3,5,,2,002,"GRAND AVE. (#4900 BLOCK)","CIENEGA AVE",385.00,S,N,A,-,Y,,,,,,,,,,N,3,0,1,2,C,-,18,,,N,B,G,A,A,H,-,A,D,0,,Y,,,Y,,-,"- ",0,1,0,0,0,0,1,0,0,"- ","- ",34.101608276367188,-117.87241363525391,"LOS ANGELES",UNINCORPORATED,-117.87267303466797,34.102005004882812
91143127,2019,2019-12-13,9535,2019-11-28,0602,022336,,4,1,5,1943,0,1,1,,2,105,"I-105 (CENTURY FREEWAY) W/B",I-710,90.00,E,N,B,C,Y,,,105,,,,,,W,Y,3,0,2,3,A,-,03,22350,,N,C,C,E,B,H,-,C,D,0,Y,,,,Y,,A,01,0,1,1,0,1,0,0,0,0,"- ","- ",33.913101196289062,-118.1802978515625,"LOS ANGELES",LYNWOOD,-118.18028259277344,33.913139343261719
91143621,2019,2019-12-16,9575,2019-11-16,0330,021925,,6,3,6,1912,0,1,1,,2,051,"I-5 N/B (GOLDEN STATE FREEWAY)","ALAMEDA AVENUE",500.00,S,N,A,-,Y,,,5,,,,,,N,N,4,0,1,2,A,-,08,22107,,F,G,B,F,A,D,-,C,D,0,Y,,,,Y,,-,99,0,0,1,0,1,0,0,0,0,"- ","- ",34.169361114501953,-118.30278778076172,"LOS ANGELES",BURBANK,-118.30281829833984,34.169315338134766
91145888,2019,2019-12-18,9535,2019-06-15,2330,022017,,6,3,5,1969,0,1,1,,2,074,"I-710 N/B FROM IMPERIAL HIGHWAY W/B","IMPERIAL HIGHWAY",6.00,N,N,A,-,Y,,,710,,,,R,,N,N,1,1,0,2,A,-,03,22350,,F,D,G,A,A,H,-,C,D,0,,Y,,Y,Y,,F,55,0,0,0,0,0,1,0,0,0,"- ","- ",33.934329986572266,-118.17691040039062,"LOS ANGELES","SOUTH GATE",-118.17691040039062,33.934329986572266
91146030,2019,2019-12-18,9590,2019-12-07,0010,021883,,6,3,7,1942,0,1,1,,2,060,"I-10 E/B (SMF) FROM WASHINGTON BL.","WASHINGTON BL.",5.00,E,N,B,C,Y,,,10,,,,R,,E,N,3,0,1,2,A,-,10,21950,A,N,G,B,C,B,H,-,D,D,0,Y,,,,Y,,A,07,0,1,0,0,1,0,0,0,0,"- ","- ",34.034721374511719,-118.36875915527344,"LOS ANGELES","LOS ANGELES",-118.36875915527344,34.034721374511719
91146270,2019,2019-12-18,9580,2019-12-07,2111,022064,,6,2,7,1942,0,1,1,,2,407,"I-405 S/B FROM HASKELL AVE.","HASKELL AVE.",22.00,E,N,A,-,Y,,,405,,,,R,,S,N,4,0,1,2,A,-,11,21954,A,N,G,B,E,A,H,-,C,D,0,Y,,,,Y,,N,60,0,0,1,0,1,0,0,0,0,"- ","- ",34.202621459960938,-118.47470855712891,"LOS ANGELES","LOS ANGELES",-118.47470855712891,34.202621459960938
9114671,2020,2020-11-14,1953,2020-06-15,1340,0706,PASAD,1,5,6,1953,0,0,0,,0,001,"HOLLY ST","ORANGE GROVE BL",0.00,,Y,A,-,Y,LA,7,134,-,R,13.188,R,-,E,N,3,0,1,2,A,-,08,22107,,N,G,B,B,A,A,-,A,A,0,Y,,,,Y,,A,07,0,1,0,0,1,0,0,0,0,"- ","- ",,,"LOS ANGELES",PASADENA,-118.15428924560547,34.150230407714844
91149163,2019,2019-12-20,9535,2019-08-05,0329,021906,,1,3,5,1901,0,1,1,,2,420,"INTERSTATE 10 (SAN BERNARDINO FWY) E/B","FREMONT AVENUE",31.00,E,N,A,-,Y,,,10,,,,,,E,N,1,1,0,2,A,-,11,21954,A,N,G,B,E,A,H,-,C,D,0,Y,,,,Y,,N,60,0,0,0,1,0,0,0,0,0,"- ","- ",34.068641662597656,-118.15041351318359,"LOS ANGELES",ALHAMBRA,-118.150390625,34.068611145019531
91149441,2019,2020-06-19,9535,2019-10-13,0221,022256,,7,3,5,1969,0,1,1,,2,075,"I-710 (LONG BEACH FREEWAY) S/B","LOS ANGELES RIVER",760.00,N,N,A,-,Y,,,710,,,,,,S,Y,2,0,5,5,A,-,03,22350,,N,C,C,E,A,H,-,D,D,0,Y,,,,Y,,D,22,1,1,3,0,2,0,0,0,0,"- ","- ",33.9381103515625,-118.17275238037109,"LOS ANGELES","SOUTH GATE",-118.17265319824219,33.938034057617188
91149669,2019,2019-12-23,9575,2019-12-14,1755,021302,,6,2,7,1942,0,1,1,,2,052,"NB I-5 FROM SUNLAND BLVD","SUNLAND BLVD",1.00,N,N,A,-,Y,,,5,,,,R,,,N,3,0,1,2,A,-,10,21950,A,N,G,B,B,A,H,-,C,A,0,Y,,,,Y,,A,01,0,1,0,0,1,0,0,0,0,"- ","- ",34.222461700439453,-118.36647796630859,"LOS ANGELES","LOS ANGELES",-118.36647796630859,34.222461700439453
91150115,2019,2019-12-23,9525,2019-12-14,0153,021443,,6,3,6,1955,0,1,3,,2,072,"SR-71 N/B TO SR-57 N/B","I-10 W/B (SAN BERNARDINO FWY)",100.00,N,N,A,-,Y,,,71,,,,R,,N,Y,3,0,2,3,A,-,01,23152,A,F,C,C,E,A,H,-,C,D,0,Y,,,,Y,Y,A,01,0,2,0,0,1,0,0,0,0,"- ","- ",34.067348480224609,-117.80422973632812,"LOS ANGELES",POMONA,-117.80422973632812,34.067348480224609
91150871,2019,2019-12-23,9575,2019-09-08,2002,021302,,7,2,6,1912,0,1,1,,2,051,"I-5 S/B TO BURBANK BOULEVARD","BURBANK BLVD",547.00,N,N,A,-,Y,,,5,,,,R,,S,Y,1,1,0,2,A,-,11,21954,A,N,G,B,D,A,H,-,D,D,0,Y,,,,Y,,N,60,0,0,0,1,0,0,0,0,0,"- ","- ",34.18634033203125,-118.32054901123047,"LOS ANGELES",BURBANK,-118.32054901123047,34.18634033203125
91151270,2019,2019-12-24,9575,2019-12-06,2055,016536,,5,2,5,1902,0,1,1,,2,065,"I-210 W/B (FOOTHILL FREEWAY)","1ST AVE.",100.00,W,N,B,-,Y,,,210,,,,,,W,Y,3,0,2,5,A,-,03,22350,,N,C,C,E,A,H,-,D,D,0,Y,,,,Y,,A,07,0,1,1,0,2,0,0,0,0,"- ","- ",34.147071838378906,-118.02928924560547,"LOS ANGELES",ARCADIA,-118.02928924560547,34.147071838378906
91153936,2019,2019-12-27,9530,2019-12-17,1740,021875,,2,2,7,1942,0,1,1,,2,200,"I-105 W/B (GLENN ANDERSON FWY)","AVALON BLVD.",100.00,E,N,A,-,Y,,,105,,,,,,W,N,4,0,1,3,A,-,08,22107,,N,B,E,E,A,H,-,D,D,0,Y,,,,Y,,A,01,0,0,1,0,1,0,0,0,0,"- ","- ",33.927700042724609,-118.26470184326172,"LOS ANGELES","LOS ANGELES",-118.26470184326172,33.927650451660156
91154547,2019,2020-04-03,9525,2019-12-14,0542,018761,,6,3,9,1900,0,2,4,,2,022,"ARROW HIGHWAY E/B (20500 BLOCK)","BONNIE COVE AVENUE",656.00,E,N,B,C,Y,,,,,,,,,,Y,2,0,2,5,A,-,08,22107,,F,C,C,E,B,H,-,C,D,0,Y,,,,Y,,A,01,1,0,1,0,2,0,0,0,0,"- ","- ",34.106571197509766,-117.85282135009766,"LOS ANGELES",UNINCORPORATED,-117.85292816162109,34.106739044189453
91157555,2019,2020-01-02,9590,2019-08-27,2100,022136,,2,2,7,1942,0,1,2,,2,073,"US-101 S/B (HOLLYWOOD FREEWAY)","SANTA MONICA BLVD.",2.00,S,N,A,-,Y,,,101,,,,,,S,N,1,1,0,2,A,-,11,21954,A,F,G,B,E,A,H,-,C,D,0,Y,,,,Y,,N,60,0,0,0,1,0,0,0,0,0,"- ","- ",34.090671539306641,-118.30660247802734,"LOS ANGELES","LOS ANGELES",-118.30654144287109,34.090705871582031
91158156,2019,2020-01-02,9580,2019-08-25,0019,021458,,7,3,7,1942,0,1,2,,2,105,"US-101 S/B (VENTURA FREEWAY)","DEL VALLE ST PED O/C",966.00,N,N,A,-,Y,,,101,,,,,,S,Y,1,1,0,2,A,-,11,21954,A,N,G,B,D,A,H,-,D,D,0,Y,,,,Y,Y,N,60,0,0,0,1,0,0,0,0,0,"- ","- ",34.162220001220703,-118.62979888916016,"LOS ANGELES","LOS ANGELES",-118.62978363037109,34.162174224853516
91159899,2019,2020-04-28,9590,2019-11-01,0120,021122,,5,3,7,1942,0,1,2,,2,072,"US-101 N/B (HOLLYWOOD FREEWAY)","BRONSON AVENUE",441.00,N,N,A,G,Y,,,101,,,,,,N,N,1,1,0,2,A,-,11,21954,A,N,G,B,E,A,H,-,C,D,0,Y,,,,Y,,N,60,0,0,0,1,0,0,0,0,0,"- ","- ",34.104030609130859,-118.31944274902344,"LOS ANGELES","LOS ANGELES",-118.3194580078125,34.103981018066406
91160514,2019,2020-01-07,9530,2019-11-28,1643,020349,,4,2,7,1941,0,1,1,,2,430,"I-405 N/B (SAN DIEGO FREEWAY)","STUDEBAKER RD.",500.00,N,N,C,-,Y,,,405,,,,,,N,Y,2,0,1,2,A,-,11,21954,A,N,G,B,E,B,H,-,A,D,0,Y,,,,Y,,N,60,1,0,0,0,1,0,0,0,0,"- ","- ",33.825370788574219,-118.22065734863281,"LOS ANGELES","LONG BEACH",-118.22065734863281,33.825332641601562
91162421,2019,2020-01-09,9590,2019-07-13,2029,022041,,6,2,7,1942,0,1,2,,2,072,"US-101 N/B (HOLLYWOOD FREEWAY)","ODIN STREET",494.00,N,N,A,-,Y,,,101,,,,,,N,Y,1,1,0,2,A,-,11,21954,A,N,G,B,E,A,H,-,B,D,0,Y,,,,Y,,N,60,0,0,0,1,0,0,0,0,0,"- ","- ",34.111568450927734,-118.33529663085938,"LOS ANGELES","LOS ANGELES",-118.33522033691406,34.111614227294922
91162631,2019,2020-01-09,9550,2019-12-30,0400,022208,,1,3,5,1919,0,1,3,,2,091,"SR-91 WB FROM PIONEER BLVD","PIONEER BLVD",600.00,W,N,A,-,Y,,,,,,,,,,N,2,0,1,2,A,-,11,21954,A,N,G,B,E,A,H,-,D,D,0,Y,,,,Y,,N,60,1,0,0,0,1,0,0,0,0,"- ","- ",33.876808166503906,-118.08464813232422,"LOS ANGELES",CERRITOS,-118.08437347412109,33.876537322998047
91166380,2020,2020-01-15,9525,2020-01-07,1804,021080,,2,2,4,1946,0,1,1,,2,202,"I-210 E/B FROM HUNTINGTON DR.","HUNTINGTON DR.",6.00,E,N,A,-,Y,,,210,,,,R,,E,N,3,0,1,2,A,-,05,21650,,N,G,G,A,A,H,-,C,D,0,,Y,,,Y,,L,04,0,1,0,0,0,0,1,0,0,"- ","- ",34.140090942382812,-118.01711273193359,"LOS ANGELES",MONROVIA,-118.01711273193359,34.140090942382812
91167614,2020,2020-01-17,9565,2020-01-08,0600,022145,,3,1,7,1942,0,1,1,,2,010,"I-105 W/B (GLENN ANDERSON FREEWAY)","NASH ST",500.00,E,N,A,-,Y,,,105,,,,,,W,N,4,0,1,2,A,-,08,22107,,F,G,B,E,A,H,-,C,D,0,Y,,,,Y,,A,07,0,0,1,0,1,0,0,0,0,"- ","- ",33.931308746337891,-118.3857421875,"LOS ANGELES","LOS ANGELES",-118.38573455810547,33.931236267089844
91171167,2020,2020-01-23,9590,2020-01-12,2148,021883,,7,2,7,1942,0,1,1,,2,052,"I-110 N/B (HARBOR FREEWAY)","3RD ST",200.00,S,N,A,-,Y,,,110,,,,,,N,N,2,0,1,2,A,-,11,21954,A,N,G,B,D,A,H,-,C,D,0,Y,,,,Y,,N,60,1,0,0,0,1,0,0,0,0,"- ","- ",34.055698394775391,-118.25630950927734,"LOS ANGELES","LOS ANGELES",-118.25630950927734,34.055698394775391
91171377,2019,2020-01-23,9590,2019-08-24,0241,022102,,6,3,7,1942,0,1,1,,2,501,"I-110 S/B (HARBOR FREEWAY) HOT LANES","37TH STREET",92.00,N,N,A,-,Y,,,110,,,,,,S,Y,3,0,1,2,A,-,11,21954,A,N,G,B,E,A,H,-,C,D,0,Y,,,,Y,Y,N,60,0,1,0,0,1,0,0,0,0,"- ","- ",34.018169403076172,-118.28014373779297,"LOS ANGELES","LOS ANGELES",-118.28005218505859,34.018123626708984
91171394,2019,2020-09-11,9590,2019-08-24,0242,022102,,6,3,7,1942,0,1,1,,2,501,"I-110 S/B (HARBOR FREEWAY) HOT LANES","37TH ST.",98.50,N,N,A,-,Y,,,110,,,,,,S,Y,1,1,0,2,C,-,18,,,F,G,B,E,A,H,-,C,D,0,Y,,,,Y,,-,"- ",0,0,0,1,0,0,0,0,0,"- ","- ",34.017829895019531,-118.2802734375,"LOS ANGELES","LOS ANGELES",-118.28020477294922,34.017799377441406
91171420,2020,2020-01-23,9535,2020-01-14,0750,022085,,2,1,9,1900,0,1,3,,2,601,"SR-60 (POMONA FREEWAY) W/B","MARIANNA AVE. POC",370.00,W,N,A,-,Y,,,60,,,,,,W,N,4,0,1,4,A,-,07,21658,A,N,B,C,E,A,H,-,A,D,0,Y,,,Y,Y,,A,01,0,0,1,0,1,0,0,0,0,"- ","- ",34.034759521484375,-118.17687225341797,"LOS ANGELES",UNINCORPORATED,-118.17686462402344,34.034698486328125
91173661,2020,2020-01-27,9575,2020-01-15,0610,015375,,3,1,7,1942,0,1,1,,2,053,"I-5 S/B FROM VAN NUYS BLVD.","VAN NUYS BLVD",5.00,S,N,A,-,Y,,,5,,,,R,,S,N,2,0,1,2,A,-,03,22350,,F,D,G,A,A,H,-,C,D,0,,Y,,,Y,,L,04,1,0,0,0,0,0,1,0,0,"- ","- ",34.256240844726562,-118.43536376953125,"LOS ANGELES","LOS ANGELES",-118.43536376953125,34.256240844726562
91174830,2020,2020-01-28,9525,2020-01-25,1145,020532,,6,1,9,1900,0,1,3,,1,024,"SR-39 (SAN GABRIEL CANYON RD.)","EAST FORK RD.",56496.00,N,N,A,-,Y,,,39,,,,,,,N,2,0,1,1,A,-,03,22350,,N,F,A,A,A,H,-,A,D,0,,Y,,,Y,,L,04,1,0,0,0,0,0,1,0,0,"- ","- ",34.302608489990234,-117.84635925292969,"LOS ANGELES",UNINCORPORATED,-117.84632110595703,34.302665710449219
91175196,2019,2020-02-03,9540,2019-02-02,0750,021118,,6,1,9,1900,0,1,1,,2,510,"I-5 N/B (GOLDEN STATE FWY)","TEMPLIN HWY",18480.00,N,N,B,C,Y,,,5,,,,,,N,Y,1,1,7,7,A,-,03,22350,,N,G,B,E,B,H,-,A,D,0,Y,,,,Y,,A,07,1,1,5,1,4,0,0,0,0,"- ","- ",34.610488891601562,-118.71195983886719,"LOS ANGELES",UNINCORPORATED,-118.71187591552734,34.610496520996094
91177994,2019,2020-01-31,9535,2019-10-05,0310,022172,,6,3,5,1901,0,1,1,,2,070,"I-710 (LONG BEACH FREEWAY) N/B","HELLMAN AVE",802.00,N,N,A,-,Y,,,710,,,,,,N,Y,1,1,1,2,A,-,11,21954,A,N,G,B,E,A,H,-,D,D,0,Y,,,,Y,,N,60,0,0,1,1,0,0,0,0,0,"- ","- ",34.071529388427734,-118.16107940673828,"LOS ANGELES",ALHAMBRA,-118.16111755371094,34.071544647216797
91179470,2019,2020-04-07,9530,2019-11-14,2025,021059,,4,2,7,1941,0,1,1,,2,420,"I-405 S/B TO ORANGE AVE","UTILITY OVERCROSSING",30.00,N,N,A,-,Y,,,405,,,,R,,S,N,2,0,1,2,A,-,11,21954,A,F,G,B,E,A,H,-,C,D,0,Y,,,,Y,,N,60,1,0,0,0,1,0,0,0,0,"- ","- ",33.814350128173828,-118.18303680419922,"LOS ANGELES","LONG BEACH",-118.18303680419922,33.814350128173828
91179577,2020,2020-02-04,9580,2020-02-01,1129,021852,,6,1,7,1942,0,1,2,,2,102,"US-101 N/B TO VAN NUYS BLVD","VAN NUYS BLVD",3.00,S,N,A,-,Y,,,101,,,,R,,N,N,3,0,1,2,A,-,21,22106,,N,G,B,B,A,H,-,A,A,0,Y,,,,Y,,A,07,0,1,0,0,1,0,0,0,0,"- ","- ",34.157428741455078,-118.44853973388672,"LOS ANGELES","LOS ANGELES",-118.44853973388672,34.157428741455078
91182804,2019,2020-02-10,9525,2019-04-26,0305,021748,,5,3,5,1906,0,1,1,,2,104,"I-10 E/B (SAN BERNARDINO FWY)","FRANCISQUITO AVENUE",90.00,W,N,A,-,Y,,,10,,,,,,E,Y,1,1,1,4,A,-,11,21954,A,N,B,C,E,A,H,-,D,D,0,Y,,,,Y,Y,N,60,0,0,1,1,0,0,0,0,0,"- ","- ",34.06842041015625,-117.97437286376953,"LOS ANGELES","BALDWIN PARK",-117.97437286376953,34.068428039550781
91183772,2020,2020-02-10,9590,2020-01-31,2029,022136,,5,2,7,1942,0,1,1,,2,053,"I-110 S/B (HARBOR FREEWAY)","3RD STREET",5.00,N,N,A,-,Y,,,110,,,,,,S,N,2,0,1,2,A,-,11,21954,A,N,G,B,E,A,H,-,C,D,0,Y,,,,Y,,N,60,1,0,0,0,1,0,0,0,0,"- ","- ",34.056400299072266,-118.25624084472656,"LOS ANGELES","LOS ANGELES",-118.25604248046875,34.056205749511719
91184726,2020,2020-02-11,9550,2020-01-25,1230,021742,,6,1,9,1900,0,2,4,,1,022,"TELEGRAPH ROAD","VICTORIA AVENUE",0.00,,Y,A,-,Y,,,,,,,,,,N,3,0,1,2,A,-,17,21451,A,N,D,G,A,A,H,-,A,A,0,,Y,,,Y,,A,08,0,1,0,0,0,0,1,0,0,"- ","- ",33.932899475097656,-118.03591156005859,"LOS ANGELES",UNINCORPORATED,-118.03604125976562,33.932949066162109
91184774,2019,2020-03-02,9530,2019-10-10,0635,020938,,4,1,5,1915,0,1,3,,2,310,"SR-91 E/B (ARTESIA FREEWAY)","WILMINGTON AVENUE",1293.00,E,N,A,-,Y,,,91,,,,,,E,Y,1,1,0,2,A,-,17,21461,A,N,C,G,A,A,H,-,B,D,0,,Y,,,Y,,L,04,0,0,0,0,0,1,0,0,0,"- ","- ",33.873680114746094,-118.23169708251953,"LOS ANGELES",COMPTON,-118.23170471191406,33.873741149902344
91184806,2020,2020-02-11,9580,2020-02-04,1635,020728,,2,2,7,1942,0,1,2,,2,104,"US-101 N/B TO VENTURA BLVD","VENTURA BLVD",2.00,S,N,A,-,Y,,,101,,,,R,,N,N,4,0,1,2,A,-,03,22350,,N,D,G,A,A,H,-,B,D,0,,Y,,,Y,,A,07,0,0,1,0,0,0,1,0,0,"- ","- ",34.169109344482422,-118.61325073242188,"LOS ANGELES","LOS ANGELES",-118.61325073242188,34.169109344482422
91186650,2019,2020-02-19,9530,2019-09-30,2325,021842,,1,3,9,1900,0,1,3,,2,310,"STATE ROUTE 91 EASTBOUND","ALAMEDA STREET",185.00,E,N,A,-,Y,,,91,,,,,,E,Y,1,1,1,2,A,-,11,21954,A,N,G,B,E,A,H,-,D,D,0,Y,,,,Y,,N,60,0,1,0,1,0,0,0,0,0,"- ","- ",33.873401641845703,-118.21649932861328,"LOS ANGELES",UNINCORPORATED,-118.21649932861328,33.873367309570312
91188962,2020,2020-04-29,9530,2020-02-07,1535,022132,,5,2,9,1900,0,3,5,,2,002,"SAN PEDRO ST. (12200 BLOCK)","122ND ST.",10.00,S,N,A,-,Y,,,,,,,,,,N,4,0,1,2,A,-,10,21950,A,N,G,B,B,A,H,-,A,A,0,Y,,,,Y,,A,07,0,0,1,0,1,0,0,0,0,"- ","- ",33.921199798583984,-118.26959991455078,"LOS ANGELES",UNINCORPORATED,-118.26959228515625,33.921260833740234
91188967,2020,2020-02-19,9550,2020-02-08,0605,022434,,6,1,9,1900,0,1,3,,2,600,"SR-60 E/B","WORKMAN MILL ROAD",675.00,E,N,A,-,Y,,,60,,,,,,E,Y,2,0,1,3,A,-,08,22107,,N,C,E,E,A,H,-,C,D,0,Y,,,Y,Y,,F,27,1,0,0,0,1,0,0,0,0,"- ","- ",34.031158447265625,-118.02146148681641,"LOS ANGELES",UNINCORPORATED,-118.02144622802734,34.031185150146484